Department,Salary,ActiveProjects,AvgMonthlyHours,YearsAtCompany,WorkAccidents,ReceivedPromotion,LastEvaluation,SatisfactionScore,Attrition
sales,low,2,157,3,False,False,0.53,0.38,True
sales,medium,5,262,6,False,False,0.86,0.8,True
sales,medium,7,272,4,False,False,0.88,0.11,True
sales,low,5,223,5,False,False,0.87,0.72,True
sales,low,2,159,3,False,False,0.52,0.37,True
sales,low,2,153,3,False,False,0.5,0.41,True
sales,low,6,247,4,False,False,0.77,0.1,True
sales,low,5,259,5,False,False,0.85,0.92,True
sales,low,5,224,5,False,False,1.0,0.89,True
sales,low,2,142,3,False,False,0.53,0.42,True
sales,low,2,135,3,False,False,0.54,0.45,True
sales,low,6,305,4,False,False,0.81,0.11,True
sales,low,4,234,5,False,False,0.92,0.84,True
sales,low,2,148,3,False,False,0.55,0.41,True
sales,low,2,137,3,False,False,0.56,0.36,True
sales,low,2,143,3,False,False,0.54,0.38,True
sales,low,2,160,3,False,False,0.47,0.45,True
sales,low,4,255,6,False,False,0.99,0.78,True
sales,low,2,160,3,True,True,0.51,0.45,True
sales,low,5,262,5,False,False,0.89,0.76,True
sales,low,6,282,4,False,False,0.83,0.11,True
sales,low,2,147,3,False,False,0.55,0.38,True
sales,low,6,304,4,False,False,0.95,0.09,True
sales,low,2,139,3,False,False,0.57,0.46,True
sales,low,2,158,3,False,False,0.53,0.4,True
sales,low,5,242,5,False,False,0.92,0.89,True
sales,low,4,239,5,False,False,0.87,0.82,True
sales,low,2,135,3,False,False,0.49,0.4,True
accounting,low,2,128,3,False,False,0.46,0.41,True
accounting,low,2,132,3,False,False,0.5,0.38,True
accounting,low,6,294,4,False,False,0.62,0.09,True
hr,low,2,134,3,False,False,0.57,0.45,True
hr,low,2,145,3,False,False,0.51,0.4,True
hr,low,2,140,3,False,False,0.55,0.45,True
hr,low,4,246,6,False,False,0.87,0.84,True
engineering,low,6,255,4,False,False,0.94,0.1,True
engineering,low,2,137,3,False,False,0.46,0.38,True
engineering,low,2,126,3,False,False,0.5,0.45,True
engineering,low,6,306,4,False,False,0.89,0.11,True
engineering,low,2,152,3,False,False,0.54,0.41,True
engineering,low,5,269,5,False,False,0.88,0.87,True
engineering,low,2,158,3,False,False,0.48,0.45,True
engineering,low,2,127,3,False,False,0.46,0.4,True
engineering,low,7,281,4,False,False,0.8,0.1,True
engineering,low,6,276,4,False,False,0.89,0.09,True
engineering,low,3,182,4,False,False,0.74,0.84,True
support,low,2,147,3,False,False,0.55,0.4,True
support,low,3,273,6,False,False,0.7,0.57,True
support,low,2,148,3,False,False,0.54,0.4,True
support,low,2,147,3,False,False,0.47,0.43,True
support,low,6,152,2,False,False,0.78,0.13,True
support,low,2,135,3,False,False,0.55,0.44,True
support,low,2,134,3,False,False,0.55,0.38,True
support,low,2,132,3,False,False,0.54,0.39,True
support,low,7,307,4,False,False,0.92,0.1,True
support,low,2,140,3,False,False,0.46,0.37,True
support,low,7,255,4,False,False,0.94,0.11,True
engineering,low,6,309,4,False,False,0.81,0.1,True
engineering,low,2,128,3,False,False,0.54,0.38,True
engineering,low,4,225,5,False,False,1.0,0.85,True
management,medium,5,226,5,False,False,0.91,0.85,True
IT,medium,7,308,4,False,False,0.93,0.11,True
IT,medium,6,244,5,False,False,0.95,0.1,True
IT,medium,2,132,3,False,False,0.56,0.36,True
IT,medium,6,286,4,False,False,0.94,0.11,True
IT,medium,6,161,4,False,False,0.7,0.81,True
product_management,medium,2,153,3,False,False,0.54,0.43,True
product_management,medium,4,264,6,False,False,0.98,0.9,True
product_management,medium,5,223,5,True,False,0.86,0.76,True
product_management,medium,2,135,3,False,False,0.5,0.43,True
IT,medium,2,277,3,False,False,0.99,0.74,True
product_management,medium,5,275,4,False,False,0.77,0.09,True
product_management,high,2,149,3,False,False,0.49,0.45,True
product_management,low,7,295,4,False,False,0.87,0.09,True
product_management,medium,6,277,4,False,False,0.97,0.11,True
product_management,medium,7,306,4,False,False,0.79,0.11,True
product_management,medium,6,295,4,False,False,0.83,0.1,True
marketing,medium,2,137,3,False,False,0.54,0.4,True
sales,low,2,157,3,False,False,0.56,0.43,True
accounting,low,2,142,3,False,False,0.56,0.39,True
support,low,2,140,3,False,False,0.54,0.45,True
engineering,low,2,151,3,False,False,0.49,0.38,True
management,low,4,139,3,False,True,0.59,0.79,True
marketing,low,4,249,6,False,False,0.85,0.84,True
marketing,low,6,291,4,False,False,0.77,0.11,True
marketing,low,6,305,4,False,False,0.87,0.11,True
sales,low,5,232,3,False,False,0.84,0.17,True
sales,low,2,132,3,False,False,0.45,0.44,True
sales,low,2,130,3,False,False,0.57,0.37,True
sales,low,6,291,4,False,False,0.79,0.1,True
sales,low,2,130,3,False,False,0.5,0.4,True
sales,low,5,246,5,False,False,1.0,0.89,True
sales,low,2,143,3,False,False,0.48,0.42,True
sales,low,2,129,3,False,False,0.55,0.46,True
sales,low,6,255,4,False,False,0.83,0.09,True
sales,low,2,155,3,False,False,0.51,0.37,True
sales,low,6,265,4,False,False,0.77,0.1,True
sales,low,6,279,4,False,False,0.84,0.1,True
sales,low,6,284,4,False,False,0.97,0.11,True
sales,medium,5,221,6,False,False,1.0,0.9,True
sales,medium,2,154,3,False,False,0.52,0.38,True
sales,medium,2,147,3,False,False,0.52,0.36,True
sales,medium,2,150,3,False,False,0.46,0.42,True
sales,medium,7,267,4,False,False,0.94,0.09,True
sales,medium,2,158,3,False,False,0.52,0.43,True
accounting,medium,7,224,5,False,False,0.46,0.24,True
accounting,medium,4,257,5,False,False,1.0,0.91,True
accounting,medium,2,148,3,False,False,0.5,0.44,True
hr,medium,3,177,4,False,False,0.87,0.71,True
hr,medium,2,155,3,False,False,0.49,0.4,True
hr,medium,2,144,3,False,False,0.47,0.43,True
hr,high,6,289,4,False,False,0.85,0.09,True
engineering,low,2,160,3,False,False,0.52,0.43,True
engineering,medium,4,258,5,False,False,0.96,0.9,True
engineering,medium,5,234,5,False,False,1.0,0.84,True
engineering,medium,2,137,3,False,False,0.48,0.37,True
engineering,medium,5,263,2,False,False,0.68,0.86,True
engineering,low,6,251,4,False,False,0.84,0.11,True
engineering,low,2,133,3,False,False,0.57,0.37,True
engineering,low,2,132,3,False,False,0.46,0.4,True
engineering,low,4,158,4,True,False,0.62,0.14,True
engineering,low,2,135,3,False,False,0.46,0.4,True
engineering,low,4,216,6,False,False,1.0,0.75,True
support,low,6,300,5,True,False,0.84,0.11,True
support,low,2,138,3,False,False,0.49,0.46,True
support,low,6,260,4,False,False,0.92,0.11,True
support,low,2,132,3,False,False,0.49,0.38,True
support,low,3,183,5,False,False,0.89,0.7,True
support,low,6,250,4,False,False,0.82,0.09,True
support,low,2,151,3,False,False,0.45,0.37,True
support,low,6,292,4,False,False,0.83,0.1,True
support,low,2,140,3,False,False,0.57,0.38,True
support,low,5,221,5,False,False,1.0,0.9,True
support,low,2,138,3,False,False,0.51,0.44,True
engineering,low,2,132,3,False,False,0.5,0.36,True
engineering,low,7,133,5,False,False,0.84,0.31,True
engineering,low,6,283,4,True,False,0.84,0.1,True
management,low,2,129,3,False,False,0.48,0.42,True
IT,low,4,249,5,False,False,1.0,0.74,True
IT,low,5,257,5,False,False,0.87,0.73,True
IT,low,6,245,4,False,False,0.96,0.09,True
IT,low,2,155,3,False,False,0.53,0.45,True
IT,low,6,256,4,False,False,0.8,0.11,True
product_management,low,2,152,3,False,False,0.47,0.37,True
product_management,low,4,267,5,False,False,0.99,0.84,True
product_management,low,2,151,3,False,False,0.46,0.41,True
product_management,low,4,239,5,False,False,0.92,0.76,True
IT,low,6,306,4,False,False,0.87,0.11,True
marketing,low,4,263,5,True,False,0.88,0.84,True
marketing,low,2,147,3,False,False,0.5,0.39,True
marketing,low,6,278,4,False,False,0.91,0.11,True
marketing,low,2,154,3,False,False,0.56,0.45,True
marketing,low,2,143,3,False,False,0.52,0.37,True
marketing,low,2,155,3,False,False,0.52,0.4,True
sales,low,2,160,3,False,False,0.48,0.39,True
accounting,low,6,304,4,False,False,0.8,0.11,True
support,low,5,240,5,False,False,1.0,0.83,True
engineering,low,6,305,4,False,False,0.92,0.11,True
management,low,2,136,3,False,False,0.5,0.39,True
marketing,low,2,132,3,False,False,0.45,0.45,True
marketing,low,7,301,4,False,False,0.95,0.1,True
marketing,low,5,243,6,False,False,0.98,0.9,True
sales,low,2,147,3,False,False,0.51,0.45,True
sales,low,5,239,5,False,False,0.89,0.79,True
sales,low,5,260,5,False,False,0.99,0.9,True
sales,low,7,296,4,False,False,0.84,0.11,True
sales,low,2,129,3,False,False,0.55,0.43,True
sales,low,5,132,5,False,False,0.54,0.31,True
sales,low,2,135,5,False,False,0.5,0.32,True
sales,low,2,158,3,False,False,0.57,0.45,True
sales,low,4,259,5,False,False,0.99,0.81,True
sales,low,2,160,3,False,True,0.46,0.41,True
sales,low,7,278,4,False,False,0.78,0.11,True
sales,low,6,284,4,False,False,0.88,0.1,True
sales,low,2,274,4,False,False,0.53,0.7,True
sales,low,4,164,2,False,False,0.74,0.54,True
sales,low,2,148,3,False,False,0.48,0.41,True
sales,medium,2,140,3,False,False,0.5,0.38,True
sales,medium,2,127,3,False,False,0.51,0.37,True
sales,medium,6,308,5,False,False,0.85,0.11,True
sales,medium,2,146,3,False,False,0.47,0.4,True
accounting,medium,6,261,4,False,False,0.84,0.1,True
accounting,medium,5,257,5,False,False,0.99,0.89,True
accounting,medium,6,285,4,False,False,0.8,0.11,True
hr,medium,2,141,3,False,False,0.55,0.36,True
hr,medium,2,127,3,False,False,0.46,0.4,True
hr,medium,6,297,4,False,False,0.85,0.09,True
hr,medium,2,143,3,False,False,0.46,0.4,True
engineering,medium,2,152,3,False,False,0.55,0.37,True
engineering,high,2,156,3,False,False,0.51,0.44,True
engineering,low,7,283,5,False,False,0.8,0.09,True
engineering,medium,4,226,6,True,False,0.87,0.92,True
engineering,medium,4,232,5,False,False,0.91,0.74,True
engineering,medium,6,249,4,False,False,0.82,0.09,True
engineering,medium,4,275,5,False,False,0.95,0.89,True
engineering,low,6,304,4,False,False,0.8,0.09,True
engineering,low,7,278,3,False,False,0.54,0.27,True
engineering,low,6,287,4,False,False,0.91,0.1,True
engineering,low,7,285,4,False,False,0.89,0.1,True
support,low,5,226,6,False,False,0.94,0.77,True
support,low,5,259,5,False,False,0.82,0.9,True
support,low,2,135,3,False,False,0.5,0.39,True
support,low,5,219,5,False,False,1.0,0.76,True
support,low,6,256,4,False,False,0.93,0.1,True
support,low,5,254,6,False,False,0.9,0.87,True
support,low,2,153,3,False,False,0.5,0.38,True
support,low,5,228,5,False,False,0.99,0.77,True
support,low,4,228,5,False,False,0.87,0.78,True
support,low,2,128,3,False,False,0.5,0.44,True
support,low,2,153,3,False,False,0.52,0.38,True
engineering,low,2,156,3,False,False,0.46,0.43,True
engineering,low,4,294,3,False,False,0.5,0.39,True
engineering,low,5,219,5,False,False,1.0,0.88,True
management,low,2,153,3,False,False,0.46,0.45,True
IT,low,2,151,3,False,False,0.53,0.4,True
IT,low,2,155,3,False,False,0.51,0.36,True
IT,low,2,158,3,False,False,0.48,0.36,True
IT,low,5,245,5,False,False,0.98,0.9,True
IT,low,2,131,3,False,False,0.53,0.43,True
product_management,low,5,225,5,False,False,0.87,0.89,True
product_management,low,6,286,4,False,False,0.84,0.1,True
product_management,low,2,135,3,False,False,0.5,0.37,True
product_management,low,2,153,3,False,False,0.51,0.37,True
IT,low,5,252,5,False,False,0.9,0.87,True
accounting,low,2,149,3,False,False,0.56,0.4,True
accounting,low,4,258,5,False,False,0.97,0.9,True
hr,low,2,158,3,False,False,0.46,0.37,True
hr,low,2,149,3,False,False,0.54,0.44,True
hr,low,5,236,5,False,False,0.95,0.85,True
marketing,low,5,239,6,False,False,0.98,0.78,True
marketing,low,2,159,3,False,False,0.47,0.42,True
sales,low,5,255,6,False,False,0.99,0.92,True
accounting,low,6,244,4,False,False,0.83,0.11,True
support,low,2,134,3,False,False,0.56,0.42,True
engineering,low,4,270,4,False,False,0.57,0.48,True
management,low,4,255,5,False,False,0.85,0.83,True
marketing,low,2,151,3,False,False,0.53,0.4,True
marketing,low,2,135,3,False,False,0.45,0.43,True
marketing,low,2,146,3,False,False,0.53,0.43,True
sales,low,7,254,4,False,False,0.97,0.1,True
sales,low,7,289,4,False,False,0.87,0.1,True
sales,low,2,156,3,False,False,0.46,0.37,True
sales,low,2,156,3,False,False,0.53,0.38,True
sales,low,2,128,3,False,False,0.5,0.4,True
sales,low,5,275,5,False,False,0.86,0.89,True
sales,low,2,155,3,False,False,0.46,0.45,True
sales,low,2,159,3,False,False,0.48,0.37,True
sales,low,2,148,3,False,False,0.49,0.46,True
sales,low,4,228,5,False,False,0.91,0.87,True
sales,low,6,298,4,False,False,0.84,0.11,True
sales,low,5,261,5,False,False,0.87,0.79,True
sales,low,5,254,6,False,False,0.92,0.79,True
sales,low,7,192,3,False,False,0.59,0.19,True
sales,low,4,248,5,False,False,0.98,0.87,True
sales,low,2,258,5,False,False,0.92,0.6,True
sales,medium,2,156,3,False,False,0.45,0.44,True
sales,medium,6,266,4,True,False,0.81,0.11,True
sales,medium,2,156,3,False,False,0.54,0.42,True
accounting,medium,5,232,5,True,False,0.88,0.88,True
accounting,medium,6,287,4,False,False,0.84,0.11,True
accounting,medium,2,154,3,False,False,0.46,0.46,True
hr,medium,5,263,5,False,False,0.97,0.82,True
hr,medium,2,131,3,False,False,0.56,0.44,True
hr,medium,6,260,4,False,False,0.78,0.11,True
hr,medium,2,139,3,False,False,0.5,0.42,True
engineering,medium,4,251,5,False,False,0.93,0.84,True
engineering,medium,6,286,4,False,False,0.95,0.11,True
engineering,high,2,129,3,False,False,0.53,0.45,True
engineering,low,2,156,3,False,False,0.56,0.38,True
engineering,medium,6,139,6,False,False,0.86,0.38,True
engineering,medium,2,127,3,False,False,0.51,0.44,True
engineering,medium,6,251,4,False,False,0.84,0.11,True
engineering,medium,5,270,5,False,False,0.93,0.81,True
engineering,low,6,296,4,False,False,0.96,0.09,True
engineering,low,6,254,4,False,False,0.9,0.11,True
engineering,low,5,238,6,False,False,0.95,0.81,True
support,low,6,267,4,True,False,0.97,0.1,True
support,low,5,229,6,False,False,0.89,0.74,True
support,low,6,254,4,False,False,0.78,0.09,True
support,low,4,233,4,True,False,0.81,0.82,True
support,low,6,268,4,False,False,0.98,0.1,True
support,low,3,301,3,False,False,0.56,0.27,True
support,low,5,267,6,False,False,0.92,0.83,True
support,low,6,289,4,True,False,0.93,0.1,True
support,low,2,144,3,False,False,0.47,0.38,True
support,low,2,148,3,False,False,0.56,0.4,True
support,low,6,306,4,False,False,0.83,0.11,True
engineering,low,6,292,4,False,True,0.79,0.11,True
engineering,low,5,232,5,False,False,0.91,0.82,True
engineering,low,2,137,3,False,False,0.48,0.36,True
management,low,2,128,3,False,False,0.46,0.4,True
IT,low,5,231,5,False,False,0.84,0.87,True
IT,low,2,146,3,False,False,0.49,0.41,True
IT,low,6,308,4,True,False,0.91,0.11,True
IT,medium,6,253,4,False,False,0.93,0.1,True
IT,medium,2,146,3,False,False,0.51,0.38,True
product_management,medium,2,156,3,False,False,0.55,0.39,True
product_management,medium,2,147,3,False,False,0.52,0.4,True
product_management,medium,2,136,3,False,False,0.48,0.45,True
product_management,medium,5,249,5,False,False,0.84,0.74,True
IT,medium,2,151,3,False,False,0.55,0.45,True
r&d,medium,3,278,4,False,False,1.0,0.12,True
r&d,medium,7,250,5,False,False,0.77,0.1,True
r&d,medium,2,127,3,False,False,0.55,0.37,True
r&d,medium,5,255,5,False,False,0.87,0.89,True
r&d,medium,2,135,3,False,False,0.47,0.45,True
marketing,high,2,149,3,False,False,0.46,0.37,True
sales,low,5,287,4,False,False,0.81,0.11,True
accounting,medium,2,145,3,False,False,0.48,0.41,True
support,medium,6,285,4,False,False,0.94,0.1,True
engineering,medium,7,305,4,False,False,0.93,0.1,True
management,medium,7,300,4,False,False,0.95,0.11,True
marketing,low,2,139,3,False,False,0.54,0.4,True
marketing,low,2,130,3,False,False,0.49,0.41,True
marketing,low,6,268,4,False,False,0.81,0.1,True
sales,low,4,245,6,False,False,0.86,0.73,True
sales,low,2,135,3,False,False,0.47,0.43,True
sales,low,2,153,3,False,False,0.46,0.37,True
sales,low,6,276,4,False,False,0.94,0.11,True
sales,low,2,130,3,False,False,0.46,0.4,True
sales,low,2,153,3,True,False,0.54,0.41,True
sales,low,5,244,5,False,False,0.84,0.82,True
sales,low,2,253,3,False,False,0.47,0.61,True
sales,low,7,287,4,False,False,0.91,0.11,True
sales,low,2,131,3,False,False,0.45,0.37,True
sales,low,2,135,3,False,False,0.52,0.41,True
sales,low,2,157,3,False,False,0.52,0.37,True
sales,low,5,262,6,False,False,0.99,0.88,True
sales,low,6,266,4,False,False,0.85,0.1,True
sales,low,2,148,3,False,False,0.48,0.44,True
sales,low,2,140,3,False,False,0.57,0.38,True
sales,low,7,302,4,False,False,0.85,0.11,True
sales,low,6,271,4,False,False,0.98,0.09,True
sales,medium,2,145,3,False,False,0.52,0.45,True
accounting,medium,6,290,4,False,False,0.81,0.1,True
accounting,medium,2,151,3,False,False,0.47,0.45,True
accounting,medium,5,266,5,False,False,0.87,0.77,True
hr,medium,2,140,3,False,False,0.51,0.44,True
hr,medium,2,142,3,False,False,0.5,0.39,True
hr,medium,6,246,4,False,False,0.91,0.1,True
hr,medium,7,308,5,False,False,0.89,0.09,True
engineering,medium,2,141,3,False,False,0.47,0.37,True
engineering,medium,5,232,5,False,False,1.0,0.9,True
engineering,medium,2,143,3,False,False,0.56,0.41,True
engineering,medium,2,155,3,False,False,0.52,0.37,True
engineering,high,6,278,4,False,False,0.86,0.1,True
engineering,low,4,253,5,False,False,1.0,0.81,True
engineering,medium,6,282,4,False,False,0.8,0.11,True
engineering,medium,7,264,4,False,False,0.84,0.11,True
engineering,medium,2,149,3,False,False,0.46,0.4,True
engineering,medium,6,304,5,False,False,0.8,0.09,True
engineering,low,3,219,6,False,False,0.93,0.48,True
support,low,4,262,6,False,False,0.91,0.91,True
support,low,2,135,3,False,False,0.57,0.43,True
support,low,6,219,5,False,False,0.88,0.33,True
support,low,2,136,3,False,False,0.57,0.41,True
support,low,2,154,3,False,False,0.55,0.41,True
support,low,2,149,3,False,False,0.54,0.37,True
support,low,6,135,5,False,False,0.62,0.31,True
support,low,6,275,4,False,False,0.91,0.09,True
support,low,6,290,4,False,False,0.87,0.1,True
support,low,4,263,5,False,False,0.9,0.76,True
support,low,2,145,3,False,False,0.54,0.41,True
engineering,low,5,267,5,False,False,0.96,0.72,True
engineering,low,2,141,3,True,False,0.5,0.4,True
engineering,low,4,235,5,False,False,0.87,0.91,True
management,low,6,258,4,False,False,0.83,0.1,True
IT,low,2,131,3,False,False,0.56,0.4,True
IT,low,5,243,5,False,False,0.86,0.82,True
IT,low,6,266,4,False,False,0.82,0.1,True
IT,low,2,142,3,False,False,0.45,0.37,True
IT,low,2,135,3,False,False,0.51,0.36,True
product_management,medium,2,141,3,False,False,0.48,0.39,True
product_management,medium,2,142,3,False,False,0.57,0.36,True
product_management,medium,5,254,5,False,False,0.84,0.86,True
product_management,medium,5,262,5,False,False,0.99,0.73,True
IT,medium,4,296,2,False,False,0.71,0.56,True
accounting,medium,2,158,3,False,False,0.56,0.44,True
accounting,medium,4,238,2,False,False,0.56,0.31,True
hr,medium,4,231,5,False,False,0.93,0.77,True
hr,medium,2,156,3,False,False,0.45,0.44,True
hr,medium,2,145,3,False,False,0.46,0.38,True
marketing,medium,2,144,3,False,False,0.48,0.45,True
sales,medium,2,159,3,False,False,0.51,0.38,True
accounting,high,2,156,3,False,False,0.48,0.36,True
support,low,5,256,5,False,False,0.9,0.75,True
engineering,medium,6,298,4,False,False,0.93,0.1,True
management,medium,6,247,4,False,False,0.97,0.1,True
marketing,medium,2,157,3,False,False,0.5,0.45,True
marketing,medium,2,154,3,True,False,0.57,0.42,True
marketing,low,4,253,5,False,False,1.0,0.78,True
sales,low,2,148,3,False,False,0.55,0.45,True
sales,low,4,261,5,False,False,1.0,0.84,True
sales,low,6,282,4,False,False,0.93,0.11,True
sales,low,2,133,3,False,False,0.56,0.42,True
sales,low,2,128,3,False,False,0.46,0.45,True
sales,low,2,139,3,False,False,0.57,0.46,True
sales,low,6,293,5,False,False,0.79,0.09,True
sales,low,4,265,6,False,False,0.83,0.87,True
sales,low,6,250,4,False,False,0.87,0.1,True
sales,low,5,251,6,False,False,1.0,0.91,True
sales,low,4,246,5,False,False,0.92,0.76,True
sales,low,5,275,5,False,False,1.0,0.74,True
sales,low,5,240,5,False,False,0.93,0.92,True
sales,low,5,245,5,False,False,0.87,0.76,True
sales,low,4,254,4,False,False,0.5,0.47,True
sales,low,5,241,5,False,False,0.99,0.73,True
sales,low,6,257,4,False,False,0.94,0.09,True
sales,low,4,246,5,False,False,0.92,0.91,True
sales,low,4,233,5,False,False,0.98,0.82,True
accounting,low,6,218,4,False,False,0.45,0.28,True
accounting,medium,4,262,6,False,False,0.99,0.84,True
accounting,medium,2,138,3,False,False,0.53,0.45,True
hr,medium,2,142,3,False,False,0.54,0.45,True
hr,medium,5,233,5,False,False,0.97,0.91,True
hr,medium,2,155,3,False,False,0.48,0.42,True
hr,medium,4,229,6,False,False,1.0,0.82,True
engineering,medium,6,264,4,False,False,0.9,0.11,True
engineering,medium,3,199,4,False,False,0.53,0.42,True
engineering,medium,4,223,5,False,False,0.85,0.82,True
engineering,medium,6,268,4,False,False,0.96,0.09,True
engineering,medium,6,287,4,False,False,0.94,0.1,True
engineering,medium,5,257,5,False,False,1.0,0.86,True
engineering,high,2,143,3,False,False,0.46,0.4,True
engineering,low,2,130,3,False,False,0.46,0.45,True
engineering,medium,2,136,3,False,False,0.51,0.42,True
engineering,medium,4,261,5,False,False,0.92,0.74,True
engineering,medium,3,180,4,False,False,0.6,0.55,True
support,medium,2,126,3,False,False,0.45,0.37,True
support,low,2,127,3,True,False,0.52,0.41,True
support,low,5,195,6,False,False,0.65,0.89,True
support,low,2,160,3,False,False,0.57,0.41,True
support,low,2,150,3,False,False,0.51,0.44,True
support,low,4,264,6,False,False,0.84,0.87,True
support,low,6,309,4,False,False,0.84,0.1,True
support,low,2,135,3,False,False,0.47,0.41,True
support,low,6,261,4,False,False,0.85,0.11,True
support,low,2,160,3,False,False,0.53,0.43,True
support,low,4,237,5,False,False,0.9,0.77,True
engineering,low,2,136,3,False,False,0.52,0.41,True
engineering,low,2,139,3,False,False,0.48,0.41,True
engineering,low,2,151,4,False,False,0.78,0.36,True
management,low,5,229,5,False,False,1.0,0.77,True
IT,low,5,245,5,False,False,0.98,0.81,True
IT,low,2,127,3,False,False,0.54,0.39,True
IT,low,6,283,5,False,False,0.94,0.09,True
IT,low,2,143,3,False,False,0.46,0.44,True
IT,low,5,298,4,False,False,0.84,0.1,True
product_management,low,2,159,3,False,False,0.48,0.36,True
product_management,low,5,239,5,False,False,0.92,0.81,True
product_management,medium,4,226,5,False,False,0.9,0.81,True
product_management,medium,5,248,5,False,False,0.98,0.85,True
IT,medium,6,286,4,False,False,0.87,0.1,True
r&d,medium,2,145,3,False,False,0.54,0.37,True
r&d,medium,7,254,4,True,False,0.97,0.09,True
r&d,medium,2,127,3,False,False,0.53,0.44,True
r&d,medium,5,223,5,False,False,0.93,0.86,True
r&d,medium,4,255,5,False,False,1.0,0.77,True
marketing,medium,2,136,3,False,False,0.48,0.41,True
sales,medium,2,137,3,False,False,0.48,0.4,True
accounting,medium,2,135,3,False,False,0.49,0.43,True
support,medium,2,137,3,False,False,0.5,0.43,True
engineering,high,3,255,5,False,False,0.53,0.8,True
management,low,4,273,5,False,False,0.85,0.8,True
marketing,medium,5,234,5,False,False,0.98,0.82,True
marketing,medium,2,152,3,False,False,0.54,0.37,True
marketing,medium,2,134,3,False,False,0.48,0.37,True
sales,medium,6,292,4,False,False,0.95,0.09,True
sales,low,5,245,5,False,False,0.92,0.9,True
sales,low,2,159,3,False,False,0.52,0.41,True
sales,low,6,260,4,False,False,0.85,0.1,True
sales,low,2,149,3,False,False,0.53,0.44,True
sales,low,5,266,5,False,False,0.85,0.89,True
sales,low,2,149,3,False,False,0.56,0.42,True
sales,low,5,242,5,False,False,1.0,0.87,True
sales,low,2,134,3,False,False,0.57,0.45,True
sales,low,5,271,4,False,False,0.87,0.11,True
sales,low,6,275,4,False,False,0.79,0.09,True
sales,low,5,227,5,False,False,0.83,0.76,True
sales,low,7,277,5,False,False,0.96,0.11,True
sales,low,2,151,3,False,False,0.49,0.37,True
sales,low,6,274,4,False,False,0.79,0.1,True
sales,low,4,242,6,False,False,0.87,0.77,True
sales,low,2,143,3,True,False,0.54,0.42,True
sales,low,2,145,3,False,False,0.52,0.38,True
sales,low,5,172,2,False,False,0.95,0.32,True
accounting,low,2,135,3,False,False,0.49,0.38,True
accounting,low,4,192,4,False,False,1.0,0.19,True
accounting,low,7,276,4,False,False,0.83,0.1,True
hr,medium,4,206,4,False,False,0.88,0.76,True
hr,medium,4,281,6,False,False,0.56,0.53,True
hr,medium,2,151,3,False,False,0.51,0.39,True
hr,medium,6,244,4,False,False,0.83,0.11,True
engineering,medium,6,309,4,False,False,0.94,0.1,True
engineering,medium,5,218,5,False,False,1.0,0.84,True
engineering,medium,4,263,6,False,False,0.99,0.82,True
engineering,medium,6,244,4,False,False,0.82,0.1,True
engineering,medium,7,263,4,False,False,0.49,0.59,True
engineering,medium,2,143,3,False,False,0.48,0.44,True
engineering,medium,2,181,5,False,False,0.95,0.89,True
engineering,medium,5,265,5,False,False,0.84,0.91,True
engineering,high,5,161,5,False,False,0.57,0.66,True
engineering,low,7,282,5,False,False,0.87,0.11,True
engineering,medium,2,155,3,False,False,0.51,0.43,True
support,medium,4,217,6,False,False,0.83,0.78,True
support,medium,6,289,5,False,False,0.97,0.11,True
support,medium,4,259,5,False,False,0.98,0.83,True
support,low,2,158,3,False,False,0.54,0.39,True
support,low,2,158,3,False,False,0.55,0.38,True
support,low,2,155,3,False,False,0.57,0.37,True
support,low,2,146,3,False,False,0.48,0.44,True
support,low,2,164,5,False,False,0.85,0.53,True
support,low,6,259,4,False,False,0.96,0.09,True
support,low,6,293,4,False,False,0.89,0.11,True
support,low,5,275,5,False,False,0.96,0.83,True
engineering,low,5,219,6,True,False,1.0,0.88,True
engineering,low,6,247,4,False,False,0.89,0.1,True
engineering,low,7,309,4,False,False,0.86,0.09,True
management,low,2,151,3,False,False,0.54,0.44,True
IT,low,2,129,3,False,False,0.51,0.39,True
IT,low,4,274,5,False,False,0.94,0.87,True
IT,low,4,233,5,False,False,0.99,0.74,True
IT,low,7,289,4,False,False,0.95,0.1,True
IT,low,4,239,6,False,False,0.82,0.74,True
product_management,low,5,221,5,False,False,0.99,0.75,True
product_management,low,2,150,3,False,False,0.56,0.41,True
product_management,low,2,144,3,True,False,0.45,0.41,True
product_management,low,7,289,4,False,False,0.9,0.09,True
IT,medium,6,301,5,False,False,0.8,0.09,True
accounting,medium,2,145,3,False,False,0.57,0.39,True
accounting,medium,2,137,3,False,False,0.56,0.4,True
hr,medium,2,131,3,True,False,0.54,0.37,True
hr,medium,6,246,4,False,False,0.84,0.1,True
hr,medium,2,136,3,False,False,0.51,0.43,True
marketing,medium,5,240,6,True,False,0.85,0.75,True
sales,medium,2,156,3,False,False,0.56,0.37,True
accounting,medium,6,305,4,False,False,0.85,0.11,True
support,medium,2,154,3,True,False,0.45,0.45,True
engineering,medium,5,261,5,True,False,1.0,0.87,True
management,medium,7,244,4,False,False,0.94,0.11,True
marketing,high,2,129,3,False,False,0.54,0.45,True
marketing,low,4,254,5,False,False,0.87,0.81,True
marketing,medium,5,236,5,False,False,0.91,0.77,True
sales,medium,5,237,5,False,False,0.92,0.89,True
sales,medium,2,135,3,False,False,0.49,0.43,True
sales,medium,5,236,5,False,False,1.0,0.78,True
sales,low,2,149,3,False,False,0.47,0.37,True
sales,low,2,141,3,False,False,0.5,0.37,True
sales,low,4,270,5,False,False,0.82,0.85,True
sales,low,2,138,3,False,False,0.47,0.41,True
sales,low,6,298,4,False,False,0.96,0.11,True
sales,low,5,254,5,False,False,0.99,0.75,True
sales,low,5,248,5,False,False,0.85,0.82,True
sales,low,5,257,6,False,False,1.0,0.79,True
sales,low,2,150,3,False,False,0.53,0.43,True
sales,low,7,281,4,False,False,0.9,0.1,True
sales,low,2,141,3,True,False,0.48,0.46,True
sales,low,2,157,3,False,False,0.57,0.43,True
sales,low,2,136,3,False,False,0.55,0.43,True
sales,low,7,296,4,False,False,0.8,0.11,True
sales,low,6,279,4,False,False,0.86,0.09,True
sales,low,2,131,3,False,False,0.53,0.37,True
accounting,low,2,160,3,False,False,0.57,0.4,True
accounting,low,7,291,4,False,False,0.77,0.1,True
accounting,low,2,157,3,False,False,0.53,0.41,True
hr,low,3,294,4,False,False,0.58,0.79,True
hr,low,7,310,4,False,False,0.79,0.11,True
hr,medium,6,282,4,False,False,0.97,0.1,True
hr,medium,2,134,3,False,False,0.51,0.44,True
engineering,medium,4,214,4,False,False,0.46,0.25,True
engineering,medium,2,137,3,False,False,0.52,0.44,True
engineering,medium,4,252,5,False,False,1.0,0.73,True
engineering,medium,5,243,6,False,False,0.97,0.75,True
engineering,medium,2,148,3,False,False,0.47,0.36,True
engineering,medium,2,151,3,False,False,0.49,0.37,True
engineering,medium,2,129,3,False,False,0.49,0.39,True
engineering,medium,2,198,2,False,False,0.78,0.48,True
engineering,medium,4,275,6,False,False,0.72,0.57,True
engineering,medium,5,243,5,False,False,0.96,0.9,True
engineering,high,2,159,3,False,False,0.55,0.39,True
support,low,2,145,3,False,False,0.51,0.44,True
support,medium,5,242,5,False,False,0.88,0.81,True
support,medium,5,242,5,False,False,0.87,0.74,True
support,medium,2,145,3,False,False,0.56,0.44,True
support,medium,2,154,3,False,True,0.56,0.41,True
support,low,2,139,3,False,False,0.51,0.4,True
support,low,2,152,3,False,False,0.57,0.46,True
support,low,2,211,3,False,False,0.83,0.8,True
support,low,5,258,5,False,False,0.9,0.87,True
support,low,2,155,3,False,False,0.54,0.39,True
support,low,2,148,3,False,False,0.55,0.38,True
engineering,low,2,255,3,False,False,0.67,0.66,True
engineering,low,6,264,4,False,False,0.8,0.1,True
engineering,low,2,132,3,False,False,0.54,0.37,True
management,low,6,255,4,False,False,0.77,0.1,True
IT,low,5,263,4,False,False,0.87,0.09,True
IT,low,5,222,5,False,False,0.84,0.86,True
IT,low,6,263,4,False,False,0.9,0.11,True
IT,low,2,157,3,False,False,0.46,0.37,True
IT,low,7,307,4,False,False,0.92,0.11,True
product_management,low,5,259,6,False,False,0.98,0.77,True
product_management,low,5,222,6,False,False,0.94,0.84,True
product_management,low,7,250,4,False,False,0.84,0.1,True
product_management,low,5,245,5,False,False,0.9,0.83,True
IT,low,6,292,4,False,False,0.79,0.11,True
r&d,low,5,252,5,False,False,0.92,0.86,True
r&d,medium,2,161,3,False,False,0.56,0.38,True
r&d,medium,5,250,4,False,False,0.88,0.11,True
r&d,medium,2,134,3,False,False,0.49,0.45,True
r&d,medium,7,279,4,False,False,0.85,0.1,True
marketing,medium,7,256,4,False,False,0.95,0.09,True
sales,medium,2,127,3,False,False,0.53,0.39,True
accounting,medium,2,138,3,True,False,0.47,0.37,True
support,medium,5,243,5,False,False,0.97,0.81,True
engineering,medium,7,296,4,False,False,0.9,0.09,True
management,medium,7,267,4,False,False,0.88,0.1,True
marketing,medium,2,144,3,False,False,0.49,0.39,True
marketing,medium,4,251,5,False,False,0.95,0.83,True
marketing,high,2,148,3,False,False,0.57,0.45,True
sales,low,2,141,3,False,False,0.51,0.43,True
sales,medium,3,268,2,False,False,0.75,0.8,True
sales,medium,6,247,4,False,False,0.86,0.1,True
sales,medium,2,247,4,False,False,0.55,0.1,True
sales,medium,2,146,3,False,False,0.52,0.36,True
sales,low,2,140,3,False,False,0.5,0.38,True
sales,low,5,263,6,False,False,0.98,0.78,True
sales,low,2,145,3,False,False,0.49,0.44,True
sales,low,2,156,3,True,False,0.46,0.41,True
sales,low,5,244,6,False,False,0.85,0.72,True
sales,low,2,144,3,False,False,0.54,0.46,True
sales,low,7,286,4,False,False,0.9,0.1,True
sales,low,4,141,2,False,False,0.67,0.34,True
sales,low,6,260,5,False,False,0.89,0.11,True
sales,low,2,154,3,False,False,0.56,0.38,True
sales,low,5,225,5,False,False,0.92,0.82,True
sales,low,2,127,3,False,False,0.57,0.39,True
sales,low,2,140,3,False,False,0.53,0.44,True
sales,low,2,147,3,False,False,0.52,0.43,True
accounting,low,4,227,5,False,False,0.83,0.84,True
accounting,low,2,153,3,False,False,0.48,0.43,True
accounting,low,2,128,3,False,False,0.52,0.37,True
hr,low,4,228,5,False,False,0.97,0.74,True
hr,low,5,235,5,False,False,0.97,0.73,True
hr,low,2,148,3,False,False,0.47,0.37,True
hr,low,4,238,3,False,False,0.62,0.58,True
engineering,medium,2,141,3,False,False,0.54,0.4,True
engineering,medium,5,249,4,False,False,0.83,0.51,True
engineering,medium,2,151,3,False,False,0.5,0.46,True
engineering,medium,2,129,3,False,False,0.54,0.45,True
engineering,medium,2,156,3,False,False,0.5,0.46,True
engineering,medium,2,134,3,False,False,0.45,0.39,True
engineering,medium,6,269,4,False,False,0.88,0.09,True
engineering,medium,6,290,4,False,False,0.77,0.09,True
engineering,medium,2,132,3,False,False,0.51,0.37,True
engineering,medium,7,308,4,False,False,0.89,0.1,True
engineering,medium,4,232,5,False,False,1.0,0.77,True
support,medium,5,235,5,False,False,0.86,0.79,True
support,high,2,130,3,False,False,0.55,0.43,True
support,low,2,146,3,False,False,0.53,0.38,True
support,medium,5,221,6,False,False,0.91,0.77,True
support,medium,2,130,3,False,False,0.5,0.44,True
support,medium,2,136,3,False,False,0.46,0.39,True
support,medium,5,274,6,False,False,0.89,0.78,True
support,low,6,256,5,False,False,0.79,0.1,True
support,low,5,276,4,False,False,0.77,0.1,True
support,low,5,267,5,False,False,0.85,0.75,True
support,low,6,213,3,False,False,0.62,0.46,True
engineering,low,4,274,6,False,False,0.97,0.91,True
engineering,low,6,258,4,False,False,0.92,0.1,True
engineering,low,3,153,5,False,False,0.6,0.72,True
management,low,6,245,4,False,False,0.95,0.11,True
IT,low,6,264,4,False,False,0.94,0.11,True
IT,low,2,154,3,False,False,0.57,0.46,True
IT,low,2,149,3,False,False,0.46,0.37,True
IT,low,2,157,3,False,False,0.5,0.46,True
IT,low,2,127,3,False,False,0.57,0.43,True
product_management,low,6,270,4,False,False,0.82,0.11,True
product_management,low,5,236,6,False,False,0.89,0.73,True
product_management,low,2,158,3,False,False,0.47,0.43,True
product_management,low,5,229,5,False,False,1.0,0.86,True
IT,low,6,269,4,False,False,0.83,0.1,True
sales,low,2,128,3,False,False,0.49,0.4,True
sales,low,7,278,4,False,False,0.87,0.11,True
sales,low,3,158,5,False,False,0.98,0.86,True
sales,medium,3,202,3,False,False,1.0,0.42,True
sales,medium,4,240,5,False,False,0.84,0.79,True
marketing,medium,7,255,4,False,False,0.96,0.1,True
sales,medium,7,254,4,False,False,0.92,0.09,True
accounting,medium,6,257,4,False,False,0.82,0.09,True
support,medium,4,228,5,False,False,1.0,0.87,True
engineering,medium,2,145,3,False,False,0.49,0.36,True
management,medium,3,218,4,False,False,0.75,0.42,True
marketing,medium,5,268,5,False,False,0.86,0.84,True
marketing,medium,6,278,4,False,False,0.83,0.1,True
marketing,medium,3,249,5,False,False,0.71,0.78,True
sales,medium,3,236,4,False,False,0.99,0.35,True
sales,high,7,291,4,False,False,0.81,0.1,True
sales,low,6,306,4,False,False,0.8,0.11,True
sales,medium,2,135,3,False,False,0.48,0.43,True
sales,medium,2,156,3,False,False,0.45,0.38,True
sales,medium,2,143,3,False,False,0.54,0.46,True
sales,medium,4,243,5,False,False,0.82,0.89,True
sales,low,2,147,3,False,False,0.5,0.45,True
sales,low,2,159,3,False,False,0.53,0.44,True
sales,low,5,216,3,False,False,0.54,0.74,True
sales,low,2,152,3,False,False,0.54,0.45,True
sales,low,4,226,5,False,False,0.93,0.79,True
sales,low,5,271,5,False,False,0.91,0.79,True
sales,low,6,255,4,False,False,0.87,0.11,True
sales,low,2,140,3,False,False,0.48,0.42,True
sales,low,6,252,2,False,False,0.9,0.64,True
sales,low,2,159,3,False,False,0.55,0.4,True
sales,low,5,270,5,False,False,0.98,0.84,True
sales,low,5,232,5,False,False,0.92,0.73,True
accounting,low,2,144,3,False,False,0.51,0.4,True
accounting,low,2,127,3,False,False,0.45,0.36,True
accounting,low,2,131,3,False,False,0.47,0.43,True
hr,low,6,243,4,False,False,0.78,0.11,True
hr,low,5,244,6,False,False,1.0,0.91,True
hr,low,5,260,5,False,False,1.0,0.8,True
hr,low,2,139,3,False,False,0.49,0.42,True
engineering,low,4,184,3,False,False,0.87,0.31,True
engineering,low,2,130,3,False,False,0.47,0.44,True
engineering,medium,2,135,3,False,False,0.54,0.38,True
engineering,medium,2,146,3,False,False,0.56,0.45,True
engineering,medium,2,149,3,False,False,0.46,0.43,True
engineering,medium,2,153,3,True,False,0.46,0.45,True
engineering,medium,2,160,3,False,False,0.57,0.43,True
engineering,medium,2,160,3,False,False,0.49,0.43,True
engineering,medium,6,282,4,False,False,0.83,0.09,True
engineering,medium,2,128,3,False,False,0.47,0.43,True
engineering,medium,4,232,5,False,False,0.94,0.79,True
support,medium,3,226,2,False,False,0.58,0.85,True
support,medium,2,129,3,False,False,0.45,0.38,True
support,medium,7,255,4,False,False,0.92,0.11,True
support,high,5,258,5,False,False,0.99,0.83,True
support,low,4,229,5,False,False,0.91,0.81,True
support,medium,2,143,3,False,False,0.56,0.42,True
support,medium,6,257,4,False,False,0.87,0.11,True
support,medium,7,275,4,False,False,0.85,0.11,True
support,medium,7,291,4,False,False,0.89,0.1,True
support,low,5,153,4,False,False,0.54,0.5,True
support,low,2,154,3,False,False,0.49,0.44,True
engineering,low,6,301,4,False,False,0.9,0.11,True
engineering,low,2,134,3,False,False,0.52,0.39,True
engineering,low,6,245,4,False,False,0.78,0.11,True
management,low,2,132,3,False,False,0.5,0.36,True
IT,low,2,130,3,False,False,0.51,0.43,True
IT,low,2,127,3,False,False,0.5,0.4,True
IT,low,4,246,6,False,False,0.84,0.86,True
IT,low,2,145,3,False,False,0.49,0.38,True
IT,low,2,138,3,False,True,0.45,0.46,True
product_management,low,2,129,3,False,False,0.57,0.37,True
product_management,low,2,150,3,False,False,0.52,0.43,True
product_management,low,5,253,5,False,False,0.93,0.66,True
product_management,low,2,160,3,False,False,0.48,0.37,True
IT,low,5,235,5,False,False,0.92,0.77,True
sales,low,2,151,3,False,False,0.55,0.38,True
sales,low,2,127,3,False,False,0.54,0.39,True
sales,low,2,151,3,False,False,0.55,0.41,True
sales,low,7,290,4,False,False,0.9,0.1,True
sales,low,6,249,4,False,False,0.93,0.09,True
marketing,medium,2,131,3,False,False,0.47,0.41,True
sales,medium,2,159,3,False,False,0.46,0.39,True
accounting,medium,4,223,5,False,False,0.99,0.83,True
support,medium,3,214,2,False,False,0.87,0.09,True
engineering,medium,5,227,5,False,False,0.81,0.75,True
management,medium,2,127,3,False,False,0.54,0.44,True
marketing,medium,6,293,5,False,False,0.84,0.1,True
marketing,medium,2,141,3,False,False,0.46,0.42,True
marketing,medium,6,300,4,False,False,0.83,0.1,True
sales,medium,6,309,4,False,False,0.86,0.1,True
sales,medium,4,149,3,False,False,0.77,0.31,True
sales,medium,2,159,3,False,False,0.54,0.42,True
sales,high,2,152,3,False,False,0.5,0.38,True
sales,low,2,158,3,False,False,0.57,0.39,True
sales,medium,6,254,5,False,False,0.97,0.1,True
sales,medium,6,294,4,False,False,0.93,0.11,True
sales,medium,7,269,4,False,False,0.92,0.1,True
sales,medium,7,247,4,False,False,0.9,0.11,True
sales,low,3,271,4,False,False,0.65,0.44,True
sales,low,4,232,5,False,False,0.96,0.91,True
sales,low,4,245,5,False,False,1.0,0.72,True
sales,low,2,132,3,False,False,0.46,0.36,True
sales,low,2,131,3,False,False,0.57,0.44,True
sales,low,5,248,5,False,False,0.99,0.85,True
sales,low,5,225,5,False,False,0.93,0.78,True
sales,low,2,156,3,False,False,0.46,0.39,True
sales,low,3,222,2,False,False,0.81,0.78,True
sales,low,6,243,4,True,False,0.92,0.1,True
accounting,low,4,204,4,True,False,0.99,0.23,True
accounting,low,6,301,4,False,False,0.87,0.11,True
accounting,low,5,259,5,False,False,0.83,0.9,True
hr,low,4,247,5,False,False,0.89,0.91,True
hr,low,7,295,4,False,False,0.79,0.11,True
hr,low,2,150,3,False,False,0.54,0.43,True
hr,low,2,151,3,False,False,0.49,0.45,True
engineering,low,5,291,4,False,False,0.91,0.11,True
engineering,low,6,253,4,True,False,0.93,0.11,True
engineering,low,2,161,3,False,False,0.5,0.43,True
engineering,low,4,251,6,False,False,0.97,0.91,True
engineering,medium,2,153,3,False,False,0.55,0.43,True
engineering,medium,5,264,6,False,False,0.82,0.85,True
engineering,medium,6,310,4,False,False,0.77,0.1,True
engineering,medium,5,266,5,False,False,0.95,0.81,True
engineering,medium,4,237,2,False,False,0.62,0.36,True
engineering,medium,2,138,3,False,False,0.54,0.45,True
engineering,medium,5,227,5,False,False,1.0,0.86,True
support,medium,4,300,5,False,False,1.0,0.71,True
support,medium,7,310,4,False,False,0.97,0.11,True
support,medium,5,236,5,False,False,0.93,0.84,True
support,medium,7,288,4,False,False,0.97,0.09,True
support,medium,2,127,3,False,False,0.49,0.38,True
support,high,6,139,4,False,False,0.55,0.15,True
support,low,7,253,4,True,False,0.92,0.1,True
support,medium,4,218,5,True,False,0.97,0.8,True
support,medium,5,251,5,False,False,0.97,0.84,True
support,medium,6,264,4,False,False,0.87,0.11,True
support,medium,3,149,2,False,False,0.79,0.89,True
engineering,low,2,138,3,False,False,0.51,0.45,True
engineering,low,7,284,4,False,False,0.93,0.11,True
engineering,low,5,244,5,False,False,0.93,0.74,True
management,low,2,128,3,False,False,0.5,0.41,True
IT,low,2,154,3,False,False,0.53,0.44,True
IT,low,2,138,3,False,False,0.56,0.37,True
IT,low,6,308,4,False,False,0.86,0.11,True
IT,low,6,269,4,False,False,0.93,0.1,True
IT,low,6,136,3,False,False,0.74,0.7,True
product_management,low,2,160,5,False,False,1.0,0.59,True
product_management,low,2,138,3,False,False,0.53,0.38,True
product_management,low,4,220,5,False,False,0.95,0.72,True
product_management,low,5,274,5,False,False,1.0,0.73,True
IT,low,2,161,3,False,False,0.48,0.39,True
r&d,low,5,224,6,False,False,0.82,0.89,True
r&d,low,4,260,5,False,False,1.0,0.89,True
r&d,low,6,300,4,True,False,0.78,0.11,True
r&d,low,2,133,3,False,False,0.56,0.43,True
r&d,low,6,308,4,False,False,0.93,0.09,True
marketing,low,5,238,6,False,False,0.9,0.81,True
sales,low,2,126,3,False,False,0.53,0.37,True
accounting,medium,2,138,3,False,False,0.56,0.36,True
support,medium,6,299,4,False,False,0.85,0.11,True
engineering,medium,6,254,4,False,False,0.85,0.1,True
management,medium,7,156,2,False,False,0.47,0.66,True
marketing,medium,2,152,3,False,False,0.47,0.39,True
marketing,medium,2,146,3,False,False,0.51,0.44,True
marketing,medium,6,253,4,False,False,0.84,0.1,True
sales,medium,5,227,6,False,False,0.94,0.79,True
sales,medium,6,301,4,True,False,0.81,0.1,True
sales,medium,6,294,3,False,False,0.94,0.54,True
sales,medium,2,151,3,False,False,0.47,0.37,True
sales,medium,2,128,3,False,False,0.57,0.37,True
sales,high,5,217,5,False,False,0.89,0.82,True
sales,low,2,160,3,False,False,0.52,0.45,True
sales,medium,5,263,5,False,False,0.9,0.79,True
sales,medium,2,156,3,False,False,0.56,0.42,True
sales,medium,6,273,4,False,False,0.85,0.1,True
sales,medium,6,303,4,False,False,0.78,0.11,True
sales,low,4,253,5,False,False,1.0,0.74,True
sales,low,6,270,4,False,False,0.93,0.1,True
sales,low,4,218,5,False,False,1.0,0.79,True
sales,low,2,144,3,False,False,0.48,0.43,True
sales,low,2,154,3,False,False,0.47,0.41,True
sales,low,2,146,3,False,False,0.55,0.39,True
sales,low,6,260,4,False,False,0.94,0.1,True
sales,low,5,218,5,False,False,0.85,0.82,True
accounting,low,2,128,3,False,False,0.46,0.41,True
accounting,low,2,128,3,False,False,0.56,0.42,True
accounting,low,4,248,6,False,False,0.88,0.74,True
hr,low,2,152,3,True,False,0.57,0.38,True
hr,low,2,126,3,False,False,0.56,0.39,True
hr,low,4,260,5,False,False,0.94,0.87,True
hr,low,5,263,4,False,False,0.9,0.1,True
engineering,low,5,220,5,False,False,1.0,0.78,True
engineering,low,7,282,5,False,False,0.73,0.14,True
engineering,low,6,277,5,False,False,0.94,0.11,True
engineering,low,5,257,5,False,False,0.94,0.91,True
engineering,low,6,265,3,False,False,0.63,0.49,True
engineering,low,2,143,3,False,False,0.47,0.38,True
engineering,medium,5,263,5,False,False,0.97,0.82,True
engineering,medium,3,154,4,False,False,0.88,0.38,True
engineering,medium,5,253,5,False,False,1.0,0.89,True
engineering,medium,6,294,4,False,False,0.79,0.11,True
engineering,medium,2,128,3,False,False,0.51,0.37,True
support,medium,2,153,3,False,False,0.5,0.38,True
support,medium,5,256,5,False,False,0.87,0.78,True
support,medium,2,127,3,False,False,0.51,0.41,True
support,medium,2,137,3,False,False,0.51,0.41,True
support,medium,6,295,4,False,False,0.83,0.11,True
support,medium,6,281,4,False,False,0.79,0.11,True
support,medium,2,131,3,True,False,0.57,0.43,True
support,high,5,237,5,False,False,0.86,0.75,True
support,low,4,276,5,False,False,0.99,0.74,True
support,medium,5,267,5,False,False,0.85,0.85,True
support,medium,5,266,5,False,False,0.92,0.73,True
engineering,medium,6,294,4,False,False,0.79,0.1,True
engineering,medium,2,134,3,False,False,0.56,0.44,True
engineering,low,3,309,4,True,False,0.56,0.3,True
management,low,7,273,4,False,False,0.77,0.11,True
IT,low,5,238,5,False,False,0.83,0.84,True
IT,low,5,271,6,False,False,0.94,0.78,True
IT,low,2,145,3,False,False,0.53,0.43,True
IT,low,2,152,3,False,False,0.55,0.36,True
IT,low,2,128,3,False,False,0.47,0.43,True
product_management,low,2,142,3,False,False,0.46,0.45,True
product_management,low,5,238,5,False,False,0.93,0.76,True
product_management,low,7,286,4,False,False,0.78,0.1,True
product_management,low,6,291,4,False,False,0.86,0.09,True
IT,low,5,259,5,False,False,1.0,0.92,True
sales,low,5,248,5,False,False,0.9,0.92,True
sales,low,4,271,5,False,False,0.98,0.79,True
sales,low,2,140,3,False,False,0.51,0.43,True
sales,low,4,274,5,False,False,0.95,0.8,True
sales,low,2,127,3,True,False,0.49,0.44,True
marketing,low,5,275,6,False,False,0.87,0.89,True
sales,low,3,239,3,False,False,0.88,0.48,True
accounting,low,6,304,4,True,False,0.82,0.11,True
support,low,2,145,3,False,False,0.55,0.38,True
engineering,medium,6,259,4,False,False,0.85,0.11,True
management,medium,4,264,5,False,False,0.86,0.82,True
marketing,medium,2,160,3,False,False,0.45,0.37,True
marketing,medium,2,138,3,False,False,0.48,0.4,True
marketing,medium,2,137,3,False,False,0.47,0.43,True
sales,medium,2,156,3,False,False,0.5,0.44,True
sales,medium,2,147,3,False,False,0.56,0.42,True
sales,medium,7,243,4,False,False,0.8,0.11,True
sales,medium,4,236,5,False,False,0.87,0.78,True
sales,medium,2,212,4,False,False,0.86,0.46,True
sales,medium,5,261,6,False,False,0.91,0.77,True
sales,medium,4,243,5,False,False,0.82,0.83,True
sales,high,5,271,5,False,False,0.58,0.32,True
sales,low,5,154,4,False,False,0.92,0.9,True
sales,medium,2,151,3,False,False,0.52,0.42,True
sales,medium,6,254,4,True,False,0.96,0.1,True
sales,medium,6,285,4,False,False,0.91,0.1,True
sales,medium,2,130,3,False,False,0.49,0.44,True
sales,low,7,301,4,False,False,0.95,0.1,True
sales,low,6,286,4,False,False,0.8,0.11,True
sales,low,6,246,4,False,False,0.89,0.1,True
sales,low,2,135,3,False,False,0.47,0.39,True
sales,low,4,245,5,False,False,0.92,0.92,True
sales,low,2,136,3,False,False,0.56,0.43,True
accounting,low,6,301,4,False,False,0.89,0.11,True
accounting,low,5,235,5,False,False,1.0,0.81,True
accounting,low,7,272,4,False,False,0.85,0.11,True
hr,low,5,274,5,False,False,1.0,0.87,True
hr,low,2,131,3,False,False,0.46,0.37,True
hr,low,2,135,3,False,False,0.56,0.39,True
hr,low,4,196,4,False,False,0.86,0.61,True
engineering,low,6,285,4,False,False,0.95,0.11,True
engineering,low,7,289,5,False,False,0.9,0.09,True
engineering,low,2,157,3,False,False,0.52,0.36,True
engineering,low,6,308,4,False,False,0.94,0.09,True
engineering,low,4,301,5,False,False,0.71,0.41,True
engineering,low,2,131,3,False,False,0.46,0.4,True
engineering,low,6,262,5,True,False,0.91,0.1,True
engineering,low,2,143,3,True,False,0.53,0.46,True
engineering,medium,2,133,3,False,False,0.57,0.39,True
engineering,medium,2,153,3,False,False,0.5,0.41,True
engineering,medium,7,281,4,False,False,0.94,0.1,True
support,medium,2,132,3,False,False,0.51,0.39,True
support,medium,5,270,5,True,False,0.83,0.73,True
support,medium,2,150,3,False,False,0.45,0.41,True
support,medium,2,140,3,False,False,0.51,0.37,True
support,medium,2,150,3,True,False,0.5,0.38,True
support,medium,5,180,5,False,False,0.63,0.8,True
support,medium,5,281,4,False,False,0.85,0.09,True
support,medium,4,275,5,False,False,0.92,0.85,True
support,medium,2,130,3,False,False,0.54,0.42,True
support,high,2,130,3,False,False,0.48,0.41,True
support,low,2,147,3,False,False,0.46,0.38,True
engineering,medium,5,264,5,False,False,1.0,0.72,True
engineering,medium,6,290,5,False,False,0.74,0.11,True
engineering,medium,2,150,3,False,False,0.47,0.37,True
management,medium,6,304,4,False,False,0.81,0.1,True
IT,low,2,136,3,False,False,0.54,0.36,True
IT,low,5,307,5,False,False,0.94,0.92,True
IT,low,5,303,4,False,False,0.87,0.11,True
IT,low,2,156,3,False,False,0.56,0.39,True
IT,low,6,271,4,False,False,0.95,0.11,True
product_management,low,2,140,3,False,False,0.45,0.45,True
product_management,low,2,130,3,True,False,0.55,0.44,True
product_management,low,4,266,6,False,False,0.97,0.85,True
product_management,low,2,139,3,False,False,0.52,0.43,True
IT,low,5,260,5,False,False,0.86,0.75,True
r&d,low,2,137,3,True,False,0.55,0.11,True
r&d,low,2,158,3,False,False,0.5,0.36,True
r&d,low,6,249,4,False,False,0.79,0.1,True
r&d,low,5,259,5,False,False,0.89,0.74,True
r&d,low,2,144,3,False,False,0.46,0.4,True
marketing,low,6,244,4,False,False,0.77,0.09,True
sales,low,4,219,5,False,False,0.91,0.76,True
accounting,low,2,151,3,False,False,0.57,0.45,True
support,low,4,269,5,False,False,0.88,0.84,True
engineering,low,2,127,3,False,False,0.45,0.38,True
management,low,2,144,3,False,False,0.46,0.38,True
marketing,medium,2,157,3,False,False,0.54,0.38,True
marketing,medium,5,224,5,False,False,0.94,0.86,True
marketing,medium,2,155,3,False,False,0.46,0.37,True
sales,medium,2,131,3,False,False,0.5,0.37,True
sales,medium,4,258,5,True,True,1.0,0.87,True
sales,medium,6,267,4,False,False,0.85,0.11,True
sales,medium,2,141,3,False,False,0.5,0.42,True
sales,medium,2,160,3,False,False,0.48,0.43,True
sales,medium,6,247,4,False,False,0.8,0.09,True
sales,medium,4,260,3,False,False,0.56,0.54,True
sales,medium,2,151,3,False,False,0.47,0.4,True
sales,medium,2,137,3,True,False,0.52,0.36,True
sales,high,4,256,5,False,False,0.9,0.87,True
sales,low,4,239,5,False,False,0.88,0.75,True
sales,medium,2,152,3,False,False,0.53,0.43,True
sales,medium,2,149,3,False,False,0.47,0.43,True
sales,medium,6,284,4,False,False,0.87,0.1,True
sales,medium,7,248,4,False,False,0.78,0.11,True
sales,low,2,156,3,False,False,0.53,0.44,True
sales,low,2,138,3,False,False,0.48,0.39,True
sales,low,2,155,3,False,False,0.55,0.4,True
sales,low,4,229,6,False,False,0.87,0.92,True
accounting,low,2,136,3,False,False,0.47,0.36,True
accounting,low,4,241,5,False,False,0.95,0.86,True
accounting,low,5,258,5,False,False,0.87,0.74,True
hr,low,3,146,5,False,False,0.95,0.8,True
hr,low,2,145,3,False,False,0.48,0.36,True
hr,low,2,159,3,False,False,0.57,0.42,True
hr,low,2,129,3,False,False,0.47,0.42,True
engineering,low,2,142,3,False,False,0.45,0.4,True
engineering,low,2,129,3,False,False,0.53,0.46,True
engineering,low,6,287,4,False,False,0.9,0.09,True
engineering,low,4,275,5,False,False,0.89,0.88,True
engineering,low,6,272,4,False,False,0.82,0.1,True
engineering,low,6,307,4,False,False,0.97,0.1,True
engineering,low,4,295,3,False,False,0.93,0.11,True
engineering,low,5,237,5,False,False,0.88,0.84,True
engineering,low,2,158,3,False,False,0.56,0.42,True
engineering,low,6,266,4,True,False,0.86,0.1,True
engineering,medium,6,256,4,False,False,0.95,0.1,True
support,medium,2,158,3,False,False,0.54,0.46,True
support,medium,7,268,4,False,False,0.97,0.09,True
support,medium,4,237,5,False,False,1.0,0.89,True
support,medium,4,273,6,False,False,1.0,0.82,True
support,medium,6,309,4,False,False,0.89,0.11,True
support,medium,5,258,5,False,False,0.84,0.81,True
support,medium,5,233,6,False,False,0.94,0.81,True
support,medium,4,249,6,False,False,1.0,0.77,True
support,medium,3,179,2,False,False,0.94,0.63,True
support,medium,2,128,3,False,False,0.57,0.4,True
support,medium,4,250,6,False,False,1.0,0.86,True
engineering,high,2,151,3,False,False,0.49,0.37,True
engineering,low,2,132,3,False,False,0.5,0.44,True
engineering,medium,5,232,6,False,False,0.89,0.74,True
management,medium,4,229,5,True,False,1.0,0.79,True
IT,medium,6,261,4,False,False,0.92,0.09,True
IT,medium,2,129,3,False,False,0.48,0.37,True
IT,low,6,244,4,False,False,0.78,0.09,True
IT,low,6,258,4,False,False,0.84,0.09,True
IT,low,7,292,5,False,False,0.8,0.1,True
product_management,low,2,143,3,False,False,0.56,0.45,True
product_management,low,2,136,3,False,False,0.51,0.4,True
product_management,low,6,235,5,False,False,0.95,0.31,True
product_management,low,2,310,3,False,False,0.93,0.7,True
IT,low,2,152,3,False,False,0.48,0.36,True
r&d,low,6,157,5,True,False,0.97,0.34,True
r&d,low,5,267,5,False,False,0.83,0.87,True
r&d,low,6,302,4,False,False,0.91,0.11,True
r&d,low,4,133,3,False,False,0.81,0.47,True
r&d,low,2,142,3,False,False,0.52,0.43,True
marketing,low,2,129,3,False,False,0.47,0.43,True
sales,low,2,136,3,False,False,0.57,0.45,True
accounting,low,5,223,5,False,False,1.0,0.74,True
support,low,6,244,4,True,False,0.89,0.1,True
engineering,low,5,243,5,False,False,0.87,0.78,True
management,low,5,275,3,False,False,0.95,0.9,True
marketing,low,6,205,4,False,False,0.95,0.53,True
marketing,low,2,154,3,False,False,0.54,0.45,True
marketing,medium,4,270,5,False,False,0.83,0.86,True
sales,medium,4,267,5,False,False,0.89,0.74,True
sales,medium,6,276,4,False,False,0.79,0.09,True
sales,medium,5,244,5,False,False,0.95,0.8,True
sales,medium,2,128,3,False,False,0.53,0.46,True
sales,medium,5,269,6,False,False,0.95,0.86,True
sales,medium,4,238,5,False,False,0.95,0.86,True
sales,medium,4,269,5,False,False,0.91,0.9,True
sales,medium,5,231,6,False,False,0.88,0.87,True
sales,medium,4,267,5,False,False,0.94,0.83,True
sales,medium,4,245,5,False,False,0.83,0.77,True
sales,medium,4,272,5,False,False,1.0,0.77,True
sales,high,5,254,5,False,False,0.86,0.9,True
sales,low,4,273,5,False,False,0.92,0.73,True
sales,medium,4,250,5,False,False,0.9,0.91,True
sales,medium,2,133,3,False,False,0.53,0.36,True
sales,medium,2,150,3,False,False,0.54,0.38,True
sales,medium,2,157,3,False,False,0.46,0.44,True
sales,low,5,230,5,False,False,1.0,0.73,True
sales,low,5,260,5,False,False,0.91,0.89,True
accounting,low,6,275,4,False,False,0.77,0.11,True
accounting,low,7,308,4,False,False,0.77,0.1,True
accounting,low,2,129,3,False,False,0.46,0.37,True
hr,low,2,134,3,False,False,0.48,0.38,True
hr,low,2,132,3,False,False,0.48,0.42,True
hr,low,2,153,3,False,False,0.46,0.44,True
hr,low,6,262,4,False,False,0.83,0.11,True
engineering,low,7,262,4,False,False,0.97,0.09,True
engineering,low,2,130,3,False,False,0.47,0.43,True
engineering,low,2,156,3,False,False,0.52,0.38,True
engineering,low,6,254,4,False,False,0.89,0.11,True
engineering,low,2,130,3,False,False,0.49,0.37,True
engineering,low,2,139,3,False,False,0.57,0.44,True
engineering,low,5,269,5,False,False,0.82,0.72,True
engineering,low,7,297,4,False,False,0.91,0.1,True
engineering,low,5,249,5,False,False,0.86,0.73,True
engineering,low,7,267,4,False,False,0.82,0.09,True
engineering,low,2,149,3,False,False,0.46,0.44,True
support,low,6,251,4,False,False,0.82,0.09,True
support,medium,6,306,4,False,False,0.87,0.1,True
support,medium,6,279,4,False,False,0.86,0.11,True
support,medium,2,131,3,False,False,0.46,0.42,True
support,medium,6,260,4,False,False,0.85,0.09,True
support,medium,5,249,5,False,False,0.88,0.72,True
support,medium,4,245,5,False,False,0.97,0.75,True
support,medium,2,138,3,False,False,0.5,0.44,True
support,medium,6,278,4,False,False,0.91,0.11,True
support,medium,2,147,3,False,False,0.47,0.38,True
support,medium,2,131,3,False,False,0.57,0.39,True
engineering,medium,7,301,4,False,False,0.9,0.1,True
engineering,medium,2,141,3,False,False,0.52,0.43,True
engineering,high,2,158,3,False,False,0.57,0.39,True
management,low,4,235,6,False,False,0.87,0.88,True
IT,medium,7,261,4,False,False,0.85,0.1,True
IT,medium,5,270,4,False,False,0.89,0.1,True
IT,medium,6,290,4,False,False,0.93,0.11,True
IT,medium,2,149,3,False,False,0.47,0.37,True
IT,low,2,160,3,False,False,0.48,0.37,True
product_management,low,4,150,4,False,False,0.87,0.77,True
product_management,low,5,218,6,False,False,0.94,0.91,True
product_management,low,2,155,3,False,False,0.51,0.46,True
product_management,low,6,291,4,False,False,0.87,0.11,True
IT,low,5,265,5,False,False,0.91,0.86,True
sales,low,5,262,6,False,False,0.88,0.87,True
sales,low,6,303,5,False,False,0.92,0.09,True
sales,low,2,132,3,False,False,0.46,0.42,True
sales,low,4,245,5,True,False,0.83,0.82,True
sales,low,2,129,3,False,False,0.48,0.46,True
marketing,low,5,226,6,False,False,1.0,0.88,True
marketing,low,6,286,4,False,False,0.91,0.1,True
sales,low,2,140,3,False,False,0.45,0.43,True
accounting,low,2,153,3,False,False,0.49,0.37,True
support,low,5,217,5,False,False,0.95,0.8,True
engineering,low,5,258,5,False,False,0.95,0.83,True
management,low,2,156,3,False,False,0.57,0.39,True
marketing,low,5,255,5,False,False,0.92,0.77,True
marketing,low,2,129,3,False,False,0.46,0.43,True
marketing,low,4,234,5,False,False,0.96,0.79,True
sales,medium,2,152,3,True,False,0.55,0.39,True
sales,medium,7,300,4,False,False,0.88,0.1,True
sales,medium,2,131,3,False,False,0.53,0.39,True
sales,medium,6,301,4,False,False,0.89,0.11,True
sales,medium,2,156,3,False,False,0.51,0.4,True
sales,medium,2,141,3,True,False,0.52,0.42,True
sales,medium,4,219,2,True,False,0.85,0.57,True
sales,medium,7,269,5,False,False,0.95,0.11,True
sales,medium,4,276,2,False,False,0.73,0.36,True
sales,medium,7,302,4,False,False,0.94,0.11,True
sales,medium,6,281,2,False,False,0.8,0.35,True
sales,medium,5,241,5,False,False,0.99,0.78,True
sales,high,7,288,4,False,False,0.93,0.11,True
sales,low,6,303,4,False,False,0.96,0.1,True
sales,medium,2,135,3,False,False,0.54,0.42,True
sales,medium,2,127,3,True,False,0.5,0.43,True
sales,medium,5,245,5,False,False,0.84,0.79,True
sales,medium,2,145,3,False,False,0.45,0.45,True
sales,low,6,248,4,False,False,0.91,0.09,True
accounting,low,6,302,4,False,False,0.91,0.11,True
accounting,low,2,144,3,False,False,0.49,0.45,True
accounting,low,6,272,4,False,False,0.91,0.11,True
hr,low,6,294,4,False,False,0.8,0.09,True
hr,low,4,296,3,False,False,0.71,0.78,True
hr,low,2,151,3,True,False,0.5,0.38,True
hr,low,4,249,5,False,False,0.82,0.82,True
engineering,low,4,221,5,False,False,0.89,0.85,True
engineering,low,2,146,3,False,False,0.46,0.45,True
engineering,low,5,243,5,False,False,0.89,0.77,True
engineering,low,2,127,3,False,False,0.5,0.39,True
engineering,low,4,245,5,False,False,0.9,0.91,True
engineering,low,6,264,4,False,False,0.77,0.11,True
engineering,low,2,143,3,False,False,0.45,0.46,True
engineering,low,2,135,3,False,False,0.49,0.43,True
engineering,low,6,262,4,True,False,0.96,0.11,True
engineering,low,6,299,4,False,False,0.93,0.1,True
engineering,low,5,279,4,False,False,0.8,0.09,True
support,low,2,155,3,False,False,0.51,0.36,True
support,low,6,264,4,False,False,0.89,0.11,True
support,medium,6,256,5,False,False,0.77,0.09,True
support,medium,2,129,3,False,False,0.51,0.44,True
support,medium,5,217,6,False,False,0.97,0.73,True
support,medium,7,203,5,False,False,0.58,0.21,True
support,medium,4,264,5,False,False,0.85,0.8,True
support,medium,2,159,3,False,False,0.55,0.37,True
support,medium,5,218,5,False,False,0.96,0.79,True
support,medium,6,298,4,False,False,0.8,0.09,True
support,medium,6,134,3,False,False,0.74,0.75,True
engineering,medium,5,263,5,False,False,1.0,0.83,True
engineering,medium,5,252,4,False,False,0.77,0.1,True
engineering,medium,2,136,3,False,False,0.55,0.44,True
management,high,6,259,4,False,False,0.97,0.42,True
IT,low,2,158,3,False,False,0.56,0.43,True
IT,medium,7,307,4,False,False,0.84,0.09,True
IT,medium,2,152,3,False,False,0.53,0.44,True
IT,medium,5,237,5,False,False,0.98,0.81,True
IT,medium,7,284,4,False,False,0.79,0.1,True
product_management,low,6,243,4,False,False,0.93,0.1,True
product_management,low,6,268,4,False,False,0.83,0.11,True
product_management,low,6,244,4,False,False,0.77,0.09,True
product_management,low,5,262,5,False,False,0.83,0.75,True
IT,low,2,134,3,False,False,0.55,0.38,True
IT,low,7,278,4,False,False,0.87,0.09,True
IT,low,5,238,5,False,False,0.97,0.74,True
IT,low,2,127,3,False,False,0.56,0.44,True
r&d,low,4,259,5,False,False,0.95,0.76,True
r&d,low,2,146,3,False,False,0.56,0.42,True
r&d,low,4,243,5,False,False,1.0,0.75,True
marketing,low,2,137,3,False,False,0.52,0.36,True
sales,low,5,229,5,False,False,0.93,0.75,True
accounting,low,2,134,3,False,False,0.46,0.4,True
support,low,4,228,5,False,False,0.89,0.75,True
engineering,low,6,301,4,False,False,0.84,0.09,True
management,low,2,127,3,False,False,0.46,0.39,True
marketing,low,2,142,3,False,False,0.48,0.4,True
marketing,low,2,131,3,False,False,0.54,0.39,True
marketing,low,7,310,5,False,False,0.85,0.1,True
sales,low,2,148,3,False,False,0.55,0.42,True
sales,medium,2,143,3,False,False,0.52,0.37,True
sales,medium,6,250,4,False,False,0.98,0.11,True
sales,medium,7,265,4,False,False,0.88,0.09,True
sales,medium,2,152,3,False,False,0.54,0.41,True
sales,medium,2,145,3,False,False,0.49,0.42,True
sales,medium,2,140,3,False,False,0.49,0.4,True
sales,medium,2,129,3,False,False,0.47,0.36,True
sales,medium,4,226,5,False,False,0.9,0.74,True
sales,medium,5,269,5,False,False,1.0,0.66,True
sales,medium,2,152,3,False,False,0.47,0.38,True
sales,medium,2,132,3,False,False,0.51,0.43,True
sales,medium,2,148,3,False,False,0.53,0.43,True
sales,high,6,297,5,False,False,0.85,0.1,True
sales,low,4,274,5,False,False,0.85,0.82,True
sales,medium,6,280,4,False,False,0.77,0.1,True
sales,medium,6,288,4,False,False,0.93,0.1,True
sales,medium,2,155,3,False,False,0.49,0.43,True
sales,medium,7,247,4,False,False,0.94,0.09,True
accounting,low,2,138,3,False,False,0.54,0.41,True
accounting,low,7,284,4,False,False,0.82,0.1,True
accounting,low,4,225,5,False,False,0.92,0.88,True
hr,low,2,151,3,True,False,0.57,0.43,True
hr,low,2,155,3,False,False,0.5,0.42,True
hr,low,4,234,5,False,False,1.0,0.85,True
hr,low,2,144,3,False,False,0.49,0.38,True
engineering,low,2,142,3,False,False,0.47,0.39,True
engineering,low,2,126,3,False,False,0.48,0.41,True
engineering,low,4,233,6,False,False,0.92,0.88,True
engineering,low,4,241,5,False,False,0.96,0.78,True
engineering,low,2,138,3,False,False,0.48,0.45,True
engineering,low,6,260,4,True,False,0.95,0.09,True
engineering,low,2,145,3,False,False,0.56,0.44,True
engineering,low,6,252,4,False,False,0.84,0.11,True
engineering,low,2,143,3,False,False,0.51,0.36,True
engineering,low,4,270,5,False,False,0.98,0.86,True
engineering,low,6,285,4,False,False,0.92,0.1,True
support,low,2,149,3,False,False,0.53,0.45,True
support,low,2,158,3,False,False,0.53,0.42,True
support,low,2,134,3,False,False,0.55,0.36,True
support,medium,2,129,3,False,False,0.55,0.45,True
support,medium,2,131,3,False,False,0.57,0.38,True
support,medium,6,288,4,False,False,0.97,0.11,True
support,medium,2,142,3,False,False,0.46,0.45,True
support,medium,5,227,5,False,False,0.95,0.87,True
support,medium,2,131,3,False,False,0.53,0.45,True
support,medium,6,283,5,False,False,0.83,0.1,True
support,medium,2,139,3,False,False,0.54,0.44,True
engineering,medium,4,267,5,False,False,1.0,0.78,True
engineering,medium,2,148,3,False,False,0.56,0.38,True
engineering,medium,5,272,6,False,False,0.84,0.85,True
management,medium,2,148,3,True,False,0.48,0.36,True
IT,high,5,270,5,False,False,0.88,0.75,True
IT,low,4,218,5,True,False,0.81,0.81,True
IT,medium,2,150,3,False,False,0.55,0.4,True
IT,medium,5,260,5,False,False,0.83,0.83,True
IT,medium,2,127,3,False,False,0.52,0.41,True
product_management,medium,2,134,3,False,False,0.57,0.42,True
product_management,low,7,258,4,False,False,0.83,0.09,True
product_management,low,5,304,5,False,False,0.81,0.87,True
product_management,low,6,149,4,False,False,0.56,0.43,True
IT,low,2,139,3,False,False,0.51,0.39,True
r&d,low,6,272,5,False,False,0.9,0.1,True
r&d,low,2,132,3,False,False,0.52,0.41,True
r&d,low,2,240,2,False,False,1.0,0.72,True
r&d,low,2,137,3,False,False,0.55,0.44,True
r&d,low,2,139,3,False,False,0.5,0.38,True
r&d,low,2,148,3,False,False,0.52,0.46,True
marketing,low,2,149,3,False,False,0.49,0.4,True
sales,low,2,131,3,False,False,0.45,0.45,True
accounting,low,5,262,5,False,False,0.89,0.89,True
support,low,7,284,4,False,False,0.97,0.1,True
engineering,low,2,161,3,False,False,0.48,0.46,True
management,low,7,290,4,False,False,0.78,0.09,True
marketing,low,2,149,3,False,False,0.57,0.45,True
marketing,low,4,242,6,False,False,0.98,0.89,True
marketing,low,5,227,4,False,False,0.77,0.62,True
sales,low,6,276,4,False,False,0.93,0.11,True
sales,low,2,135,3,False,False,0.5,0.44,True
sales,medium,6,266,4,False,False,0.94,0.09,True
sales,medium,5,236,2,False,False,0.75,0.56,True
sales,medium,4,270,5,False,False,0.89,0.77,True
sales,medium,2,146,3,False,False,0.49,0.39,True
sales,medium,5,272,4,False,False,0.92,0.1,True
sales,medium,5,246,5,False,False,0.85,0.72,True
sales,medium,2,136,3,False,False,0.52,0.4,True
sales,medium,6,260,4,False,False,0.81,0.11,True
sales,medium,5,247,5,False,False,1.0,0.88,True
sales,medium,2,127,3,False,False,0.51,0.37,True
sales,medium,6,267,4,False,False,0.96,0.11,True
sales,medium,2,143,3,False,False,0.52,0.4,True
sales,high,6,306,4,False,False,0.86,0.1,True
sales,low,3,131,4,False,False,0.89,0.62,True
sales,medium,4,249,5,False,False,0.86,0.78,True
sales,medium,2,144,3,False,False,0.52,0.37,True
sales,medium,4,254,5,True,False,0.82,0.76,True
accounting,medium,2,131,3,False,False,0.53,0.42,True
accounting,low,6,272,4,False,False,0.77,0.1,True
accounting,low,2,157,3,False,False,0.47,0.42,True
hr,low,7,301,4,False,False,0.96,0.1,True
hr,low,6,252,4,False,False,0.81,0.1,True
hr,low,2,130,3,False,False,0.47,0.42,True
hr,low,6,297,4,False,False,0.86,0.09,True
engineering,low,6,248,4,False,False,0.8,0.1,True
engineering,low,7,257,4,False,False,0.89,0.11,True
engineering,low,2,147,3,False,False,0.53,0.44,True
engineering,low,3,307,5,False,False,0.9,0.87,True
engineering,low,2,154,3,False,False,0.46,0.44,True
engineering,low,2,143,3,False,False,0.56,0.41,True
engineering,low,4,134,3,False,False,0.79,0.51,True
engineering,low,5,221,5,False,False,0.96,0.89,True
engineering,low,6,275,4,False,False,0.96,0.1,True
engineering,low,5,247,5,False,False,0.94,0.9,True
engineering,low,2,131,3,False,False,0.55,0.36,True
support,low,2,150,3,False,False,0.54,0.44,True
support,low,2,150,3,False,False,0.57,0.39,True
support,low,5,137,4,False,False,1.0,0.38,True
support,low,4,223,6,False,False,0.95,0.73,True
support,medium,6,292,4,False,False,0.96,0.1,True
support,medium,5,130,4,True,False,0.83,0.89,True
support,medium,5,221,6,False,False,0.85,0.87,True
support,medium,4,245,5,True,False,0.89,0.84,True
support,medium,6,274,4,False,False,0.77,0.11,True
support,medium,5,248,5,False,False,1.0,0.74,True
support,medium,4,243,5,False,False,0.97,0.79,True
engineering,medium,7,273,4,False,False,0.92,0.1,True
engineering,medium,5,221,5,False,False,0.95,0.83,True
engineering,medium,6,271,4,False,False,0.79,0.1,True
management,medium,2,157,3,False,False,0.5,0.45,True
IT,medium,2,249,4,False,False,0.48,0.29,True
IT,high,2,145,3,False,False,0.46,0.46,True
IT,low,6,262,5,False,False,0.83,0.11,True
IT,medium,5,272,5,False,False,0.89,0.75,True
IT,medium,2,129,3,False,False,0.5,0.4,True
product_management,medium,2,134,3,False,False,0.46,0.37,True
product_management,medium,2,147,3,False,False,0.52,0.41,True
product_management,low,6,293,4,False,False,0.83,0.1,True
product_management,low,2,129,3,False,False,0.52,0.39,True
IT,low,2,140,3,False,False,0.45,0.4,True
r&d,low,2,132,3,False,False,0.52,0.41,True
r&d,low,6,284,4,False,False,0.89,0.11,True
r&d,low,5,263,5,False,False,0.99,0.74,True
r&d,low,2,143,3,False,False,0.46,0.42,True
r&d,low,4,265,5,False,False,0.88,0.88,True
r&d,low,2,147,3,False,False,0.53,0.37,True
marketing,low,4,253,5,False,False,0.81,0.78,True
sales,low,2,141,3,False,False,0.5,0.46,True
accounting,low,5,222,6,False,False,1.0,0.74,True
support,low,6,273,4,True,False,0.86,0.11,True
engineering,low,5,240,6,False,False,0.87,0.8,True
management,low,2,154,3,False,False,0.48,0.37,True
marketing,low,4,253,6,False,False,0.92,0.87,True
marketing,low,5,221,5,False,False,0.84,0.9,True
marketing,low,6,263,4,False,False,0.88,0.1,True
sales,low,2,145,3,False,False,0.46,0.43,True
sales,low,6,279,4,False,False,0.91,0.11,True
sales,low,2,146,3,False,False,0.46,0.4,True
sales,medium,7,270,4,False,False,0.93,0.09,True
sales,medium,2,135,3,False,False,0.5,0.4,True
sales,medium,5,236,3,False,False,0.7,0.14,True
sales,medium,2,151,3,False,False,0.49,0.4,True
sales,medium,6,244,4,True,False,0.79,0.11,True
sales,medium,4,169,3,False,False,1.0,0.72,True
sales,medium,2,157,3,False,False,0.57,0.39,True
sales,medium,4,246,5,False,False,0.93,0.82,True
sales,medium,2,142,3,False,False,0.52,0.41,True
sales,medium,2,156,3,False,False,0.51,0.45,True
sales,medium,6,281,5,False,False,0.7,0.2,True
sales,medium,2,146,3,False,False,0.53,0.43,True
sales,high,2,156,3,False,False,0.55,0.39,True
sales,low,6,299,4,True,False,0.86,0.11,True
sales,medium,2,136,3,False,False,0.47,0.45,True
sales,medium,6,272,4,False,False,0.87,0.11,True
accounting,medium,5,240,5,False,False,0.86,0.84,True
accounting,medium,5,245,6,False,False,0.96,0.86,True
accounting,low,5,269,5,False,False,0.93,0.79,True
hr,low,2,130,3,False,False,0.57,0.39,True
hr,low,4,257,3,False,False,0.62,0.15,True
hr,low,4,241,5,False,False,1.0,0.81,True
hr,low,2,136,3,False,False,0.53,0.39,True
engineering,low,4,219,5,False,False,0.94,0.92,True
engineering,low,5,271,5,False,False,0.98,0.9,True
engineering,low,2,280,4,False,False,0.6,0.32,True
engineering,low,2,140,3,False,False,0.46,0.46,True
engineering,low,4,254,5,False,False,0.98,0.83,True
engineering,low,2,131,3,False,False,0.47,0.39,True
engineering,low,6,138,3,False,False,0.9,0.2,True
engineering,low,6,295,4,False,False,0.85,0.11,True
engineering,low,6,301,5,False,False,0.96,0.11,True
engineering,low,7,296,4,False,False,0.95,0.1,True
engineering,low,5,246,5,False,False,0.87,0.75,True
support,low,2,145,3,False,False,0.57,0.44,True
support,low,5,241,5,True,False,0.93,0.86,True
support,low,6,269,4,False,False,0.82,0.1,True
support,low,2,146,3,False,False,0.49,0.39,True
support,low,2,149,3,False,False,0.48,0.45,True
support,medium,7,287,4,False,False,0.94,0.1,True
support,medium,2,138,3,False,False,0.55,0.36,True
support,medium,4,158,5,False,False,0.61,0.57,True
support,medium,6,266,4,False,False,0.87,0.09,True
support,medium,4,255,5,False,False,0.91,0.87,True
support,medium,2,156,3,False,False,0.52,0.43,True
engineering,medium,2,147,3,False,False,0.5,0.36,True
engineering,medium,5,265,5,True,False,0.99,0.91,True
engineering,medium,2,136,3,False,False,0.48,0.41,True
management,medium,2,140,3,False,False,0.52,0.37,True
IT,medium,2,146,3,False,False,0.45,0.43,True
IT,medium,2,142,3,False,False,0.57,0.43,True
IT,high,2,155,3,False,False,0.53,0.4,True
IT,low,7,285,4,False,False,0.89,0.1,True
IT,medium,4,253,5,True,False,0.99,0.76,True
product_management,medium,4,248,5,False,False,0.93,0.82,True
product_management,medium,7,255,5,False,False,0.83,0.11,True
product_management,medium,2,154,3,True,False,0.52,0.43,True
product_management,low,7,305,4,False,False,0.88,0.11,True
IT,low,2,141,3,False,False,0.48,0.41,True
r&d,low,5,252,5,False,False,0.87,0.73,True
r&d,low,2,157,3,False,False,0.57,0.37,True
r&d,low,6,250,4,False,False,0.89,0.11,True
r&d,low,2,131,3,False,False,0.52,0.46,True
r&d,low,2,149,3,False,False,0.5,0.41,True
r&d,low,4,260,5,False,False,0.78,0.78,True
marketing,low,5,260,6,False,False,0.86,0.78,True
sales,low,5,251,5,False,False,0.86,0.72,True
accounting,low,6,242,5,False,False,0.83,0.63,True
support,low,6,136,3,False,False,1.0,0.55,True
engineering,low,2,155,3,False,False,0.55,0.45,True
management,low,2,155,3,False,False,0.51,0.39,True
marketing,low,6,248,4,False,False,0.81,0.1,True
marketing,low,2,136,3,False,False,0.5,0.4,True
marketing,low,2,133,3,False,False,0.54,0.39,True
sales,low,4,128,2,False,False,0.45,0.78,True
sales,low,2,142,3,False,False,0.53,0.42,True
sales,low,2,149,3,False,False,0.54,0.39,True
sales,low,2,145,3,False,False,0.57,0.46,True
sales,medium,6,279,4,False,False,0.92,0.1,True
sales,medium,2,146,3,False,False,0.47,0.45,True
sales,medium,6,264,4,True,False,0.83,0.1,True
sales,medium,7,272,4,False,False,0.89,0.1,True
sales,medium,5,256,5,False,False,0.86,0.78,True
sales,medium,2,296,5,False,False,0.65,0.4,True
sales,medium,2,155,3,True,False,0.51,0.45,True
sales,medium,2,130,3,False,False,0.56,0.39,True
sales,medium,2,157,3,False,False,0.48,0.43,True
sales,medium,6,245,4,False,False,0.96,0.09,True
sales,medium,5,226,5,False,False,0.86,0.79,True
sales,medium,2,156,3,True,False,0.47,0.44,True
sales,high,5,228,5,False,False,0.95,0.79,True
sales,low,2,155,3,False,False,0.46,0.38,True
sales,medium,2,159,3,False,False,0.56,0.36,True
accounting,medium,2,142,3,False,False,0.57,0.39,True
accounting,medium,6,271,4,False,False,0.93,0.09,True
accounting,medium,4,277,5,False,False,0.65,0.16,True
hr,low,6,310,4,False,False,0.77,0.09,True
hr,low,6,254,4,False,False,0.87,0.11,True
hr,low,2,142,3,False,False,0.56,0.44,True
hr,low,7,253,4,False,False,0.88,0.11,True
engineering,low,6,260,4,False,False,0.97,0.11,True
engineering,low,2,147,3,False,False,0.52,0.45,True
engineering,low,7,288,4,False,False,0.96,0.1,True
engineering,low,2,160,3,False,False,0.46,0.4,True
engineering,low,2,130,3,False,False,0.55,0.38,True
engineering,low,2,133,3,False,False,0.56,0.39,True
engineering,low,2,160,3,False,False,0.55,0.38,True
engineering,low,2,151,3,False,False,0.45,0.38,True
engineering,low,3,188,4,False,False,0.75,0.17,True
engineering,low,5,247,5,False,False,0.84,0.79,True
engineering,low,7,259,4,False,False,0.85,0.1,True
support,low,2,129,3,False,False,0.48,0.37,True
support,low,2,152,3,False,False,0.49,0.42,True
support,low,2,128,3,False,False,0.48,0.44,True
support,low,6,253,4,False,False,0.83,0.11,True
support,low,2,151,3,False,False,0.48,0.39,True
support,low,5,271,5,False,False,0.83,0.1,True
support,medium,2,155,3,False,False,0.46,0.4,True
support,medium,5,245,5,False,False,0.91,0.86,True
support,medium,2,157,3,False,False,0.46,0.37,True
support,medium,2,160,3,False,False,0.51,0.4,True
support,medium,2,149,3,False,False,0.48,0.43,True
engineering,medium,5,248,5,False,False,0.88,0.88,True
engineering,medium,2,128,3,False,False,0.52,0.44,True
engineering,medium,4,224,5,False,False,1.0,0.87,True
management,medium,2,156,3,False,False,0.46,0.4,True
IT,medium,2,143,3,False,False,0.52,0.45,True
IT,medium,4,250,5,False,False,0.93,0.84,True
IT,medium,3,179,3,False,False,0.68,0.1,True
IT,high,5,257,5,False,False,0.99,0.72,True
IT,low,2,127,3,False,False,0.5,0.4,True
product_management,medium,2,145,3,False,False,0.5,0.45,True
product_management,medium,5,274,5,False,False,0.98,0.89,True
product_management,medium,2,131,3,False,False,0.55,0.4,True
product_management,medium,2,136,3,False,False,0.53,0.38,True
IT,low,2,140,3,True,False,0.47,0.38,True
r&d,low,7,265,4,False,False,0.82,0.1,True
r&d,low,2,148,3,True,False,0.48,0.42,True
r&d,low,5,262,5,False,False,0.86,0.74,True
r&d,low,6,261,4,False,False,0.8,0.1,True
r&d,low,5,248,5,False,False,0.9,0.82,True
marketing,low,2,131,3,False,False,0.55,0.38,True
sales,low,2,160,3,False,False,0.56,0.41,True
accounting,low,2,152,3,False,False,0.47,0.4,True
support,low,4,249,5,False,False,0.98,0.83,True
engineering,low,2,144,3,False,False,0.57,0.36,True
management,low,4,245,5,False,False,0.98,0.75,True
marketing,low,2,146,3,False,False,0.53,0.44,True
marketing,low,6,297,5,False,False,0.94,0.1,True
marketing,low,2,148,3,True,False,0.52,0.39,True
sales,low,7,260,4,False,False,0.84,0.09,True
sales,low,2,152,3,False,False,0.57,0.4,True
sales,low,2,135,3,False,False,0.54,0.41,True
sales,low,4,235,5,False,False,0.92,0.83,True
sales,low,2,145,3,False,False,0.47,0.42,True
sales,low,5,220,4,False,False,0.46,0.61,True
sales,medium,2,128,3,False,False,0.52,0.44,True
sales,medium,5,237,5,False,False,0.81,0.77,True
sales,medium,4,275,5,False,False,0.95,0.81,True
sales,medium,6,310,4,False,False,0.78,0.1,True
sales,medium,5,251,6,False,False,0.84,0.73,True
sales,medium,6,250,4,False,False,0.83,0.09,True
sales,medium,4,259,6,False,False,0.99,0.9,True
sales,medium,4,259,5,False,False,1.0,0.88,True
sales,medium,7,305,4,False,False,0.87,0.09,True
sales,medium,2,130,3,True,False,0.56,0.4,True
sales,medium,6,250,5,False,False,0.55,0.17,True
sales,medium,5,220,6,False,False,0.82,0.82,True
sales,high,4,266,5,False,False,0.83,0.9,True
accounting,low,4,255,5,False,False,0.92,0.83,True
accounting,medium,2,154,3,False,False,0.5,0.44,True
accounting,medium,4,138,3,False,False,0.85,0.5,True
hr,medium,6,291,5,False,False,0.61,0.14,True
hr,medium,4,217,5,False,False,0.82,0.77,True
hr,low,6,286,4,False,False,0.83,0.09,True
hr,low,6,290,4,False,False,0.88,0.11,True
engineering,low,2,148,3,False,False,0.57,0.44,True
engineering,low,2,146,3,False,False,0.52,0.43,True
engineering,low,5,136,2,False,False,0.8,0.12,True
engineering,low,7,261,5,False,False,0.86,0.1,True
engineering,low,6,274,4,False,False,0.96,0.1,True
engineering,low,2,132,3,False,False,0.48,0.4,True
engineering,low,2,145,3,False,False,0.47,0.41,True
engineering,low,2,153,3,False,False,0.48,0.37,True
engineering,low,2,139,3,False,False,0.48,0.4,True
engineering,low,4,231,5,False,False,0.96,0.74,True
engineering,low,2,154,3,False,False,0.48,0.39,True
support,low,5,307,4,False,False,0.9,0.11,True
support,low,2,129,3,False,False,0.51,0.36,True
support,low,5,275,5,False,False,0.83,0.8,True
support,low,3,250,2,False,False,0.85,0.6,True
support,low,2,158,3,False,False,0.54,0.36,True
support,low,6,310,5,False,False,0.96,0.1,True
support,low,2,181,2,False,False,0.86,0.65,True
support,low,4,244,3,False,False,0.73,0.49,True
support,medium,5,256,6,True,False,0.96,0.73,True
support,medium,6,259,5,False,False,0.8,0.11,True
support,medium,4,247,5,False,False,0.91,0.73,True
engineering,medium,2,129,3,False,False,0.46,0.43,True
engineering,medium,5,229,5,False,False,0.93,0.73,True
engineering,medium,5,236,6,False,False,0.85,0.76,True
management,medium,6,281,4,False,False,0.96,0.09,True
IT,medium,5,264,5,False,False,0.81,0.9,True
IT,medium,6,308,4,False,False,0.81,0.1,True
IT,medium,2,147,3,False,False,0.48,0.43,True
IT,medium,2,159,3,False,False,0.55,0.41,True
IT,medium,2,154,3,False,False,0.57,0.41,True
product_management,high,6,307,4,False,False,0.87,0.1,True
product_management,low,2,132,3,False,False,0.46,0.4,True
product_management,medium,2,152,3,False,False,0.53,0.4,True
product_management,medium,5,310,3,False,False,0.48,0.36,True
IT,medium,5,230,5,False,False,0.95,0.83,True
r&d,medium,5,273,5,False,False,0.94,0.83,True
r&d,low,2,144,3,False,False,0.51,0.41,True
r&d,low,7,296,4,False,False,0.93,0.11,True
r&d,low,5,198,5,True,False,0.62,0.68,True
r&d,low,2,157,3,False,False,0.53,0.43,True
marketing,low,2,145,3,False,False,0.51,0.44,True
marketing,low,5,219,5,False,False,0.94,0.87,True
sales,low,2,153,3,False,False,0.54,0.43,True
accounting,low,3,178,5,False,False,0.48,0.89,True
support,low,5,239,5,False,False,0.88,0.83,True
engineering,low,6,278,5,False,False,0.87,0.11,True
management,low,6,260,3,True,False,1.0,0.85,True
marketing,low,4,264,5,False,False,0.97,0.89,True
marketing,low,7,301,4,False,False,0.92,0.09,True
marketing,low,4,134,3,False,False,0.55,0.43,True
sales,low,2,147,3,False,False,0.46,0.42,True
sales,low,2,130,3,False,False,0.54,0.43,True
sales,low,6,307,4,False,False,0.93,0.1,True
sales,low,2,156,3,False,False,0.46,0.37,True
sales,low,4,237,5,False,False,0.98,0.76,True
sales,low,4,254,5,False,False,0.89,0.88,True
sales,low,2,151,3,False,False,0.48,0.39,True
sales,medium,2,131,3,False,False,0.54,0.45,True
sales,medium,5,241,5,False,False,0.95,0.91,True
sales,medium,5,267,5,False,False,0.85,0.86,True
sales,medium,2,153,3,False,False,0.53,0.39,True
sales,medium,4,217,5,False,False,1.0,0.89,True
sales,medium,6,254,4,False,False,0.86,0.11,True
sales,medium,6,265,5,False,False,0.87,0.1,True
sales,medium,2,146,3,False,False,0.57,0.38,True
sales,medium,2,156,3,False,False,0.54,0.4,True
sales,medium,5,269,5,False,False,0.97,0.86,True
sales,medium,6,288,4,False,False,0.86,0.1,True
sales,medium,6,283,4,False,False,0.85,0.1,True
accounting,high,2,128,3,False,False,0.5,0.42,True
accounting,low,2,130,3,False,False,0.46,0.36,True
accounting,medium,2,127,3,False,False,0.48,0.39,True
hr,medium,2,137,3,False,False,0.47,0.43,True
hr,medium,2,133,3,False,False,0.49,0.36,True
hr,medium,6,275,4,False,False,0.91,0.09,True
hr,low,2,146,3,False,False,0.55,0.42,True
engineering,low,2,135,3,False,False,0.46,0.42,True
engineering,low,5,217,5,False,False,0.89,0.91,True
engineering,low,2,154,3,False,False,0.56,0.41,True
engineering,low,6,247,4,False,False,0.78,0.11,True
engineering,low,6,295,5,False,False,0.83,0.09,True
engineering,low,5,224,5,False,False,1.0,0.83,True
engineering,low,6,281,4,False,False,0.78,0.11,True
engineering,low,7,258,4,False,False,0.93,0.1,True
engineering,low,2,150,3,False,False,0.55,0.42,True
engineering,low,7,282,4,False,False,0.97,0.1,True
engineering,low,2,138,3,False,False,0.51,0.38,True
support,low,4,238,6,False,False,0.98,0.77,True
support,low,7,244,4,False,False,0.85,0.11,True
support,low,5,250,6,False,False,0.97,0.87,True
support,low,7,282,4,False,False,0.88,0.1,True
support,low,7,253,4,False,False,0.89,0.1,True
support,low,6,256,4,False,False,0.9,0.09,True
support,low,5,260,5,False,False,0.85,0.84,True
support,low,6,245,4,False,False,0.86,0.11,True
support,low,5,230,5,False,False,0.97,0.81,True
support,medium,5,276,5,False,False,0.85,0.77,True
support,medium,2,137,3,False,False,0.47,0.42,True
engineering,medium,2,140,3,False,False,0.56,0.36,True
engineering,medium,5,269,6,False,False,0.83,0.81,True
engineering,medium,2,130,3,True,False,0.46,0.37,True
management,medium,6,264,4,False,False,0.96,0.1,True
IT,medium,6,175,5,False,False,0.55,0.14,True
IT,medium,2,159,3,False,False,0.51,0.41,True
IT,medium,2,128,3,False,True,0.55,0.44,True
IT,medium,5,232,5,True,False,0.94,0.82,True
IT,medium,3,166,5,False,False,0.54,0.67,True
product_management,medium,2,141,3,False,False,0.57,0.44,True
product_management,high,2,143,3,False,False,0.54,0.42,True
product_management,low,4,239,5,False,False,0.83,0.84,True
product_management,medium,4,232,5,False,False,1.0,0.86,True
IT,medium,5,252,2,False,False,0.86,0.56,True
r&d,medium,6,255,4,False,False,0.93,0.09,True
r&d,medium,7,270,4,False,False,0.81,0.1,True
r&d,low,2,149,3,False,False,0.54,0.39,True
r&d,low,5,276,5,False,False,0.89,0.75,True
r&d,low,2,159,3,False,False,0.55,0.43,True
marketing,low,7,274,5,False,False,0.96,0.09,True
sales,low,4,264,5,False,False,0.94,0.83,True
accounting,low,3,156,4,False,False,1.0,0.59,True
support,low,2,135,3,False,False,0.54,0.44,True
engineering,low,2,128,3,False,False,0.49,0.38,True
management,low,5,242,5,False,False,0.98,0.76,True
marketing,low,4,293,3,False,False,0.86,0.22,True
marketing,low,2,141,3,False,False,0.46,0.4,True
marketing,low,2,155,3,False,False,0.48,0.41,True
sales,low,2,141,3,False,False,0.51,0.38,True
sales,low,4,212,4,True,False,0.68,0.45,True
sales,low,2,160,3,False,False,0.56,0.39,True
sales,low,2,150,3,False,False,0.47,0.45,True
sales,low,2,132,3,True,False,0.53,0.42,True
sales,low,6,248,4,False,False,0.87,0.1,True
sales,low,5,272,5,False,False,0.96,0.78,True
sales,low,2,160,3,False,False,0.56,0.39,True
sales,low,7,299,4,False,False,0.87,0.1,True
sales,medium,6,292,4,False,False,0.8,0.1,True
sales,medium,2,126,3,False,False,0.46,0.43,True
sales,medium,2,132,3,False,False,0.45,0.38,True
sales,medium,6,282,5,False,False,0.77,0.09,True
sales,medium,2,141,3,False,False,0.53,0.39,True
sales,medium,6,206,5,False,False,0.99,0.73,True
sales,medium,2,140,3,False,False,0.49,0.38,True
sales,medium,6,255,4,False,False,0.91,0.1,True
sales,medium,2,133,3,False,False,0.54,0.41,True
sales,medium,2,131,3,False,False,0.51,0.43,True
accounting,medium,4,257,5,False,False,0.96,0.79,True
accounting,medium,6,269,4,False,False,0.81,0.1,True
accounting,high,6,254,4,False,False,0.97,0.11,True
hr,low,2,143,3,False,False,0.5,0.42,True
hr,medium,2,157,3,False,False,0.51,0.36,True
hr,medium,5,163,3,False,False,0.93,0.63,True
hr,medium,2,133,3,False,False,0.56,0.41,True
engineering,medium,2,157,3,False,False,0.46,0.36,True
engineering,low,6,301,5,False,False,0.9,0.1,True
engineering,low,6,310,4,False,False,0.96,0.11,True
engineering,low,2,133,3,False,False,0.54,0.44,True
engineering,low,5,249,6,False,False,0.96,0.77,True
engineering,low,4,251,6,False,False,1.0,0.91,True
engineering,low,2,242,3,False,False,0.46,0.26,True
engineering,low,5,265,6,False,False,0.93,0.81,True
engineering,low,6,280,4,False,False,0.87,0.11,True
engineering,low,4,241,5,False,False,0.89,0.92,True
engineering,low,5,253,4,False,False,0.86,0.1,True
support,low,2,137,3,False,False,0.51,0.45,True
support,low,6,266,4,False,False,0.94,0.11,True
support,low,5,168,4,False,False,0.7,0.23,True
support,low,4,270,5,False,False,0.95,0.86,True
support,low,2,141,3,False,False,0.55,0.44,True
support,low,2,133,3,False,False,0.56,0.41,True
support,low,5,256,5,False,False,0.97,0.84,True
support,low,2,160,3,False,False,0.52,0.42,True
support,low,7,275,4,False,False,0.88,0.11,True
support,low,2,160,3,False,False,0.46,0.38,True
support,low,7,244,4,False,False,0.96,0.11,True
engineering,medium,6,271,4,False,False,0.83,0.1,True
engineering,medium,5,268,5,False,False,0.88,0.86,True
engineering,medium,4,253,5,True,False,1.0,0.91,True
management,medium,2,140,3,False,False,0.53,0.37,True
IT,medium,2,146,3,False,False,0.5,0.46,True
IT,medium,6,259,5,False,False,0.89,0.1,True
IT,medium,2,127,3,False,False,0.46,0.37,True
IT,medium,2,161,3,False,False,0.48,0.4,True
IT,medium,6,260,4,False,False,0.78,0.09,True
product_management,medium,6,272,4,False,False,0.89,0.11,True
product_management,medium,2,159,3,False,False,0.48,0.39,True
product_management,medium,4,219,6,False,False,0.96,0.89,True
product_management,high,6,243,4,False,False,0.91,0.09,True
IT,low,4,255,5,True,False,0.97,0.88,True
r&d,medium,7,245,4,False,False,0.9,0.11,True
r&d,medium,6,264,5,False,False,0.95,0.1,True
r&d,medium,4,245,6,False,False,1.0,0.91,True
r&d,medium,2,137,3,False,False,0.52,0.44,True
r&d,low,2,157,4,False,False,0.76,0.63,True
marketing,low,7,247,4,False,False,0.87,0.1,True
sales,low,2,144,3,False,False,0.51,0.36,True
accounting,low,2,149,3,False,False,0.51,0.45,True
support,low,5,253,6,False,False,1.0,0.73,True
engineering,low,2,140,3,False,False,0.55,0.37,True
management,low,7,307,4,False,False,0.85,0.09,True
marketing,low,3,205,4,False,False,0.71,0.41,True
marketing,low,5,234,5,False,False,1.0,0.72,True
marketing,low,2,127,3,False,False,0.54,0.36,True
sales,low,4,229,5,False,False,1.0,0.9,True
sales,low,2,141,3,False,False,0.56,0.44,True
sales,low,4,260,5,False,False,0.95,0.78,True
sales,low,2,141,3,False,False,0.52,0.37,True
sales,low,2,144,3,True,False,0.47,0.4,True
sales,low,5,250,5,False,False,1.0,0.84,True
sales,low,6,245,4,False,False,0.86,0.09,True
sales,low,4,269,5,False,False,0.93,0.83,True
sales,low,6,273,4,False,False,0.87,0.11,True
sales,low,2,142,3,False,False,0.5,0.37,True
sales,low,6,273,5,False,False,0.93,0.09,True
sales,medium,2,248,2,False,False,0.47,0.43,True
sales,medium,2,147,3,False,False,0.56,0.39,True
sales,medium,2,168,2,False,False,0.9,0.85,True
sales,medium,2,128,3,False,False,0.52,0.38,True
sales,medium,5,227,5,True,False,0.84,0.76,True
sales,medium,2,135,3,False,False,0.51,0.44,True
sales,medium,4,268,5,False,False,1.0,0.73,True
sales,medium,2,136,3,False,False,0.53,0.43,True
accounting,medium,2,149,3,True,False,0.51,0.43,True
accounting,medium,7,264,4,False,False,0.96,0.09,True
accounting,medium,2,143,3,False,False,0.53,0.43,True
hr,medium,2,138,3,False,False,0.57,0.45,True
hr,high,2,146,3,False,False,0.48,0.42,True
hr,low,2,150,3,True,False,0.46,0.41,True
hr,medium,2,156,3,False,False,0.55,0.44,True
engineering,medium,7,245,4,False,False,0.92,0.09,True
engineering,medium,2,156,3,False,False,0.51,0.41,True
engineering,medium,2,143,3,False,False,0.51,0.43,True
engineering,low,2,159,3,False,False,0.51,0.38,True
engineering,low,4,217,5,False,False,0.96,0.85,True
engineering,low,4,234,6,False,False,0.91,0.88,True
engineering,low,2,138,3,False,False,0.46,0.44,True
engineering,low,7,265,4,False,False,0.92,0.11,True
engineering,low,2,145,3,False,False,0.5,0.38,True
engineering,low,6,263,4,False,False,0.78,0.09,True
engineering,low,6,264,4,False,False,0.79,0.11,True
support,low,6,253,4,False,False,0.88,0.11,True
support,low,2,155,3,False,False,0.48,0.44,True
support,low,2,137,3,False,False,0.51,0.38,True
support,low,6,254,5,False,False,0.87,0.1,True
support,low,2,143,3,False,False,0.57,0.45,True
support,low,7,280,5,False,False,0.94,0.11,True
support,low,2,136,3,False,False,0.48,0.36,True
support,low,5,271,5,False,False,0.95,0.72,True
support,low,2,157,3,False,False,0.48,0.43,True
support,low,2,150,3,False,False,0.5,0.45,True
support,low,2,127,3,False,False,0.53,0.4,True
engineering,low,6,271,4,False,False,0.81,0.1,True
engineering,low,5,257,5,False,False,0.93,0.83,True
engineering,medium,7,305,4,False,False,0.8,0.11,True
management,medium,2,152,3,False,False,0.5,0.43,True
IT,medium,2,144,3,False,False,0.5,0.38,True
IT,medium,5,269,5,False,False,1.0,0.83,True
IT,medium,7,285,4,False,False,0.82,0.11,True
IT,medium,2,136,3,False,False,0.52,0.43,True
IT,medium,6,294,4,False,False,0.88,0.11,True
product_management,medium,2,157,3,False,False,0.46,0.43,True
product_management,medium,6,280,4,False,False,0.89,0.1,True
product_management,medium,2,152,3,False,False,0.51,0.44,True
product_management,medium,5,276,6,False,False,0.91,0.82,True
IT,medium,6,247,4,False,False,0.86,0.1,True
r&d,high,5,286,4,False,False,0.95,0.1,True
r&d,low,5,257,5,False,False,0.89,0.3,True
r&d,medium,6,258,4,False,False,0.93,0.1,True
r&d,medium,2,151,3,False,False,0.5,0.39,True
r&d,medium,4,175,2,False,False,0.47,0.14,True
marketing,medium,4,252,5,False,False,0.92,0.82,True
sales,low,6,266,4,False,False,0.85,0.1,True
accounting,low,6,295,4,False,False,0.9,0.09,True
support,low,6,165,6,False,False,0.83,0.54,True
engineering,low,2,264,4,False,False,0.58,0.61,True
management,low,6,275,4,False,False,0.79,0.1,True
marketing,low,6,299,4,False,False,0.9,0.1,True
marketing,low,2,147,3,False,False,0.49,0.36,True
marketing,low,7,306,4,False,False,0.97,0.1,True
sales,low,5,242,5,False,False,1.0,0.84,True
sales,low,2,159,3,False,False,0.51,0.38,True
sales,low,2,147,3,False,False,0.49,0.41,True
sales,low,2,154,3,True,False,0.51,0.37,True
sales,low,2,129,3,False,False,0.56,0.43,True
sales,low,2,161,3,False,False,0.53,0.46,True
sales,low,6,269,4,False,False,0.84,0.09,True
sales,low,5,274,5,False,False,0.86,0.78,True
sales,low,2,159,3,False,False,0.53,0.45,True
sales,low,2,135,3,False,False,0.47,0.42,True
sales,low,2,147,3,False,False,0.53,0.46,True
sales,low,2,142,3,False,False,0.49,0.39,True
sales,low,2,130,3,False,False,0.51,0.36,True
sales,medium,2,147,3,False,False,0.53,0.43,True
sales,medium,5,246,5,True,False,0.87,0.85,True
sales,medium,6,281,4,False,False,0.92,0.11,True
sales,medium,6,253,4,False,False,0.9,0.11,True
sales,medium,2,128,3,False,False,0.47,0.38,True
sales,medium,2,129,3,False,False,0.57,0.43,True
accounting,medium,5,223,6,False,False,1.0,0.75,True
accounting,medium,6,269,4,False,False,0.92,0.11,True
accounting,medium,7,269,4,False,False,0.9,0.1,True
hr,medium,7,244,5,False,False,0.81,0.1,True
hr,medium,2,154,3,False,False,0.5,0.37,True
hr,medium,5,140,5,False,False,0.93,0.11,True
hr,high,2,159,3,False,False,0.46,0.45,True
engineering,low,2,158,3,False,False,0.48,0.44,True
engineering,medium,2,133,3,False,False,0.56,0.44,True
engineering,medium,6,247,4,False,False,0.77,0.11,True
engineering,medium,5,268,5,False,False,0.93,0.79,True
engineering,medium,5,267,5,False,False,0.9,0.8,True
engineering,low,7,251,5,False,False,0.87,0.1,True
engineering,low,6,279,4,False,False,0.93,0.09,True
engineering,low,6,161,4,False,False,0.84,0.7,True
engineering,low,4,256,5,False,False,0.84,0.72,True
engineering,low,6,304,4,False,False,0.8,0.11,True
engineering,low,2,137,3,False,False,0.51,0.39,True
support,low,2,144,3,False,False,0.49,0.4,True
support,low,2,142,3,False,False,0.54,0.43,True
support,low,5,262,5,False,False,0.87,0.76,True
support,low,2,142,3,False,False,0.48,0.4,True
support,low,6,282,4,False,False,0.89,0.09,True
support,low,2,157,3,False,False,0.54,0.37,True
support,low,5,228,5,False,False,0.91,0.87,True
support,low,6,283,4,False,False,0.86,0.1,True
support,low,6,286,4,False,False,0.86,0.11,True
support,low,2,148,3,False,False,0.5,0.43,True
support,low,6,245,4,False,False,0.81,0.1,True
engineering,low,6,279,4,False,False,0.95,0.11,True
engineering,low,5,245,5,False,False,0.87,0.85,True
engineering,low,2,138,3,False,False,0.49,0.37,True
management,low,2,141,3,False,False,0.52,0.44,True
IT,medium,7,302,5,False,False,0.83,0.1,True
IT,medium,6,268,4,False,False,0.89,0.11,True
IT,medium,5,240,5,False,False,0.88,0.87,True
IT,medium,2,127,3,False,False,0.49,0.39,True
IT,medium,7,264,4,False,False,0.94,0.1,True
product_management,medium,2,155,3,False,False,0.53,0.44,True
product_management,medium,2,143,3,False,False,0.49,0.4,True
product_management,medium,5,217,6,False,False,0.98,0.76,True
product_management,medium,2,147,3,False,False,0.55,0.46,True
IT,medium,4,271,5,False,False,0.92,0.9,True
r&d,medium,4,273,5,False,False,0.87,0.85,True
r&d,medium,5,285,4,True,False,0.78,0.1,True
r&d,high,2,131,3,False,False,0.49,0.43,True
r&d,low,5,135,6,False,False,0.5,0.2,True
r&d,medium,5,239,5,False,False,0.92,0.81,True
marketing,medium,5,237,5,False,False,0.85,0.83,True
sales,medium,4,277,5,True,False,0.75,0.14,True
accounting,medium,5,303,5,False,False,0.84,0.1,True
support,low,4,242,6,False,False,0.98,0.91,True
engineering,low,2,158,3,False,False,0.57,0.37,True
management,low,2,147,3,True,False,0.57,0.42,True
marketing,low,2,282,5,False,False,0.68,0.39,True
marketing,low,2,154,3,False,False,0.54,0.39,True
marketing,low,2,149,3,False,False,0.52,0.44,True
sales,low,2,149,3,False,False,0.45,0.37,True
sales,low,2,146,3,False,False,0.53,0.39,True
sales,low,4,258,5,False,False,0.94,0.72,True
sales,low,2,148,3,False,False,0.49,0.37,True
sales,low,5,236,5,False,False,0.94,0.82,True
sales,low,2,134,3,False,False,0.52,0.42,True
sales,low,2,155,5,False,False,1.0,0.59,True
sales,low,5,257,5,False,False,0.86,0.82,True
sales,low,6,189,2,False,False,0.97,0.73,True
sales,low,3,164,3,False,False,0.66,0.78,True
sales,low,6,271,4,False,False,0.95,0.09,True
sales,low,6,280,4,False,False,0.97,0.1,True
sales,low,2,149,3,False,False,0.46,0.45,True
sales,low,5,219,5,False,False,0.81,0.83,True
sales,low,2,128,3,False,False,0.51,0.43,True
sales,medium,2,128,3,False,False,0.47,0.4,True
sales,medium,2,157,3,False,False,0.46,0.43,True
sales,medium,4,225,5,False,False,0.93,0.78,True
sales,medium,2,140,3,False,False,0.45,0.39,True
accounting,medium,6,310,4,False,False,0.97,0.11,True
accounting,medium,2,143,3,False,False,0.52,0.36,True
accounting,medium,2,153,3,False,False,0.54,0.36,True
hr,medium,7,310,4,False,False,0.79,0.1,True
hr,medium,2,136,3,False,False,0.47,0.4,True
hr,medium,4,251,6,False,False,0.85,0.81,True
hr,medium,2,144,3,False,False,0.47,0.4,True
engineering,medium,6,296,4,False,False,0.93,0.09,True
engineering,high,5,238,5,False,False,0.89,0.76,True
engineering,low,5,162,4,False,False,0.93,0.73,True
engineering,medium,2,137,3,False,False,0.49,0.38,True
engineering,medium,5,257,5,False,False,0.84,0.72,True
engineering,medium,2,148,3,False,False,0.56,0.4,True
engineering,medium,5,254,5,False,False,0.99,0.91,True
engineering,low,4,247,6,False,False,0.85,0.85,True
engineering,low,5,206,4,False,False,0.7,0.9,True
engineering,low,2,145,3,False,False,0.55,0.46,True
engineering,low,2,159,3,True,False,0.57,0.43,True
support,low,5,228,5,True,False,0.88,0.89,True
support,low,6,257,4,False,False,0.81,0.09,True
support,low,2,155,3,False,False,0.48,0.4,True
support,low,6,293,6,False,False,0.83,0.76,True
support,low,2,151,3,False,False,0.57,0.4,True
support,low,2,160,3,False,False,0.48,0.37,True
support,low,2,143,3,False,False,0.53,0.37,True
support,low,6,280,4,False,False,0.96,0.11,True
support,low,2,158,3,False,False,0.52,0.37,True
support,low,7,310,4,False,False,0.89,0.09,True
support,low,5,258,5,False,False,0.86,0.88,True
engineering,low,5,262,5,False,False,0.94,0.84,True
engineering,low,6,265,4,False,False,0.98,0.1,True
engineering,low,2,143,3,True,False,0.47,0.41,True
management,low,5,232,6,False,False,0.91,0.84,True
IT,low,2,161,3,False,False,0.55,0.41,True
IT,low,5,132,6,False,False,0.76,0.53,True
IT,medium,2,139,3,True,False,0.47,0.42,True
IT,medium,2,131,3,False,False,0.5,0.36,True
IT,medium,2,161,3,False,False,0.52,0.38,True
product_management,medium,2,152,3,False,False,0.48,0.36,True
product_management,medium,2,138,3,False,False,0.54,0.46,True
product_management,medium,2,159,3,True,False,0.47,0.37,True
product_management,medium,2,153,3,False,False,0.49,0.42,True
IT,medium,2,156,3,False,False,0.56,0.44,True
r&d,medium,5,265,5,False,False,0.82,0.92,True
r&d,medium,6,301,5,False,False,0.79,0.1,True
r&d,medium,4,220,6,False,False,1.0,0.76,True
r&d,medium,6,247,4,False,False,0.79,0.11,True
r&d,high,2,136,3,False,False,0.48,0.43,True
marketing,low,2,160,3,False,False,0.49,0.4,True
sales,medium,7,310,4,False,False,0.84,0.11,True
accounting,medium,5,240,5,False,False,0.82,0.84,True
support,medium,5,238,5,False,False,0.84,0.84,True
engineering,medium,7,243,5,False,False,0.6,0.51,True
management,low,5,248,4,False,False,0.91,0.66,True
marketing,low,2,137,3,False,False,0.56,0.42,True
marketing,low,2,155,3,False,False,0.49,0.38,True
marketing,low,7,229,3,False,False,0.63,0.15,True
sales,low,2,140,3,False,False,0.53,0.38,True
sales,low,2,156,3,False,False,0.54,0.43,True
sales,low,2,147,3,False,False,0.57,0.37,True
sales,low,7,293,4,False,False,0.92,0.11,True
sales,low,2,157,3,False,False,0.53,0.41,True
sales,low,4,247,5,False,False,0.96,0.84,True
sales,low,2,148,3,False,False,0.51,0.4,True
sales,low,4,215,3,False,False,0.74,0.58,False
sales,low,2,202,3,False,False,0.67,0.82,False
sales,low,5,193,3,False,False,0.69,0.45,False
sales,low,5,247,3,False,False,0.82,0.78,False
sales,low,3,214,2,False,False,0.6,0.49,False
sales,low,3,206,4,False,False,0.95,0.36,False
sales,low,2,176,2,False,False,0.37,0.54,False
sales,low,5,136,4,False,False,0.91,0.99,False
sales,low,6,127,3,False,False,0.75,0.5,False
sales,low,4,268,3,False,False,0.64,0.74,False
sales,medium,4,258,3,False,False,0.58,0.56,False
sales,medium,2,136,3,False,False,0.39,0.34,False
accounting,medium,5,255,6,False,False,0.94,0.48,False
accounting,medium,3,218,3,False,False,0.62,0.73,False
accounting,medium,3,268,4,False,False,0.87,0.59,False
hr,medium,3,224,2,False,False,0.57,0.81,False
hr,medium,3,231,3,False,False,0.66,0.9,False
hr,medium,6,191,6,False,False,0.84,0.41,False
hr,medium,4,165,5,False,False,0.92,0.89,False
engineering,medium,4,252,3,False,False,0.84,0.48,False
engineering,medium,5,266,2,False,False,0.97,0.79,False
engineering,medium,5,248,3,False,False,0.66,0.98,False
engineering,high,4,144,4,False,False,0.7,0.75,False
engineering,low,4,174,3,False,False,0.41,1.0,False
engineering,medium,5,179,6,False,False,0.82,0.24,False
engineering,medium,6,246,4,False,False,0.43,0.84,False
engineering,medium,4,201,3,True,False,0.86,0.56,False
engineering,medium,4,208,3,False,False,0.93,0.92,False
engineering,low,3,267,3,False,False,0.98,0.61,False
engineering,low,4,262,4,False,False,0.77,0.84,False
support,low,3,235,3,False,False,0.59,0.85,False
support,low,2,160,4,False,False,0.57,0.67,False
support,low,4,267,4,False,False,0.94,0.54,False
support,low,5,175,4,False,False,0.56,0.75,False
support,low,4,224,2,False,False,0.79,0.82,False
support,low,4,177,2,False,False,0.6,0.76,False
support,low,6,191,4,False,False,0.53,0.19,False
support,low,3,138,3,False,False,0.41,0.61,False
support,low,3,218,2,True,False,0.8,0.51,False
support,low,3,179,2,True,False,0.88,0.52,False
support,low,3,241,3,False,False,0.58,0.74,False
engineering,low,4,240,3,False,False,0.91,0.98,False
engineering,low,3,202,4,False,False,0.92,0.71,False
engineering,low,6,260,3,False,False,0.88,0.33,False
management,low,3,196,3,False,False,0.97,0.98,False
IT,low,2,176,3,True,False,0.59,0.52,False
IT,low,2,140,3,False,False,0.65,0.84,False
IT,low,3,242,2,False,False,0.5,0.87,False
IT,low,3,279,4,False,False,0.85,0.48,False
IT,medium,4,202,3,False,False,0.55,0.58,False
product_management,medium,5,228,3,False,False,0.84,0.58,False
product_management,medium,4,171,3,False,False,0.69,0.73,False
product_management,medium,4,153,3,False,False,0.54,0.68,False
product_management,medium,3,165,3,True,False,0.68,0.41,False
IT,medium,3,182,3,False,False,0.6,0.85,False
r&d,medium,5,239,5,False,False,0.7,0.54,False
r&d,medium,5,231,2,False,False,0.61,0.81,False
r&d,medium,4,255,3,False,False,0.52,0.7,False
r&d,medium,4,237,2,True,False,0.66,0.63,False
r&d,medium,3,251,2,False,False,0.54,0.68,False
marketing,medium,4,178,2,False,False,0.53,0.7,False
sales,high,4,148,3,False,False,0.65,0.82,False
accounting,low,4,240,4,False,False,0.94,0.72,False
support,medium,3,269,3,False,False,0.78,0.77,False
engineering,medium,4,147,3,False,False,0.91,0.86,False
management,medium,3,198,5,False,False,0.97,0.15,False
marketing,medium,5,143,3,False,False,0.99,0.81,False
marketing,low,3,238,2,False,False,0.98,0.93,False
marketing,low,4,213,4,False,False,0.74,0.62,False
sales,low,3,226,3,True,False,0.81,0.53,False
sales,low,3,169,2,True,False,0.99,0.86,False
sales,low,4,238,2,False,False,0.65,0.92,False
sales,low,4,202,3,False,False,0.83,0.97,False
sales,low,2,205,6,True,False,0.78,0.39,False
sales,low,3,111,4,False,False,0.66,0.45,False
sales,low,4,104,3,False,False,0.47,0.41,False
sales,low,3,212,3,False,False,0.69,0.51,False
sales,low,4,236,4,False,False,0.62,0.74,False
sales,low,5,245,2,True,False,0.57,0.69,False
sales,low,4,267,4,False,False,0.64,0.84,False
sales,low,5,106,5,False,False,0.66,0.69,False
sales,low,5,198,3,False,False,0.53,0.93,False
sales,low,6,239,3,False,False,0.45,0.33,False
sales,low,5,220,3,False,False,0.65,0.25,False
sales,low,5,224,3,False,False,0.59,0.63,False
sales,low,3,100,3,False,False,0.62,0.81,False
sales,low,4,244,5,False,False,0.87,0.12,False
sales,low,4,139,3,False,False,0.66,0.52,False
accounting,medium,2,152,2,False,False,0.51,0.57,False
accounting,medium,4,208,3,False,False,0.58,0.84,False
accounting,medium,5,205,3,False,False,0.95,0.6,False
hr,medium,2,194,6,False,False,0.44,0.73,False
hr,medium,3,209,5,False,False,0.58,0.2,False
hr,medium,3,212,3,False,False,0.9,0.58,False
hr,medium,2,151,3,False,False,0.56,0.48,False
engineering,medium,4,282,6,False,False,0.67,0.54,False
engineering,medium,4,256,3,False,False,1.0,0.86,False
engineering,medium,2,185,3,True,False,0.83,0.94,False
engineering,medium,5,132,3,False,False,0.74,0.76,False
engineering,medium,5,233,3,False,False,0.95,0.61,False
engineering,high,4,215,2,False,False,0.94,0.56,False
engineering,low,3,220,4,False,False,0.74,1.0,False
engineering,medium,6,222,3,False,False,0.53,0.15,False
engineering,medium,5,182,2,False,False,0.58,0.19,False
engineering,medium,5,258,4,False,False,0.73,0.17,False
engineering,medium,3,209,2,False,False,0.57,0.71,False
support,low,3,242,2,False,False,0.79,0.86,False
support,low,4,155,3,True,False,0.88,0.59,False
support,low,5,104,4,False,False,0.76,0.74,False
support,low,4,201,3,True,False,0.92,0.98,False
support,low,5,143,3,False,False,0.75,0.93,False
support,low,5,161,3,True,False,0.92,1.0,False
support,low,4,200,2,False,False,0.81,0.59,False
support,low,4,255,2,False,False,0.55,0.98,False
support,low,5,227,2,False,False,0.5,0.35,False
support,low,3,270,6,False,False,0.96,0.42,False
support,low,5,230,3,False,False,0.85,0.61,False
engineering,low,5,270,3,True,False,0.72,0.78,False
engineering,low,4,200,3,False,False,0.52,0.93,False
engineering,low,5,207,3,False,False,0.95,0.5,False
management,low,5,182,3,False,False,0.51,0.67,False
IT,low,4,234,3,False,False,0.85,0.75,False
IT,low,4,237,2,False,False,0.51,0.79,False
IT,low,4,187,2,True,False,0.89,0.84,False
IT,low,3,257,6,False,False,0.5,0.72,False
IT,low,2,194,2,False,False,0.48,0.57,False
product_management,low,4,162,3,False,False,0.52,0.73,False
product_management,medium,4,148,2,False,False,0.58,0.74,False
product_management,medium,4,210,2,False,False,0.83,0.52,False
product_management,medium,3,213,2,True,False,0.76,0.56,False
IT,medium,4,189,2,True,False,0.68,0.76,False
r&d,medium,4,185,2,False,False,0.93,0.82,False
r&d,medium,3,186,2,True,False,0.83,0.76,False
r&d,medium,3,128,3,False,False,0.59,0.62,False
r&d,medium,4,268,3,False,False,0.8,0.48,False
r&d,medium,3,213,3,True,False,0.77,0.64,False
marketing,medium,4,142,2,False,False,0.82,0.74,False
sales,medium,2,199,2,False,False,0.43,0.52,False
accounting,medium,4,157,2,False,False,0.5,0.67,False
support,high,5,172,2,True,False,0.76,0.71,False
engineering,low,3,176,3,True,False,0.63,0.72,False
management,medium,2,183,2,False,False,0.58,0.33,False
marketing,medium,4,270,2,False,False,0.56,0.91,False
marketing,medium,5,157,4,True,False,0.68,0.88,False
marketing,medium,4,185,3,False,False,0.6,0.96,False
sales,low,3,167,3,False,False,0.68,0.97,False
sales,low,5,226,5,False,False,0.59,0.27,False
sales,low,3,223,4,False,False,0.64,0.65,False
sales,low,3,257,3,False,False,0.73,0.68,False
sales,low,4,143,3,False,False,0.46,0.68,False
sales,low,3,215,2,False,False,0.74,0.69,False
sales,low,3,194,4,False,False,0.99,0.79,False
sales,low,5,193,3,False,False,0.92,0.74,False
sales,low,3,163,3,False,False,0.83,0.8,False
sales,low,5,252,5,False,False,0.94,0.38,False
sales,low,3,168,3,False,False,0.83,0.26,False
sales,low,3,231,3,False,False,0.86,0.81,False
sales,low,2,141,2,False,False,0.54,0.67,False
sales,low,4,260,2,False,False,0.81,0.55,False
sales,low,3,132,2,False,False,0.71,0.87,False
sales,low,2,159,2,False,False,0.69,0.46,False
sales,low,4,177,3,True,False,0.57,0.63,False
sales,low,4,248,3,False,False,0.96,0.54,False
sales,low,3,185,2,False,False,0.49,1.0,False
accounting,low,4,149,2,False,False,0.66,0.97,False
accounting,low,3,152,3,False,False,0.92,0.9,False
accounting,medium,3,129,3,False,False,0.7,0.75,False
hr,medium,4,208,2,False,False,0.84,0.92,False
hr,medium,4,136,2,False,False,0.94,0.8,False
hr,medium,3,142,2,False,False,0.81,0.57,False
hr,medium,3,225,4,False,False,0.94,0.81,False
engineering,medium,3,143,3,False,False,0.6,0.64,False
engineering,medium,4,215,3,False,False,0.54,0.71,False
engineering,medium,3,229,6,True,False,0.58,0.35,False
engineering,medium,5,193,5,False,False,0.81,0.88,False
engineering,medium,5,160,5,False,False,0.59,0.13,False
engineering,medium,4,195,5,True,False,0.73,0.82,False
engineering,medium,4,189,2,False,False,0.92,0.17,False
engineering,high,4,207,5,False,False,0.82,0.21,False
engineering,low,4,108,3,False,False,0.47,0.89,False
engineering,medium,6,224,4,False,False,0.72,0.2,False
engineering,medium,5,180,3,True,False,0.81,0.99,False
support,medium,6,152,4,False,False,0.85,0.26,False
support,medium,4,244,2,False,False,0.53,0.22,False
support,low,3,176,3,False,False,0.84,0.79,False
support,low,4,145,2,True,False,0.79,0.73,False
support,low,3,149,3,False,False,0.54,0.83,False
support,low,3,122,4,False,False,0.54,0.42,False
support,low,2,110,5,False,False,0.8,0.18,False
support,low,4,222,2,False,False,0.91,0.92,False
support,low,3,237,3,False,False,0.52,0.87,False
support,low,4,224,3,False,False,0.65,0.72,False
support,low,5,115,5,False,False,0.58,0.64,False
engineering,low,4,180,3,False,False,0.66,1.0,False
engineering,low,4,162,3,False,False,0.65,0.83,False
engineering,low,4,136,3,False,False,0.58,0.98,False
management,low,3,260,2,False,False,0.87,0.7,False
IT,low,4,150,2,False,False,0.79,0.9,False
IT,low,4,248,3,False,False,0.99,0.55,False
IT,low,3,233,3,True,False,0.84,0.78,False
IT,low,5,272,3,False,False,0.53,0.89,False
IT,low,3,197,5,False,False,0.59,0.17,False
product_management,low,5,164,5,False,False,0.64,0.14,False
product_management,low,4,216,2,False,False,0.57,0.85,False
product_management,low,4,266,3,True,False,0.79,0.84,False
product_management,medium,3,102,4,True,False,0.69,0.7,False
IT,medium,5,284,5,False,False,0.98,0.16,False
r&d,medium,3,145,2,True,False,0.69,0.51,False
r&d,medium,3,167,4,False,False,0.89,0.6,False
r&d,medium,3,172,2,False,False,0.63,0.5,False
r&d,medium,5,198,5,False,False,0.39,0.43,False
r&d,medium,4,201,4,False,False,0.7,0.5,False
marketing,medium,4,197,4,False,False,0.89,0.91,False
sales,medium,4,270,2,False,False,0.93,0.65,False
accounting,medium,2,149,3,False,False,0.52,0.59,False
support,medium,3,256,3,False,False,0.56,0.89,False
engineering,medium,3,162,3,False,False,0.6,0.97,False
management,high,5,163,2,False,False,0.97,0.56,False
marketing,low,3,266,3,True,False,0.93,0.76,False
marketing,medium,4,208,4,False,False,0.55,0.28,False
marketing,medium,4,138,4,False,False,0.51,0.75,False
sales,medium,4,232,3,False,False,0.81,0.78,False
sales,medium,6,100,4,False,False,0.63,0.26,False
sales,low,2,172,5,False,False,0.72,0.53,False
sales,low,3,133,6,True,False,0.41,0.25,False
sales,low,3,234,3,False,False,0.51,0.82,False
sales,low,2,183,4,False,False,0.57,0.71,False
sales,low,4,174,4,False,False,0.95,0.61,False
sales,low,3,175,2,False,False,0.68,0.89,False
sales,low,3,109,3,True,False,0.78,0.57,False
sales,low,4,248,3,False,False,0.8,0.93,False
sales,low,5,104,4,False,False,0.84,0.61,False
sales,low,3,154,2,False,False,0.62,0.56,False
sales,low,6,214,2,False,False,0.89,0.7,False
sales,low,4,209,4,False,False,0.64,0.9,False
sales,low,6,212,2,False,False,0.74,0.15,False
sales,low,3,168,3,True,False,0.36,0.39,False
sales,low,4,176,3,False,False,0.72,0.74,False
sales,low,4,163,4,True,False,0.61,0.7,False
sales,low,4,148,2,False,False,0.93,0.72,False
accounting,low,3,137,3,False,False,0.97,0.61,False
accounting,low,5,162,3,False,False,1.0,0.96,False
accounting,low,4,216,3,False,False,0.59,0.7,False
hr,low,3,240,2,False,False,0.49,0.92,False
hr,medium,4,176,2,False,False,0.56,0.72,False
hr,medium,6,192,6,False,False,0.75,0.53,False
hr,medium,3,160,4,False,False,0.85,0.67,False
engineering,medium,4,194,2,True,False,0.8,0.78,False
engineering,medium,4,239,2,True,False,0.75,0.53,False
engineering,medium,4,204,3,False,False,0.48,0.9,False
engineering,medium,5,258,3,False,False,0.9,0.16,False
engineering,medium,3,257,3,False,False,0.38,0.62,False
engineering,medium,4,137,3,False,False,0.98,0.62,False
engineering,medium,6,175,4,False,False,0.52,0.22,False
engineering,medium,3,183,3,False,False,0.82,0.91,False
engineering,medium,4,190,4,False,False,0.74,0.87,False
engineering,high,3,225,2,False,False,0.69,0.95,False
engineering,low,3,215,3,False,False,0.75,0.99,False
support,medium,3,176,4,True,False,0.57,0.99,False
support,medium,4,153,3,True,False,0.99,0.77,False
support,medium,3,150,2,True,False,0.68,0.75,False
support,medium,4,259,5,False,False,0.54,0.83,False
support,low,3,99,2,False,False,0.39,0.61,False
support,low,3,167,2,False,False,0.97,0.91,False
support,low,3,192,3,False,False,0.64,0.47,False
support,low,5,146,3,False,False,0.61,0.77,False
support,low,3,190,3,False,False,0.51,0.55,False
support,low,5,246,3,False,False,0.48,0.32,False
support,low,6,190,3,False,False,0.67,0.96,False
engineering,low,5,260,2,False,False,0.79,0.72,False
engineering,low,4,136,3,False,False,0.9,0.8,False
engineering,low,4,231,3,False,False,0.55,0.61,False
management,low,3,204,2,False,False,0.88,0.97,False
IT,low,4,201,3,False,False,0.93,0.63,False
IT,low,3,159,3,False,False,0.92,0.92,False
IT,low,5,171,3,False,False,0.74,0.94,False
IT,low,6,240,4,False,False,0.72,0.79,False
IT,low,2,152,4,False,False,0.73,0.75,False
product_management,low,3,151,3,True,False,0.99,0.78,False
product_management,low,6,232,2,True,False,0.45,0.96,False
product_management,low,4,128,5,False,False,0.68,0.65,False
product_management,low,3,187,6,True,False,0.94,0.18,False
IT,low,3,160,2,False,False,0.51,0.94,False
r&d,medium,4,259,3,False,False,0.79,0.84,False
r&d,medium,2,136,2,False,False,0.54,0.67,False
r&d,medium,4,253,3,False,False,0.5,0.71,False
r&d,medium,3,260,3,False,False,0.64,0.56,False
r&d,medium,5,231,6,False,False,0.56,0.29,False
marketing,medium,3,101,2,True,False,0.9,0.47,False
sales,medium,2,174,3,False,False,0.69,0.4,False
accounting,medium,4,167,2,False,False,0.82,0.81,False
support,medium,3,148,3,False,False,0.99,0.96,False
engineering,medium,6,139,5,True,False,0.75,0.99,False
management,medium,4,136,3,False,False,0.77,0.75,False
marketing,medium,4,153,2,False,False,0.74,0.75,False
marketing,high,4,161,2,False,False,0.86,1.0,False
marketing,low,2,163,2,False,False,0.53,0.52,False
sales,medium,3,164,3,False,False,0.74,0.98,False
sales,medium,2,137,5,False,False,0.64,0.6,False
sales,medium,3,137,3,False,False,0.44,0.38,False
sales,medium,6,106,5,False,False,0.41,0.51,False
sales,low,2,272,2,False,False,0.61,0.91,False
sales,low,5,238,3,False,False,0.62,0.56,False
sales,low,4,223,4,False,False,0.69,0.58,False
sales,low,3,201,2,False,False,0.53,0.51,False
sales,low,6,97,4,False,False,0.55,0.91,False
sales,low,2,232,6,True,False,0.98,0.8,False
sales,low,4,199,3,False,False,0.83,0.55,False
sales,low,3,141,3,False,False,0.53,0.62,False
sales,low,3,171,2,False,False,0.6,0.62,False
sales,low,4,212,3,False,False,0.58,0.87,False
sales,low,5,270,2,False,False,0.5,0.65,False
sales,low,3,267,2,False,False,0.64,0.51,False
sales,low,3,134,2,True,False,0.77,0.98,False
sales,low,4,165,5,False,False,0.43,0.13,False
sales,low,5,168,4,True,False,0.76,0.78,False
accounting,low,3,262,2,False,False,0.98,0.6,False
accounting,low,3,185,2,False,False,0.69,0.68,False
accounting,low,3,237,3,False,False,0.84,0.55,False
hr,low,4,192,3,False,False,0.79,0.99,False
hr,low,5,236,2,False,False,0.68,0.92,False
hr,low,4,202,4,True,False,0.65,1.0,False
hr,medium,4,171,2,False,False,0.93,0.77,False
engineering,medium,5,160,3,False,False,0.7,0.86,False
engineering,medium,2,252,3,False,False,0.84,0.89,False
engineering,medium,5,206,3,False,False,0.55,0.58,False
engineering,medium,3,212,2,False,False,0.66,0.56,False
engineering,medium,3,111,3,False,False,0.64,0.38,False
engineering,medium,3,240,2,False,False,0.64,0.62,False
engineering,medium,2,171,2,False,False,0.77,0.66,False
engineering,medium,3,129,2,False,False,0.44,0.3,False
engineering,medium,3,271,2,False,False,0.83,0.82,False
engineering,medium,4,162,2,False,False,0.68,0.96,False
engineering,medium,3,191,3,False,False,0.95,0.66,False
support,high,5,176,3,False,False,0.5,0.79,False
support,low,3,182,2,True,False,0.77,0.97,False
support,medium,3,226,3,False,False,0.65,0.59,False
support,medium,4,161,3,False,False,0.48,0.57,False
support,medium,4,163,3,False,False,0.53,0.64,False
support,medium,5,173,4,False,False,0.51,0.14,False
support,low,3,228,2,False,False,0.55,0.48,False
support,low,3,139,3,False,False,1.0,0.78,False
support,low,5,128,5,False,False,0.62,0.96,False
support,low,3,115,2,True,False,0.97,0.82,False
support,low,5,191,4,False,False,0.9,0.94,False
engineering,low,4,183,3,False,False,0.66,0.95,False
engineering,low,3,173,3,False,False,0.43,0.59,False
engineering,low,4,174,2,False,False,0.89,0.69,False
management,low,3,213,3,False,False,0.72,0.74,False
IT,low,4,192,4,False,False,0.67,0.67,False
IT,low,3,167,2,True,False,0.52,0.83,False
IT,low,3,263,3,True,False,0.85,0.81,False
IT,low,2,100,3,False,False,0.73,0.54,False
IT,low,3,164,3,False,False,0.83,0.89,False
product_management,low,5,172,2,False,False,0.74,0.79,False
product_management,low,4,171,3,False,False,0.58,0.46,False
product_management,low,4,236,3,False,False,0.93,0.99,False
product_management,low,5,186,4,False,False,0.9,0.75,False
IT,low,4,175,3,False,False,0.82,0.93,False
r&d,low,5,227,3,False,False,0.6,0.65,False
r&d,low,4,142,6,False,False,0.63,0.19,False
r&d,medium,2,121,2,False,False,0.61,0.48,False
r&d,medium,5,234,3,False,False,0.64,0.95,False
r&d,medium,4,185,3,False,False,0.77,0.92,False
marketing,medium,4,160,3,False,False,0.54,0.84,False
sales,medium,4,153,3,True,False,0.63,0.37,False
accounting,medium,3,199,6,False,False,0.74,0.22,False
support,medium,3,166,2,False,False,0.54,0.64,False
engineering,medium,2,247,3,False,False,0.88,0.72,False
management,medium,4,245,3,False,False,0.69,0.48,False
marketing,medium,5,242,4,False,False,0.55,0.12,False
marketing,medium,5,158,2,False,False,0.98,0.78,False
marketing,medium,3,163,3,True,False,0.74,0.71,False
sales,high,3,99,3,True,False,0.69,0.38,False
sales,low,4,164,3,False,False,0.85,0.57,False
sales,medium,3,160,3,False,False,0.51,0.72,False
sales,medium,2,184,3,False,False,0.57,0.6,False
sales,medium,5,266,2,False,False,0.55,0.61,False
sales,medium,4,190,2,False,False,0.64,0.67,False
sales,low,5,192,2,False,False,0.97,0.97,False
sales,low,3,205,6,True,False,0.6,0.22,False
sales,low,4,205,5,True,False,0.53,0.15,False
sales,low,3,258,3,False,False,0.6,0.6,False
sales,low,5,151,2,True,False,0.8,0.15,False
sales,low,3,148,2,False,False,0.81,0.5,False
sales,low,3,179,2,False,False,0.67,0.9,False
sales,low,6,141,2,True,False,0.51,0.84,False
sales,low,5,216,2,False,False,0.78,0.74,False
sales,low,3,235,2,False,False,0.51,0.72,False
sales,low,3,160,4,True,False,0.63,0.93,False
sales,low,3,141,4,False,False,0.69,0.54,False
sales,low,4,246,2,True,False,0.65,0.87,False
accounting,low,5,226,4,True,False,0.98,0.19,False
accounting,low,4,212,2,True,False,0.4,0.33,False
accounting,low,4,220,3,False,False,0.93,0.94,False
hr,low,4,266,2,False,False,0.49,0.77,False
hr,low,3,183,2,False,False,0.82,0.48,False
hr,low,5,263,3,True,False,0.74,0.7,False
hr,low,4,161,4,True,False,0.93,0.54,False
engineering,low,4,199,2,False,False,0.98,0.61,False
engineering,medium,4,258,4,True,False,0.4,0.97,False
engineering,medium,3,209,2,True,False,0.85,0.6,False
engineering,medium,5,135,3,False,False,0.84,0.93,False
engineering,medium,4,222,2,False,False,0.69,0.48,False
engineering,medium,5,192,3,False,False,0.76,0.16,False
engineering,medium,3,250,3,False,False,0.75,0.18,False
engineering,medium,3,187,3,True,False,0.75,0.84,False
engineering,medium,4,217,3,False,False,0.63,0.69,False
engineering,medium,4,213,3,True,False,0.88,0.22,False
engineering,medium,4,273,3,False,False,0.52,0.83,False
support,medium,2,132,3,False,False,0.5,0.58,False
support,medium,4,140,3,True,False,0.62,0.61,False
support,high,4,173,2,True,False,0.5,0.67,False
support,low,4,189,2,False,False,0.76,0.56,False
support,medium,3,156,3,False,False,0.74,0.74,False
support,medium,4,238,5,True,False,0.97,0.92,False
support,medium,5,230,2,False,False,0.68,0.81,False
support,medium,4,242,2,True,False,0.49,0.48,False
support,low,4,197,3,False,False,0.72,0.73,False
support,low,6,164,5,False,False,0.66,0.97,False
support,low,6,248,5,False,False,0.51,0.15,False
engineering,low,5,255,6,False,False,0.76,0.69,False
engineering,low,5,225,4,False,False,0.68,0.61,False
engineering,low,3,151,2,False,False,0.58,0.86,False
management,low,4,252,3,False,False,0.88,0.55,False
IT,low,4,206,4,True,False,0.74,0.9,False
IT,low,2,141,2,False,False,0.4,0.65,False
IT,low,5,259,3,False,False,0.92,0.81,False
IT,low,5,250,3,False,False,0.86,0.65,False
IT,low,4,169,6,False,False,0.86,0.47,False
product_management,low,3,200,3,True,False,0.53,0.93,False
product_management,low,4,104,5,False,False,0.9,0.77,False
product_management,low,6,176,3,False,False,0.82,0.87,False
product_management,low,5,137,2,False,False,0.84,0.87,False
IT,low,2,151,3,False,False,0.75,0.65,False
r&d,low,6,130,6,True,False,0.7,0.21,False
r&d,low,4,199,2,False,False,0.59,0.75,False
r&d,low,4,191,2,False,False,0.86,0.72,False
r&d,low,3,273,3,True,False,0.63,0.88,False
r&d,medium,3,205,3,False,False,0.58,0.66,False
marketing,medium,3,181,3,False,False,0.75,0.8,False
sales,medium,4,261,3,True,False,0.55,0.22,False
accounting,medium,3,192,3,False,False,0.69,0.92,False
support,medium,4,271,3,False,False,0.77,0.54,False
engineering,medium,4,158,3,False,False,0.56,0.91,False
management,medium,4,231,2,False,False,0.83,0.77,False
marketing,medium,3,156,3,True,False,0.51,0.61,False
marketing,medium,4,201,4,False,False,0.9,0.48,False
marketing,medium,3,187,4,False,False,0.69,0.25,False
sales,medium,3,132,4,False,False,0.7,0.91,False
sales,medium,5,147,3,True,False,0.58,0.72,False
sales,high,4,223,3,False,False,0.71,0.77,False
sales,low,2,194,2,False,False,0.4,0.41,False
sales,medium,4,234,2,False,False,0.49,0.51,False
sales,medium,3,149,3,False,False,0.79,0.72,False
sales,medium,3,162,3,True,False,0.57,0.47,False
sales,medium,4,238,2,False,False,0.67,0.53,False
sales,low,5,149,3,False,False,0.52,0.65,False
sales,low,4,170,5,False,False,0.75,0.18,False
sales,low,3,250,2,False,False,0.48,0.61,False
sales,low,4,167,2,False,False,0.72,0.86,False
sales,low,4,166,5,False,False,0.77,0.14,False
sales,low,3,205,2,False,False,0.8,0.63,False
sales,low,3,250,3,False,False,0.57,0.79,False
sales,low,4,142,3,False,False,0.97,0.78,False
sales,low,4,217,6,False,False,0.52,0.14,False
sales,low,3,139,3,False,False,0.54,0.85,False
sales,low,4,139,3,False,False,0.75,0.85,False
accounting,low,5,152,3,False,False,0.76,0.91,False
accounting,low,3,224,2,False,False,0.74,0.76,False
accounting,low,5,180,3,False,False,0.72,0.62,False
hr,low,4,216,2,False,False,0.69,0.53,False
hr,low,3,133,3,False,False,0.63,0.97,False
hr,low,4,271,3,False,False,0.53,0.48,False
hr,low,4,148,3,True,False,0.55,0.5,False
engineering,low,2,99,4,False,False,0.42,0.32,False
engineering,low,4,196,2,True,False,0.77,0.58,False
engineering,low,3,196,2,False,False,0.83,0.81,False
engineering,medium,4,228,3,False,False,0.84,0.48,False
engineering,medium,4,165,2,False,False,0.88,0.96,False
engineering,medium,3,235,2,False,False,0.9,0.56,False
engineering,medium,4,167,2,False,False,0.96,0.63,False
engineering,medium,5,255,5,False,False,0.5,0.21,False
engineering,medium,3,184,3,True,False,0.78,0.94,False
engineering,medium,4,239,3,False,False,0.89,0.94,False
engineering,medium,3,153,2,False,False,0.54,0.96,False
support,medium,4,187,5,True,False,0.5,0.49,False
support,medium,2,285,2,False,False,0.68,0.82,False
support,medium,3,274,3,False,False,0.5,0.6,False
support,medium,3,156,3,True,False,0.5,0.76,False
support,high,5,265,2,True,False,0.64,0.69,False
support,low,4,144,3,False,False,0.94,1.0,False
support,medium,4,143,3,False,False,0.66,0.62,False
support,medium,4,214,6,True,False,0.99,0.4,False
support,medium,3,163,3,False,False,0.91,0.94,False
support,medium,4,236,4,False,False,0.84,0.76,False
support,low,3,146,4,False,False,0.69,0.58,False
engineering,low,4,106,2,False,False,0.78,0.85,False
engineering,low,2,105,3,False,False,0.52,0.45,False
engineering,low,3,181,4,False,False,0.67,0.13,False
management,low,5,174,4,False,False,0.5,0.24,False
IT,low,3,207,2,True,False,0.69,0.64,False
IT,low,6,118,2,False,False,0.61,0.63,False
IT,low,4,251,2,False,False,0.99,0.61,False
IT,low,2,136,3,False,False,0.99,0.71,False
IT,low,5,249,3,True,False,0.89,0.9,False
product_management,low,4,171,5,False,False,0.76,0.17,False
product_management,low,3,256,2,True,False,0.97,0.93,False
product_management,low,5,141,3,True,False,0.89,0.83,False
product_management,low,4,186,2,False,False,0.75,0.58,False
IT,low,3,258,3,False,False,0.5,0.76,False
r&d,low,3,228,2,False,False,0.78,0.5,False
r&d,low,5,205,4,False,False,0.81,0.22,False
r&d,low,4,174,3,False,False,0.88,0.9,False
r&d,low,3,155,4,True,False,0.63,0.7,False
r&d,low,5,245,3,False,False,0.85,0.73,False
marketing,low,3,271,3,False,False,0.87,0.84,False
marketing,medium,5,184,4,False,False,0.63,0.55,False
sales,medium,4,175,2,False,False,0.98,0.63,False
accounting,medium,3,224,3,False,False,0.92,0.51,False
support,medium,4,177,3,False,False,0.76,0.81,False
engineering,medium,4,268,3,False,False,0.96,0.8,False
management,medium,4,208,3,False,False,0.97,0.99,False
marketing,medium,5,219,2,False,False,0.87,0.9,False
marketing,medium,5,128,5,False,False,0.67,0.65,False
marketing,medium,3,273,3,False,False,0.75,0.75,False
sales,medium,4,218,4,False,False,0.49,0.62,False
sales,medium,5,230,3,False,False,0.63,0.61,False
sales,medium,4,195,5,False,False,0.6,0.24,False
sales,high,3,254,3,True,False,0.63,0.71,False
sales,low,2,275,2,False,False,0.8,0.49,False
sales,medium,3,162,2,False,False,0.66,0.44,False
sales,medium,4,193,3,False,False,0.87,0.75,False
sales,medium,3,239,4,False,False,0.84,0.74,False
sales,medium,5,149,3,False,False,0.87,0.62,False
sales,low,3,155,3,False,False,0.58,0.51,False
sales,low,5,271,2,False,False,0.59,0.61,False
sales,low,5,163,3,False,False,0.49,0.56,False
sales,low,3,160,3,False,False,0.76,0.79,False
sales,low,6,274,5,False,False,0.75,0.68,False
sales,low,2,199,3,False,False,0.84,0.9,False
sales,low,5,241,3,False,False,0.93,0.83,False
sales,low,3,187,3,False,False,0.82,0.94,False
sales,low,5,223,3,True,False,0.65,0.21,False
sales,low,3,268,2,False,False,0.87,0.58,False
accounting,low,6,169,3,False,False,0.38,0.52,False
accounting,low,5,285,5,False,False,0.67,0.18,False
accounting,low,5,254,3,False,False,0.91,0.94,False
hr,low,3,208,4,False,False,0.5,0.69,False
hr,low,4,218,3,False,False,0.83,0.65,False
hr,low,2,187,3,False,False,0.62,0.46,False
hr,low,4,256,3,False,False,0.62,0.72,False
engineering,low,6,278,3,False,False,0.37,0.3,False
engineering,low,4,204,2,False,False,0.51,0.51,False
engineering,low,3,108,2,False,False,0.75,0.43,False
engineering,low,3,226,2,False,False,0.94,0.56,False
engineering,medium,4,246,3,False,False,0.91,0.63,False
engineering,medium,5,260,3,False,False,0.55,0.61,False
engineering,medium,4,248,2,False,False,0.73,0.53,False
engineering,medium,3,132,3,False,False,0.75,0.87,False
engineering,medium,4,185,4,False,False,0.7,0.68,False
engineering,medium,3,269,2,False,False,0.84,0.78,False
engineering,medium,4,156,2,False,False,0.95,0.49,False
support,medium,3,212,3,False,False,0.81,0.96,False
support,medium,3,221,2,False,False,0.74,0.83,False
support,medium,5,273,3,False,False,0.67,0.48,False
support,medium,4,271,3,True,False,0.86,0.63,False
support,medium,4,183,5,False,False,0.38,0.87,False
support,high,4,271,6,False,False,0.9,0.21,False
support,low,5,165,3,False,False,0.58,0.79,False
support,medium,3,257,5,False,False,0.96,0.8,False
support,medium,4,143,3,False,False,0.82,0.78,False
support,medium,5,156,2,False,False,0.65,0.67,False
support,medium,3,190,3,True,False,0.71,0.67,False
engineering,low,2,242,6,False,False,0.67,0.26,False
engineering,low,5,267,4,False,False,0.83,0.89,False
engineering,low,4,152,3,False,False,0.53,0.7,False
management,low,5,136,4,False,False,0.48,0.51,False
IT,low,3,157,3,False,False,0.88,0.53,False
IT,low,4,281,3,False,False,0.51,0.76,False
IT,low,5,208,2,False,False,0.93,0.86,False
IT,low,5,152,3,False,False,0.96,0.63,False
IT,low,5,271,3,False,False,0.86,0.58,False
product_management,low,4,163,3,True,False,0.83,0.58,False
product_management,low,4,136,3,False,False,0.82,0.9,False
product_management,low,4,233,2,False,False,0.57,0.79,False
product_management,low,4,221,4,False,False,0.74,0.8,False
IT,low,2,189,2,True,False,0.65,0.53,False
r&d,low,2,226,3,False,False,0.84,0.52,False
r&d,low,5,201,3,False,False,0.59,0.82,False
r&d,low,2,133,4,False,False,0.9,0.68,False
r&d,low,3,173,2,False,False,0.61,0.21,False
r&d,low,4,152,3,True,False,0.5,0.81,False
r&d,low,3,256,4,False,False,0.9,0.57,False
marketing,low,3,119,2,True,False,0.72,0.99,False
sales,medium,4,207,3,False,False,1.0,0.9,False
accounting,medium,3,189,3,False,False,0.64,0.76,False
support,medium,4,172,2,False,False,0.92,0.56,False
engineering,medium,6,150,3,True,False,0.93,0.5,False
management,medium,5,179,3,False,False,0.89,0.48,False
marketing,medium,3,257,2,False,False,0.97,0.99,False
marketing,medium,5,229,2,False,False,0.8,0.76,False
marketing,medium,4,227,3,False,False,0.97,0.93,False
sales,medium,4,140,3,False,False,0.78,0.99,False
sales,medium,4,251,3,False,False,0.78,0.85,False
sales,medium,4,137,3,False,False,0.95,0.63,False
sales,medium,3,153,3,True,False,0.78,0.63,False
sales,high,5,242,3,False,False,0.65,0.5,False
sales,low,3,150,3,False,False,0.57,0.52,False
sales,medium,3,247,3,False,False,0.99,0.63,False
sales,medium,4,212,2,False,False,0.5,0.78,False
sales,medium,3,234,3,False,False,0.53,0.98,False
sales,medium,5,174,5,False,False,1.0,0.14,False
sales,low,3,225,2,False,False,0.9,0.7,False
sales,low,4,224,2,False,False,0.6,0.88,False
sales,low,3,270,4,False,False,0.62,0.72,False
sales,low,4,139,3,False,False,0.51,0.88,False
sales,low,3,248,4,False,False,0.51,0.71,False
sales,low,3,172,2,False,False,0.85,0.6,False
sales,low,4,224,3,True,False,0.86,0.88,False
sales,low,5,232,4,False,False,0.72,0.55,False
sales,low,4,260,2,True,False,0.55,0.85,False
accounting,low,2,117,4,False,False,0.51,0.84,False
accounting,low,4,243,2,True,False,0.61,0.91,False
accounting,low,4,202,2,False,False,0.62,0.82,False
hr,low,2,168,4,False,False,0.91,0.6,False
hr,low,5,194,3,False,False,0.71,0.89,False
hr,low,4,219,4,True,False,0.97,0.6,False
hr,low,4,207,3,False,False,0.52,0.64,False
engineering,low,4,177,3,False,False,0.88,0.93,False
engineering,low,3,239,2,True,False,0.99,0.81,False
engineering,low,4,165,3,True,False,0.49,0.31,False
engineering,low,4,225,2,False,False,0.69,0.68,False
engineering,low,3,212,2,False,False,0.59,0.78,False
engineering,medium,4,159,4,False,False,0.42,0.44,False
engineering,medium,4,233,2,True,False,0.93,0.64,False
engineering,medium,4,108,6,False,False,0.63,0.81,False
engineering,medium,3,214,3,False,False,0.49,0.5,False
engineering,medium,5,229,3,False,False,0.61,0.69,False
engineering,medium,4,223,3,False,False,0.75,0.77,False
support,medium,4,178,3,False,False,0.56,0.69,False
support,medium,4,246,2,False,False,0.68,0.87,False
support,medium,4,145,3,False,False,0.91,0.85,False
support,medium,4,224,4,False,False,0.83,0.83,False
support,medium,3,259,3,False,False,0.51,0.68,False
support,medium,4,207,2,False,False,0.65,0.78,False
support,high,3,253,3,False,False,0.89,0.78,False
support,low,4,196,2,True,False,0.68,0.93,False
support,medium,3,240,3,False,False,0.75,0.54,False
support,medium,3,255,3,False,False,0.56,0.76,False
support,medium,3,139,2,False,False,0.72,0.4,False
engineering,medium,3,168,2,False,False,0.81,0.73,False
engineering,low,5,233,3,False,False,0.98,0.86,False
engineering,low,5,211,6,False,False,0.68,0.38,False
management,low,5,114,3,False,False,0.48,0.71,False
IT,low,5,202,2,False,False,0.97,0.58,False
IT,low,3,177,3,True,False,0.59,0.67,False
IT,low,4,233,4,False,False,0.76,0.55,False
IT,low,2,111,2,False,False,0.98,0.76,False
IT,low,3,178,3,False,False,0.82,0.7,False
product_management,low,4,204,4,False,False,0.46,0.66,False
product_management,low,3,272,3,False,False,0.72,0.96,False
product_management,low,4,157,4,False,False,0.77,0.6,False
product_management,low,5,229,3,True,False,0.94,0.54,False
IT,low,5,202,3,False,False,0.9,0.85,False
r&d,low,3,264,3,False,False,0.84,0.96,False
r&d,low,3,256,3,True,False,0.62,0.86,False
r&d,low,3,151,2,False,False,0.87,0.53,False
r&d,low,3,251,3,False,False,0.95,0.91,False
r&d,low,5,271,4,False,False,0.7,0.33,False
r&d,low,4,274,2,False,False,0.73,0.75,False
marketing,low,3,169,3,False,False,0.8,0.97,False
sales,low,4,176,4,True,False,0.51,0.68,False
accounting,medium,5,168,2,False,False,0.7,0.68,False
support,medium,4,171,2,False,False,0.87,0.57,False
engineering,medium,4,214,3,False,False,0.9,0.87,False
management,medium,5,224,2,True,False,0.91,0.5,False
marketing,medium,3,191,4,False,False,0.59,0.76,False
marketing,medium,5,96,4,False,False,0.61,0.79,False
marketing,medium,6,217,6,True,False,0.9,0.17,False
sales,medium,4,135,2,True,False,0.62,0.6,False
sales,medium,3,226,3,False,False,0.67,0.89,False
sales,medium,3,202,2,False,False,0.87,0.69,False
sales,medium,2,180,6,False,False,0.85,0.68,False
sales,medium,5,174,4,False,False,0.87,0.61,False
sales,high,3,140,2,False,False,0.5,0.63,False
sales,low,4,147,3,False,False,0.96,0.5,False
sales,medium,2,263,3,True,False,0.74,0.49,False
sales,medium,5,261,5,False,False,0.55,0.83,False
sales,medium,2,176,2,True,False,0.71,0.59,False
sales,medium,2,98,5,False,False,0.93,0.75,False
sales,low,3,192,3,True,False,0.48,0.66,False
sales,low,4,157,3,False,False,0.51,0.68,False
sales,low,5,230,3,False,False,0.58,0.73,False
sales,low,4,192,2,True,False,0.53,0.98,False
sales,low,3,161,3,False,False,0.65,0.86,False
sales,low,3,176,3,False,False,0.55,0.5,False
sales,low,3,216,3,False,False,0.76,0.76,False
sales,low,4,176,2,False,False,0.47,0.3,False
accounting,low,3,276,5,True,False,0.86,0.3,False
accounting,low,3,174,3,True,False,0.59,0.64,False
accounting,low,3,106,2,False,False,0.75,0.59,False
hr,low,4,154,3,False,False,0.63,0.85,False
hr,low,3,271,5,False,False,0.93,0.76,False
hr,low,5,246,2,False,False,0.5,0.63,False
hr,low,4,264,2,True,False,0.86,0.65,False
engineering,low,3,197,2,False,False,0.68,0.43,False
engineering,low,4,165,2,False,False,0.56,0.83,False
engineering,low,4,218,2,False,False,0.77,0.49,False
engineering,low,3,203,2,False,False,0.73,0.67,False
engineering,low,2,107,6,True,False,0.47,0.9,False
engineering,low,3,179,2,False,False,0.96,0.83,False
engineering,medium,5,264,3,False,False,0.84,0.92,False
engineering,medium,5,154,3,False,False,0.7,0.83,False
engineering,medium,4,167,3,True,False,0.55,0.64,False
engineering,medium,4,158,3,True,False,0.97,0.93,False
engineering,medium,4,227,3,True,False,0.87,0.6,False
support,medium,3,230,2,False,False,0.69,0.74,False
support,medium,5,143,5,False,False,0.75,0.56,False
support,medium,4,142,3,False,False,0.77,0.61,False
support,medium,4,184,4,False,False,0.62,0.63,False
support,medium,5,169,4,False,False,0.62,0.24,False
support,medium,5,218,4,True,False,0.56,0.17,False
support,medium,2,121,3,False,False,0.64,0.46,False
support,high,4,251,4,False,False,0.48,0.68,False
support,low,2,192,6,False,False,0.6,0.68,False
support,medium,6,227,5,False,False,0.71,0.16,False
support,medium,6,140,5,False,False,0.56,0.15,False
engineering,medium,3,152,2,False,False,0.49,0.55,False
engineering,medium,4,202,4,False,False,0.66,0.72,False
engineering,low,2,219,4,False,False,0.89,0.91,False
management,low,4,248,4,False,False,0.91,0.3,False
IT,low,5,203,2,False,False,0.68,0.56,False
IT,low,3,255,3,False,False,0.94,0.94,False
IT,low,5,177,3,False,False,0.63,0.82,False
IT,low,5,185,3,False,False,0.86,0.66,False
IT,low,4,101,6,True,False,0.64,0.74,False
product_management,low,3,246,3,False,False,0.5,0.63,False
product_management,low,6,220,2,False,False,0.42,0.65,False
product_management,low,3,145,2,False,False,0.81,0.56,False
product_management,low,6,194,5,False,False,0.73,0.32,False
IT,low,4,241,2,False,False,0.9,0.8,False
r&d,low,6,175,4,False,False,0.87,0.34,False
r&d,low,5,149,2,False,False,0.71,0.62,False
r&d,low,3,253,2,False,False,0.86,0.5,False
r&d,low,5,218,3,False,False,0.98,0.58,False
r&d,low,2,263,3,False,False,0.9,0.94,False
r&d,low,4,247,3,True,False,0.99,0.67,False
marketing,low,6,148,4,False,False,0.74,0.2,False
sales,low,5,162,2,False,False,0.59,0.91,False
accounting,low,2,255,4,False,False,0.67,0.91,False
support,medium,3,191,3,True,False,0.87,0.78,False
engineering,medium,3,217,4,True,False,0.55,0.82,False
management,medium,3,201,3,False,False,0.96,0.54,False
marketing,medium,3,253,3,False,False,0.81,0.53,False
marketing,medium,4,122,5,True,False,0.55,0.47,False
marketing,medium,3,269,3,False,False,0.5,0.87,False
sales,medium,4,161,3,False,False,0.68,0.5,False
sales,medium,3,156,2,False,False,0.83,0.59,False
sales,medium,3,173,3,False,False,0.69,0.89,False
sales,medium,4,152,3,True,False,0.49,0.54,False
sales,medium,3,145,3,False,False,0.85,0.62,False
sales,medium,3,248,3,False,False,0.85,0.91,False
sales,high,2,184,2,False,False,0.99,0.84,False
sales,low,4,232,2,True,False,0.65,0.69,False
sales,medium,3,162,2,False,False,0.63,0.76,False
sales,medium,4,269,3,False,False,0.54,0.8,False
sales,medium,5,108,3,False,False,0.47,0.4,False
sales,medium,3,248,3,True,False,0.99,0.8,False
sales,low,2,122,5,False,False,0.4,0.76,False
sales,low,4,273,2,True,False,0.9,0.55,False
sales,low,3,285,6,False,False,0.63,0.98,False
sales,low,4,227,3,False,False,0.56,0.54,False
sales,low,4,248,2,True,False,0.56,0.63,False
sales,low,3,257,3,False,False,0.63,0.88,False
sales,low,5,194,3,False,False,0.95,0.5,False
accounting,low,3,253,3,False,False,0.72,0.52,False
accounting,low,4,141,3,False,False,0.95,0.89,False
accounting,low,4,199,3,False,False,0.9,0.55,False
hr,low,3,143,2,False,False,0.81,0.51,False
hr,low,5,244,3,False,False,0.52,0.35,False
hr,low,5,173,2,False,False,0.71,0.54,False
hr,low,4,186,3,False,False,0.84,0.72,False
engineering,low,2,247,3,False,False,0.93,0.61,False
engineering,low,3,218,4,False,False,0.93,0.17,False
engineering,low,3,140,2,False,False,0.88,0.71,False
engineering,low,4,166,2,False,False,0.52,0.88,False
engineering,low,3,216,2,False,False,1.0,0.48,False
engineering,low,6,235,3,False,False,0.97,0.16,False
engineering,low,3,188,3,False,False,0.72,0.62,False
engineering,medium,3,143,2,False,False,0.47,0.59,False
engineering,medium,4,198,4,False,False,0.9,0.14,False
engineering,medium,4,148,3,False,False,0.92,0.96,False
engineering,medium,6,101,4,False,False,0.42,0.96,False
support,medium,4,249,6,True,False,0.89,0.13,False
support,medium,5,249,3,True,False,0.61,0.64,False
support,medium,5,198,2,True,False,0.67,0.64,False
support,medium,3,202,3,True,False,0.72,0.57,False
support,medium,3,176,3,False,False,1.0,0.49,False
support,medium,4,133,2,False,False,0.79,0.89,False
support,medium,5,238,2,False,False,0.75,0.94,False
support,medium,2,181,4,False,False,0.58,0.51,False
support,high,5,242,3,False,False,0.85,0.8,False
support,low,4,185,2,True,False,0.51,0.74,False
support,medium,4,237,3,True,False,0.85,0.66,False
engineering,medium,5,244,3,False,False,0.99,0.66,False
engineering,medium,3,178,4,False,False,0.62,0.59,False
engineering,medium,3,164,3,False,False,0.57,0.91,False
management,low,5,189,4,True,False,0.98,0.83,False
IT,low,3,212,2,False,False,0.91,0.5,False
IT,low,4,233,3,False,False,0.97,0.69,False
IT,low,5,268,3,False,False,0.91,0.87,False
IT,low,2,155,2,False,False,0.43,0.37,False
IT,low,4,257,3,False,False,0.98,0.9,False
product_management,low,4,254,5,False,False,0.41,0.68,False
product_management,low,4,143,3,True,False,0.63,0.93,False
product_management,low,3,225,2,False,False,0.45,0.95,False
product_management,low,4,223,2,True,False,1.0,0.99,False
IT,low,2,101,6,False,False,0.9,0.64,False
r&d,low,2,159,6,False,False,0.37,0.96,False
r&d,low,5,141,2,False,False,0.54,0.92,False
r&d,low,5,147,5,True,False,0.52,0.22,False
r&d,low,5,252,3,True,False,0.99,0.82,False
r&d,low,3,196,3,False,False,0.89,0.75,False
r&d,low,6,244,3,False,False,0.89,0.2,False
marketing,low,3,142,3,False,False,0.73,0.64,False
sales,low,4,155,4,False,False,0.9,0.62,False
accounting,low,3,219,2,False,False,0.59,0.73,False
support,low,3,213,4,False,False,0.51,0.52,False
engineering,medium,5,263,3,False,False,0.67,0.63,False
management,medium,4,274,3,False,False,0.92,0.84,False
marketing,medium,3,140,3,False,False,0.96,0.49,False
marketing,medium,4,176,2,False,False,0.78,0.54,False
marketing,medium,4,206,2,False,False,0.78,0.52,False
sales,medium,6,223,6,False,False,0.63,0.66,False
sales,medium,2,231,6,True,False,0.41,0.73,False
sales,medium,3,250,3,False,False,0.64,0.54,False
sales,medium,5,266,4,False,False,0.68,0.72,False
sales,medium,4,247,3,True,False,0.64,0.75,False
sales,medium,3,189,2,False,False,0.57,0.77,False
sales,medium,5,227,5,False,False,0.94,0.42,False
sales,high,4,127,4,False,False,0.69,0.13,False
sales,low,5,204,5,False,False,0.88,0.73,False
sales,medium,5,137,3,False,False,0.95,0.5,False
sales,medium,4,265,3,True,False,0.62,0.92,False
sales,medium,3,135,2,False,False,0.66,0.73,False
sales,medium,2,126,3,False,False,0.38,0.74,False
sales,low,3,189,2,False,False,0.78,0.76,False
sales,low,3,207,4,True,False,0.92,0.53,False
sales,low,3,134,3,False,False,0.72,0.65,False
sales,low,4,203,2,False,False,0.85,0.91,False
sales,low,5,222,3,True,False,0.76,0.69,False
sales,low,3,232,2,False,False,0.66,0.56,False
accounting,low,4,267,5,False,False,0.81,0.55,False
accounting,low,5,131,3,False,False,0.5,0.74,False
accounting,low,3,155,4,False,False,0.86,0.86,False
hr,low,3,232,3,False,False,0.74,0.82,False
hr,low,3,137,5,False,False,0.8,0.35,False
hr,low,4,136,4,False,False,0.99,0.93,False
hr,low,3,237,2,False,False,0.77,0.55,False
engineering,low,4,190,3,False,False,0.68,0.99,False
engineering,low,4,144,3,True,False,0.89,0.91,False
engineering,low,6,194,3,False,False,0.65,0.24,False
engineering,low,3,186,2,False,False,0.67,0.77,False
engineering,low,3,218,3,False,False,0.66,0.64,False
engineering,low,5,260,2,True,False,0.76,0.58,False
engineering,low,4,200,4,False,False,0.99,0.65,False
engineering,low,3,140,3,False,False,0.68,0.44,False
engineering,medium,2,156,3,False,False,0.75,0.59,False
engineering,medium,3,193,3,True,False,0.56,0.99,False
engineering,medium,4,145,3,False,False,0.79,0.75,False
support,medium,4,217,2,False,False,0.49,0.77,False
support,medium,4,162,3,False,False,0.64,0.85,False
support,medium,5,182,4,False,False,0.93,0.77,False
support,medium,3,221,3,False,False,0.95,0.54,False
support,medium,4,208,2,False,False,0.82,0.69,False
support,medium,5,161,3,False,False,0.65,0.66,False
support,medium,4,269,3,False,False,0.65,0.51,False
support,medium,4,155,3,False,False,0.59,0.74,False
support,medium,3,110,3,False,False,0.72,0.55,False
support,high,3,154,3,False,False,0.84,0.65,False
support,low,6,213,4,False,False,0.77,0.2,False
engineering,medium,5,248,3,False,False,0.94,0.92,False
engineering,medium,3,202,3,False,False,0.6,0.57,False
engineering,medium,2,251,6,False,False,0.78,0.75,False
management,medium,3,239,2,False,False,0.84,0.68,False
IT,low,3,203,3,False,False,0.7,0.97,False
IT,low,4,184,5,True,False,0.48,0.79,False
IT,low,4,203,3,True,False,0.75,0.66,False
IT,low,3,214,2,True,False,0.69,0.96,False
IT,low,4,161,3,False,False,0.69,0.73,False
product_management,low,5,234,2,False,False,0.58,0.29,False
product_management,low,3,151,2,False,False,0.56,0.58,False
product_management,low,4,149,3,False,False,0.58,0.72,False
product_management,low,4,240,3,False,False,0.87,0.94,False
IT,low,5,140,2,False,False,0.56,0.48,False
r&d,low,3,187,2,False,False,0.99,0.6,False
r&d,low,5,156,2,True,False,0.58,0.97,False
r&d,low,4,250,4,False,False,0.41,0.74,False
r&d,low,3,165,2,False,False,0.61,0.97,False
r&d,low,5,260,3,True,False,0.67,0.88,False
marketing,low,3,274,3,False,False,0.7,0.5,False
sales,low,4,160,3,False,False,0.98,0.93,False
accounting,low,5,280,4,True,False,0.7,0.3,False
support,low,3,142,3,False,False,0.53,0.69,False
engineering,low,2,155,2,False,False,0.9,0.69,False
management,low,4,167,2,False,False,0.67,0.53,False
marketing,medium,3,263,3,False,False,0.8,0.32,False
marketing,medium,3,259,4,False,False,0.75,0.73,False
marketing,medium,4,223,3,False,False,0.61,0.77,False
sales,medium,6,123,5,False,False,0.81,0.59,False
sales,medium,5,226,3,False,False,0.51,0.19,False
sales,medium,3,270,2,False,False,0.95,0.78,False
sales,medium,3,139,3,False,False,0.74,0.84,False
sales,medium,5,241,2,False,False,0.77,0.65,False
sales,medium,2,160,6,False,False,0.43,0.38,False
sales,medium,3,258,5,False,False,0.47,0.12,False
sales,medium,5,106,5,False,False,0.81,0.74,False
sales,medium,4,171,2,False,False,0.82,0.67,False
sales,high,3,186,3,False,False,0.79,0.5,False
sales,low,6,214,5,True,False,0.39,0.99,False
sales,medium,4,240,3,False,False,0.89,0.79,False
sales,medium,4,164,3,False,False,0.51,0.72,False
sales,medium,4,232,3,False,False,0.57,0.83,False
sales,medium,5,242,2,False,False,0.55,0.69,False
sales,low,5,222,3,False,False,0.89,0.5,False
sales,low,3,139,2,True,False,0.84,0.82,False
sales,low,4,272,3,False,False,0.56,0.68,False
sales,low,4,262,2,False,False,0.69,0.82,False
accounting,low,2,249,3,False,False,0.81,0.32,False
accounting,low,4,219,3,False,False,0.86,0.93,False
accounting,low,4,208,5,False,False,0.73,0.42,False
hr,low,3,166,6,False,False,0.44,0.22,False
hr,low,3,174,3,False,False,0.88,0.56,False
hr,low,4,225,3,False,False,0.75,0.77,False
hr,low,2,116,6,True,False,0.48,0.29,False
engineering,low,3,219,2,False,False,0.65,0.97,False
engineering,low,4,196,2,False,False,0.7,0.91,False
engineering,low,4,210,3,True,False,0.67,0.52,False
engineering,low,2,219,3,False,False,0.64,0.54,False
engineering,low,3,197,3,False,False,0.98,0.54,False
engineering,low,2,102,6,False,False,0.52,0.67,False
engineering,low,3,186,4,False,False,0.85,0.72,False
engineering,low,4,224,2,False,False,0.51,0.68,False
engineering,low,3,283,2,True,False,0.98,0.65,False
engineering,low,5,197,4,False,False,0.98,0.72,False
engineering,medium,5,267,3,False,False,0.79,0.51,False
support,medium,4,172,3,False,False,0.58,0.8,False
support,medium,4,261,2,False,False,0.93,0.83,False
support,medium,3,204,4,False,False,0.86,0.15,False
support,medium,4,237,2,False,False,0.73,0.5,False
support,medium,2,212,3,False,False,0.55,0.8,False
support,medium,4,217,2,False,False,0.62,0.96,False
support,medium,5,159,3,True,False,0.7,0.67,False
support,medium,5,139,3,False,False,0.96,0.98,False
support,medium,5,230,3,False,False,0.59,0.88,False
support,medium,3,157,4,False,False,0.79,0.85,False
support,medium,5,269,3,False,False,0.7,0.75,False
engineering,high,2,170,3,False,False,0.77,0.38,False
engineering,low,2,197,4,False,False,0.82,0.55,False
engineering,medium,4,246,3,False,False,0.89,0.63,False
management,medium,4,278,3,False,False,0.51,0.78,False
IT,medium,5,138,2,False,False,0.84,0.99,False
IT,medium,3,238,3,False,False,0.87,0.72,False
IT,low,5,175,6,True,False,0.83,0.14,False
IT,low,4,216,3,False,False,0.67,0.81,False
IT,low,4,196,4,True,False,0.86,0.73,False
product_management,low,5,187,3,True,False,0.8,0.58,False
product_management,low,4,155,5,False,False,0.85,0.24,False
product_management,low,3,205,5,False,False,0.86,0.31,False
product_management,low,3,230,2,False,False,0.63,0.74,False
IT,low,5,157,3,False,False,0.69,0.86,False
r&d,low,4,287,4,False,False,0.8,0.22,False
r&d,low,4,161,3,False,False,0.7,0.66,False
r&d,low,5,239,2,False,False,0.76,0.21,False
r&d,low,3,267,2,False,False,0.61,0.95,False
r&d,low,5,208,5,False,False,0.55,0.24,False
marketing,low,3,133,3,False,False,0.95,0.66,False
marketing,low,3,187,3,False,False,0.86,0.88,False
sales,low,4,140,2,False,False,0.61,0.67,False
accounting,low,4,270,3,False,False,0.58,0.75,False
support,low,3,147,3,False,False,0.48,0.93,False
engineering,low,3,181,2,False,False,0.71,0.64,False
management,low,3,156,3,False,False,0.53,0.51,False
marketing,low,4,207,3,False,False,0.5,0.98,False
marketing,medium,4,241,4,True,False,0.63,0.72,False
marketing,medium,4,154,3,False,False,0.75,0.51,False
sales,medium,4,206,3,False,False,0.58,0.54,False
sales,medium,4,204,2,False,False,0.76,0.99,False
sales,medium,4,117,3,False,False,0.9,0.44,False
sales,medium,5,144,3,False,False,0.48,0.74,False
sales,medium,3,156,3,False,False,0.77,0.9,False
sales,medium,4,211,4,False,False,0.58,0.86,False
sales,medium,3,149,4,True,False,0.52,0.66,False
sales,medium,4,152,5,False,False,0.96,0.64,False
sales,medium,4,192,2,False,False,0.59,0.5,False
sales,medium,4,274,4,False,False,0.68,0.88,False
sales,high,5,168,6,False,False,0.47,0.72,False
sales,low,4,205,3,False,False,0.53,0.53,False
sales,medium,3,228,3,False,False,0.77,0.83,False
sales,medium,4,228,5,False,False,0.52,0.24,False
sales,medium,5,227,3,True,False,0.75,0.66,False
sales,medium,3,156,3,False,False,0.63,0.43,False
sales,low,5,177,2,False,False,0.66,0.75,False
sales,low,6,188,5,True,False,0.89,0.42,False
sales,low,3,185,4,False,False,0.74,0.54,False
accounting,low,3,153,4,False,False,0.85,0.84,False
accounting,low,4,174,3,False,False,0.79,0.95,False
accounting,low,4,209,3,False,False,0.61,0.6,False
hr,low,3,251,2,True,False,0.71,0.95,False
hr,low,3,153,3,True,False,0.89,0.62,False
hr,low,3,210,2,False,False,0.73,0.89,False
hr,low,5,167,3,False,False,0.93,0.73,False
engineering,low,3,151,2,False,False,0.94,0.86,False
engineering,low,3,158,2,False,False,0.73,0.76,False
engineering,low,3,116,5,False,False,0.76,0.91,False
engineering,low,5,178,2,False,False,0.81,1.0,False
engineering,low,4,155,3,True,False,0.78,0.98,False
engineering,low,3,151,2,False,False,0.89,0.65,False
engineering,low,4,216,2,True,False,0.79,0.62,False
engineering,low,5,179,3,False,False,0.82,0.83,False
engineering,low,4,135,4,False,False,1.0,0.75,False
engineering,low,4,232,4,False,False,0.63,0.82,False
engineering,low,4,168,3,False,False,0.68,0.69,False
support,medium,6,171,5,True,False,0.96,0.41,False
support,medium,5,258,2,False,False,0.64,0.52,False
support,medium,3,221,2,False,False,0.86,0.74,False
support,medium,5,97,3,False,False,0.96,0.33,False
support,medium,3,164,3,False,False,0.69,0.8,False
support,medium,4,237,3,False,False,0.89,0.82,False
support,medium,5,161,2,False,False,0.65,0.59,False
support,medium,4,134,2,True,False,0.8,0.98,False
support,medium,4,188,3,False,False,0.94,0.93,False
support,medium,4,181,3,False,False,0.95,0.49,False
support,medium,4,160,2,False,False,0.94,0.6,False
engineering,medium,6,197,5,True,False,0.82,0.34,False
engineering,high,3,145,3,False,False,0.77,0.71,False
engineering,low,5,221,2,False,False,0.64,0.6,False
management,medium,6,260,5,False,False,0.78,0.12,False
IT,medium,3,99,5,True,False,0.87,0.16,False
IT,medium,3,243,3,False,False,0.61,0.57,False
IT,medium,5,244,3,False,False,0.8,0.72,False
IT,low,4,179,4,False,False,0.55,0.91,False
IT,low,4,146,6,True,False,0.49,0.95,False
product_management,low,3,262,2,True,False,0.9,0.71,False
product_management,low,4,174,2,False,False,0.69,0.9,False
product_management,low,4,148,4,False,False,0.81,0.66,False
product_management,low,5,235,3,False,False,0.59,0.48,False
IT,low,5,285,2,True,False,0.82,0.82,False
r&d,low,4,143,3,False,False,0.79,0.83,False
r&d,low,6,141,5,False,False,0.82,0.85,False
r&d,low,3,125,4,False,False,0.47,0.84,False
r&d,low,4,232,3,False,False,0.51,0.99,False
r&d,low,3,172,2,False,False,0.72,0.54,False
marketing,low,5,283,5,False,False,0.42,0.64,False
sales,low,3,189,3,False,False,0.68,0.67,False
accounting,low,2,144,3,False,False,0.54,0.48,False
support,low,4,145,3,True,False,0.77,0.58,False
engineering,low,3,200,3,False,False,0.59,0.54,False
management,low,3,264,4,False,False,0.65,0.25,False
marketing,low,3,215,3,False,False,0.53,0.9,False
marketing,low,4,272,3,False,False,0.39,0.48,False
marketing,low,5,142,3,False,False,0.9,0.76,False
sales,medium,5,240,2,False,False,0.53,0.72,False
sales,medium,4,168,2,False,False,0.66,0.95,False
sales,medium,4,171,4,False,False,0.55,0.73,False
sales,medium,3,159,2,False,False,0.7,0.93,False
sales,medium,3,175,4,False,False,0.61,0.89,False
sales,medium,4,244,3,False,False,0.97,0.7,False
sales,medium,3,198,3,False,False,0.57,0.98,False
sales,medium,5,151,3,False,False,0.65,0.72,False
sales,medium,2,188,4,False,False,0.69,0.49,False
sales,medium,3,199,2,False,False,0.85,0.15,False
sales,medium,4,257,3,False,False,0.96,0.57,False
sales,medium,4,144,4,False,False,0.81,0.21,False
sales,high,4,275,3,False,False,0.57,0.46,False
sales,low,3,243,3,False,False,0.52,0.56,False
sales,medium,3,181,2,True,False,0.66,0.81,False
sales,medium,5,172,3,False,False,0.59,0.93,False
sales,medium,3,244,5,False,False,0.97,0.82,False
sales,medium,4,242,3,False,False,0.51,0.76,False
sales,low,3,249,2,False,False,0.81,0.97,False
accounting,low,5,128,3,True,False,0.81,0.38,False
accounting,low,3,213,3,False,False,0.49,0.46,False
accounting,low,4,152,3,True,False,0.57,0.34,False
hr,low,4,245,3,False,False,0.76,0.63,False
hr,low,4,113,3,False,False,0.56,0.57,False
hr,low,4,280,5,False,False,0.76,0.17,False
hr,low,3,273,3,True,False,0.67,0.74,False
engineering,low,4,221,3,True,False,0.56,0.59,False
engineering,low,5,133,3,False,False,0.61,0.49,False
engineering,low,3,136,4,True,False,0.58,0.49,False
engineering,low,4,243,3,True,False,0.71,0.61,False
engineering,low,5,135,3,False,False,0.79,0.81,False
engineering,low,3,231,3,False,False,0.63,0.74,False
engineering,low,3,259,4,False,False,0.98,0.91,False
engineering,low,3,238,2,False,False,0.66,0.71,False
engineering,low,3,210,3,False,False,0.71,0.73,False
engineering,low,3,120,6,False,False,0.4,0.44,False
engineering,low,2,203,4,False,False,0.56,0.6,False
support,low,4,148,2,False,False,0.88,0.73,False
support,low,4,258,3,False,False,0.54,0.8,False
support,medium,3,225,2,False,False,0.5,0.97,False
support,medium,4,208,2,False,False,0.75,0.99,False
support,medium,4,274,3,False,False,0.82,0.96,False
support,medium,5,147,6,True,False,0.7,0.24,False
support,medium,2,167,3,False,False,0.39,0.45,False
support,medium,4,154,4,False,False,0.96,0.74,False
support,medium,4,195,3,False,False,0.98,0.6,False
support,medium,3,237,4,False,False,0.56,0.67,False
support,medium,4,222,2,False,False,0.99,0.57,False
engineering,medium,5,145,4,False,False,0.71,0.87,False
engineering,medium,3,257,5,True,False,0.83,0.25,False
engineering,medium,3,286,4,False,False,0.84,0.98,False
management,high,2,137,3,False,False,0.64,0.3,False
IT,low,5,130,2,False,False,0.52,0.21,False
IT,medium,3,214,2,False,False,0.7,0.56,False
IT,medium,3,138,2,False,False,0.96,0.75,False
IT,medium,3,166,3,False,False,0.77,0.5,False
IT,medium,4,159,5,False,False,0.92,0.61,False
product_management,low,5,160,4,False,False,0.59,0.83,False
product_management,low,3,155,4,True,False,0.76,0.66,False
product_management,low,3,231,3,False,False,0.68,0.84,False
product_management,low,4,227,3,False,False,0.57,0.87,False
IT,low,3,181,2,False,False,0.37,0.48,False
r&d,low,4,222,3,False,False,0.79,0.84,False
r&d,low,3,196,3,False,False,0.71,0.49,False
r&d,low,3,206,3,False,False,0.93,0.67,False
r&d,low,6,257,6,True,False,0.93,0.12,False
r&d,low,5,153,2,False,False,0.67,0.99,False
marketing,low,5,250,5,False,False,0.59,0.17,False
sales,low,3,250,5,False,False,0.66,0.58,False
accounting,low,3,148,3,False,False,0.73,0.5,False
support,low,3,141,2,True,False,0.69,0.35,False
engineering,low,6,147,3,False,False,0.95,0.93,False
management,low,3,142,3,False,False,0.87,0.73,False
marketing,low,3,210,2,False,False,0.54,0.91,False
marketing,low,3,152,2,False,False,0.66,0.72,False
marketing,low,3,149,3,False,False,0.39,0.51,False
sales,low,3,198,3,False,False,0.92,0.55,False
sales,low,3,139,5,False,False,0.76,0.66,False
sales,medium,6,255,6,True,False,0.41,0.84,False
sales,medium,4,229,2,False,False,0.8,0.81,False
sales,medium,5,134,2,False,False,0.69,0.81,False
sales,medium,5,255,3,False,False,0.75,0.5,False
sales,medium,5,189,3,False,False,0.68,0.78,False
sales,medium,3,183,3,False,False,0.74,0.76,False
sales,medium,3,154,2,False,False,0.71,0.49,False
sales,medium,3,167,3,False,False,0.61,0.99,False
sales,medium,4,139,5,False,False,0.48,0.73,False
sales,medium,5,245,2,False,False,0.74,0.88,False
sales,medium,4,200,3,False,False,0.91,0.79,False
sales,medium,3,159,2,False,False,0.98,0.83,False
sales,high,4,163,6,False,False,0.44,0.21,False
sales,low,3,158,2,True,False,0.52,0.87,False
sales,medium,3,194,3,False,False,0.89,1.0,False
sales,medium,3,267,3,True,False,0.98,0.49,False
sales,medium,3,183,2,False,False,0.63,0.51,False
accounting,medium,3,174,2,False,False,0.64,0.63,False
accounting,low,4,240,3,False,False,0.63,0.91,False
accounting,low,2,123,4,True,False,0.5,0.54,False
hr,low,4,174,3,False,False,0.59,1.0,False
hr,low,5,246,3,False,False,0.91,0.64,False
hr,low,5,173,2,False,False,0.96,0.65,False
hr,low,4,185,5,False,False,0.93,0.15,False
engineering,low,4,259,3,True,False,0.83,0.81,False
engineering,low,3,112,4,True,False,0.83,0.61,False
engineering,medium,5,219,2,False,False,0.55,0.86,False
engineering,medium,3,258,2,False,False,0.62,0.71,False
engineering,medium,5,287,3,False,False,0.82,0.72,False
engineering,medium,5,186,2,False,False,0.37,0.84,False
engineering,medium,3,159,4,False,False,0.74,0.38,False
engineering,medium,4,230,3,False,False,0.56,0.75,False
engineering,medium,5,106,5,False,False,0.77,0.93,False
engineering,medium,4,189,3,False,False,0.64,0.71,False
engineering,medium,3,252,3,False,False,0.96,0.75,False
support,medium,4,220,2,False,False,0.68,0.56,False
support,medium,5,218,3,False,False,0.82,0.57,False
support,medium,4,145,4,False,False,0.83,0.63,False
support,medium,4,142,3,True,False,0.91,0.59,False
support,medium,3,218,2,False,False,0.62,0.77,False
support,medium,4,157,4,False,False,0.7,0.65,False
support,medium,4,178,3,False,False,0.49,0.84,False
support,medium,4,241,6,False,False,0.45,0.9,False
support,medium,3,230,3,False,False,0.83,0.6,False
support,medium,5,249,3,False,False,0.74,0.9,False
support,medium,5,147,2,False,False,0.7,0.94,False
engineering,medium,4,115,3,False,False,0.9,0.56,False
engineering,medium,5,143,3,False,False,0.86,0.95,False
engineering,medium,4,219,3,False,False,0.85,0.97,False
management,medium,4,218,2,False,False,0.63,0.55,False
IT,medium,5,235,2,False,False,0.6,0.79,False
IT,high,5,237,3,False,False,0.76,0.49,False
IT,high,5,186,2,False,False,0.58,0.49,False
IT,high,5,177,2,False,False,0.65,0.57,False
IT,high,4,228,4,False,False,0.81,0.89,False
product_management,high,3,204,3,False,False,0.59,0.66,False
product_management,high,5,210,3,False,False,0.77,0.94,False
product_management,high,4,250,2,True,False,0.95,0.98,False
product_management,high,5,185,6,False,False,0.52,0.18,False
IT,high,3,146,3,False,False,0.73,0.57,False
r&d,high,3,217,2,False,False,0.55,0.67,False
r&d,high,6,172,6,False,False,0.61,0.12,False
r&d,high,3,184,2,False,False,0.95,0.48,False
r&d,low,3,148,3,False,False,0.97,0.61,False
r&d,low,5,236,4,False,False,0.52,0.23,False
marketing,low,3,280,2,False,False,0.38,0.4,False
sales,low,3,218,3,False,False,0.6,0.57,False
accounting,low,5,155,3,False,False,0.98,0.95,False
support,low,4,242,4,False,False,0.66,0.93,False
engineering,low,3,166,5,False,False,0.88,0.7,False
management,low,4,175,3,True,False,0.9,0.58,False
marketing,low,5,234,3,False,False,0.95,0.52,False
marketing,low,5,232,3,False,False,0.88,0.98,False
marketing,low,4,156,3,True,False,0.94,0.93,False
sales,low,5,248,3,False,False,0.63,0.34,False
sales,low,4,218,2,False,False,0.75,0.87,False
sales,low,5,251,2,True,False,0.96,0.52,False
sales,low,4,173,4,False,False,0.91,0.58,False
sales,medium,4,157,3,True,False,0.51,0.65,False
sales,medium,3,274,3,False,False,0.59,0.74,False
sales,medium,5,182,3,False,False,0.7,0.63,False
sales,medium,4,233,2,False,False,0.74,0.74,False
sales,medium,4,249,3,False,False,1.0,0.65,False
sales,medium,3,162,3,True,False,0.94,0.48,False
sales,medium,3,184,3,False,False,0.75,0.84,False
sales,medium,3,135,2,False,False,0.62,0.6,False
sales,medium,3,143,2,False,False,0.57,0.56,False
sales,medium,5,203,5,False,False,0.8,0.13,False
sales,medium,5,143,4,False,False,0.51,0.83,False
sales,medium,2,142,3,True,False,0.42,0.91,False
sales,high,5,171,2,False,False,0.97,0.97,False
sales,high,3,223,4,False,False,0.96,0.9,False
sales,high,4,148,3,False,False,0.87,0.57,False
accounting,high,6,140,2,False,False,0.79,0.84,False
accounting,high,4,226,2,False,False,0.74,0.84,False
accounting,high,5,183,5,False,False,0.93,0.17,False
hr,high,5,135,3,False,False,0.86,0.97,False
hr,high,3,236,2,False,False,0.66,0.94,False
hr,low,5,257,2,False,False,0.61,0.83,False
hr,low,3,155,3,False,False,0.73,0.91,False
engineering,low,2,211,4,False,False,0.76,0.9,False
engineering,low,3,207,2,False,False,0.86,0.95,False
engineering,low,3,126,6,False,False,0.95,0.69,False
engineering,low,3,267,2,False,False,0.98,0.49,False
engineering,low,6,226,2,False,False,0.37,0.45,False
engineering,low,2,239,2,False,False,0.9,0.21,False
engineering,medium,3,202,2,False,False,0.61,0.67,False
engineering,medium,3,150,2,True,False,0.62,0.76,False
engineering,medium,5,156,6,False,False,0.78,0.19,False
engineering,medium,2,233,3,False,False,0.73,0.52,False
engineering,medium,5,262,2,False,False,0.59,0.66,False
support,medium,3,183,3,False,False,0.67,0.95,False
support,medium,4,225,2,False,False,0.78,0.95,False
support,medium,5,216,3,False,False,0.54,0.57,False
support,medium,5,227,3,False,False,0.57,0.48,False
support,medium,4,242,2,False,False,0.5,0.95,False
support,medium,4,224,3,False,False,0.67,0.7,False
support,medium,3,223,3,True,False,0.61,0.48,False
support,medium,3,202,2,False,False,0.58,0.62,False
support,medium,3,220,3,False,False,0.76,0.58,False
support,medium,4,129,5,False,False,0.87,1.0,False
support,medium,2,193,5,False,False,0.65,0.79,False
engineering,medium,3,165,2,False,False,0.73,0.58,False
engineering,medium,4,209,2,False,False,0.79,0.59,False
engineering,medium,4,183,2,True,False,0.8,0.66,False
management,medium,4,138,3,False,False,0.59,0.71,False
IT,medium,5,152,3,False,False,0.74,0.9,False
IT,medium,4,170,2,False,False,0.63,0.74,False
IT,medium,5,185,3,False,False,0.93,0.66,False
IT,high,2,249,2,False,False,0.53,0.92,False
IT,low,4,155,3,False,False,0.51,0.55,False
product_management,medium,3,204,4,False,False,0.43,0.51,False
product_management,medium,5,188,4,False,False,0.52,0.49,False
product_management,medium,5,264,4,False,False,0.52,0.88,False
product_management,medium,4,146,2,False,False,0.8,0.6,False
IT,medium,4,212,4,False,False,0.65,0.93,False
r&d,medium,3,215,3,False,False,0.59,0.86,False
r&d,medium,4,239,3,False,False,0.98,0.78,False
r&d,medium,3,188,3,False,False,0.55,0.69,False
r&d,medium,4,259,3,False,False,0.51,0.84,False
r&d,medium,3,200,3,True,False,0.62,0.48,False
marketing,low,3,245,2,False,False,0.86,0.63,False
sales,low,3,182,2,False,False,0.61,0.54,False
accounting,low,4,181,2,False,False,0.53,0.85,False
support,low,3,164,3,False,False,0.52,0.51,False
engineering,low,5,257,3,False,False,0.86,0.88,False
management,low,3,178,3,False,False,0.93,0.87,False
marketing,low,4,224,3,False,False,0.5,0.54,False
marketing,high,5,170,3,False,False,0.67,0.96,False
marketing,low,4,233,2,False,False,0.75,0.58,False
sales,high,5,239,3,False,False,0.57,0.21,False
sales,high,5,185,2,False,False,0.56,0.5,False
sales,low,4,184,3,False,False,0.54,0.52,False
sales,low,3,188,2,False,False,0.7,0.5,False
sales,high,3,186,3,True,False,0.86,0.74,False
sales,low,3,226,3,False,False,0.63,0.69,False
sales,medium,2,143,6,False,False,0.74,0.61,False
sales,high,3,213,3,False,False,0.82,0.5,False
sales,medium,2,217,2,False,False,0.53,0.79,False
sales,medium,5,190,2,False,False,0.68,0.73,False
sales,medium,2,147,2,False,False,0.69,0.49,False
sales,medium,2,235,3,True,False,0.77,0.7,False
sales,high,6,136,3,False,False,0.62,0.27,False
sales,medium,5,261,2,False,False,0.54,0.8,False
sales,medium,6,176,4,False,False,0.6,0.45,False
sales,medium,4,212,4,False,False,0.64,0.63,False
sales,high,2,148,3,False,False,0.52,0.76,False
sales,medium,6,218,6,False,False,0.74,0.42,False
sales,high,6,262,6,False,False,0.87,0.41,False
accounting,low,6,145,3,False,False,0.46,0.74,False
accounting,medium,3,230,4,True,False,0.75,0.82,False
accounting,medium,4,210,2,False,False,0.65,0.82,False
hr,medium,4,227,3,False,False,0.73,0.53,False
hr,medium,4,142,2,False,False,0.77,0.71,False
hr,low,4,171,2,False,False,0.9,0.5,False
hr,low,3,241,3,False,False,0.89,0.68,False
engineering,low,3,247,2,True,False,0.99,0.68,False
engineering,low,5,246,3,False,False,0.86,0.48,False
engineering,low,3,188,3,True,False,0.72,0.59,False
engineering,low,3,104,2,False,False,0.7,0.21,False
engineering,low,5,197,4,True,False,0.73,0.99,False
engineering,low,4,191,4,False,False,0.88,1.0,False
engineering,low,4,173,2,False,False,0.51,0.84,False
engineering,low,2,207,4,True,False,0.82,0.86,False
engineering,high,5,247,4,False,False,0.54,0.52,False
engineering,low,5,197,5,True,False,0.97,0.94,False
engineering,low,3,242,2,False,False,0.81,0.55,False
support,low,3,145,2,False,False,0.59,0.79,False
support,low,4,174,3,False,False,0.9,0.91,False
support,high,3,195,2,False,False,0.99,0.82,False
support,low,4,270,3,True,False,0.94,0.84,False
support,low,4,238,3,False,False,0.68,0.72,False
support,low,4,156,2,False,False,0.85,0.68,False
support,high,5,261,3,False,False,0.96,0.99,False
support,low,5,135,2,False,False,0.85,0.74,False
support,medium,6,185,4,False,False,0.41,0.8,False
support,high,3,197,3,False,False,0.55,0.55,False
support,medium,3,241,3,False,False,0.95,0.56,False
engineering,high,3,263,3,True,False,0.98,0.88,False
engineering,medium,4,251,2,False,False,0.49,0.86,False
engineering,medium,3,218,2,False,False,0.95,0.64,False
management,medium,4,183,3,False,False,0.58,0.82,False
IT,medium,4,252,3,False,False,0.8,0.66,False
IT,medium,3,98,3,False,False,0.95,0.64,False
IT,medium,6,284,4,False,False,0.78,0.17,False
IT,medium,4,220,2,False,False,0.68,0.75,False
IT,medium,4,275,3,False,False,0.39,0.45,False
product_management,high,4,164,3,False,False,0.9,0.99,False
product_management,low,5,237,4,False,False,0.67,0.93,False
product_management,medium,3,133,3,False,False,0.8,0.88,False
product_management,medium,5,256,4,False,False,0.52,0.62,False
IT,medium,4,270,3,False,False,0.88,0.94,False
r&d,medium,4,196,2,False,False,0.92,0.59,False
r&d,medium,4,209,2,False,False,0.89,0.93,False
r&d,medium,3,261,3,False,False,0.39,0.71,False
r&d,medium,3,221,2,False,False,0.6,0.6,False
r&d,medium,4,180,3,True,False,0.69,0.71,False
marketing,medium,4,145,3,False,False,0.57,0.91,False
sales,high,4,111,2,False,False,0.96,0.78,False
accounting,low,4,232,3,False,False,0.63,0.52,False
support,low,5,195,3,False,False,0.7,0.99,False
engineering,low,4,211,2,True,False,0.51,0.86,False
management,high,4,194,2,False,False,0.68,0.74,False
marketing,low,4,275,5,False,False,0.84,0.15,False
marketing,low,3,140,3,False,False,0.54,0.57,False
marketing,low,3,157,3,False,False,0.6,0.67,False
sales,high,4,258,3,False,False,0.93,0.8,False
sales,low,5,273,4,False,False,0.82,0.83,False
sales,low,3,135,2,False,False,0.53,0.69,False
sales,low,3,188,4,False,False,0.83,0.64,False
sales,low,5,222,2,False,False,0.52,0.95,False
sales,low,4,231,3,False,False,0.52,0.97,False
sales,low,3,255,2,False,False,0.86,0.85,False
sales,low,3,254,2,False,False,0.51,0.72,False
sales,medium,3,244,3,True,False,0.85,0.91,False
sales,medium,3,132,4,False,False,0.83,0.81,False
sales,medium,5,234,6,False,False,0.67,0.13,False
sales,medium,4,272,3,False,False,0.81,0.95,False
sales,medium,4,191,3,False,False,0.54,0.82,False
sales,medium,4,238,4,False,False,0.93,0.63,False
sales,medium,3,225,2,False,False,0.69,0.55,False
sales,medium,3,211,2,False,False,0.95,0.83,False
sales,medium,3,217,3,False,False,0.98,0.54,False
sales,medium,5,156,4,False,False,0.91,0.89,False
sales,medium,3,147,3,False,False,0.55,0.79,False
accounting,medium,4,134,3,False,False,0.73,0.56,False
accounting,high,4,235,2,True,False,0.7,0.89,False
accounting,low,4,238,4,False,False,0.66,1.0,False
hr,medium,3,258,4,False,False,0.72,0.43,False
hr,medium,5,224,3,False,False,0.55,0.71,False
hr,medium,4,149,2,False,False,0.59,0.98,False
hr,medium,4,219,2,True,False,0.7,0.81,False
engineering,low,3,186,2,False,False,0.53,0.71,False
engineering,low,4,259,4,False,False,0.6,0.99,False
engineering,low,3,119,2,False,False,0.62,0.34,False
engineering,low,3,223,2,False,False,0.91,0.58,False
engineering,low,4,184,3,False,False,0.49,0.77,False
engineering,low,3,238,4,False,False,0.5,0.64,False
engineering,low,4,157,5,True,False,1.0,0.13,False
engineering,low,2,249,3,False,False,0.6,0.98,False
engineering,low,4,195,2,False,False,0.84,0.72,False
engineering,low,3,162,2,False,False,0.79,0.55,False
engineering,low,4,231,3,False,False,0.91,0.62,False
support,low,2,264,3,False,False,0.91,0.74,False
support,low,3,210,3,False,False,0.96,0.69,False
support,low,4,192,3,False,False,0.63,0.6,False
support,low,3,192,2,False,False,0.43,0.54,False
support,low,4,249,3,False,False,0.75,0.56,False
support,low,5,206,3,False,False,0.86,0.58,False
support,low,4,165,5,False,False,0.66,0.21,False
support,low,5,183,3,False,False,0.85,0.52,False
support,low,4,253,2,False,False,0.7,0.98,False
support,low,3,256,3,False,False,0.97,0.85,False
support,medium,2,263,4,False,False,0.88,0.62,False
engineering,medium,3,234,3,True,False,0.61,0.63,False
engineering,medium,6,223,2,False,False,0.97,0.84,False
engineering,medium,2,172,3,False,False,0.69,0.71,False
management,medium,6,226,6,False,False,0.55,0.36,False
IT,medium,6,205,4,True,False,0.56,0.79,False
IT,medium,4,235,2,False,False,0.55,0.59,False
IT,medium,4,263,3,False,False,0.53,0.5,False
IT,medium,4,271,3,True,False,0.66,0.88,False
IT,medium,6,131,5,False,False,0.69,0.65,False
product_management,medium,4,238,4,False,False,0.56,0.71,False
product_management,medium,3,214,2,False,False,0.54,0.89,False
product_management,high,3,267,3,False,False,0.84,0.83,False
product_management,low,3,184,2,False,False,0.53,0.73,False
IT,medium,3,264,3,False,False,0.67,0.71,False
r&d,medium,3,109,2,False,False,0.66,0.53,False
r&d,medium,3,253,4,True,False,0.7,0.74,False
r&d,medium,4,207,2,True,False,0.52,0.6,False
r&d,low,4,263,5,False,False,0.6,0.47,False
r&d,low,3,214,2,True,False,0.88,0.88,False
marketing,low,2,153,3,False,False,0.67,0.62,False
sales,low,5,123,5,True,False,0.48,0.24,False
accounting,low,5,159,2,False,False,0.36,0.15,False
support,low,3,185,3,False,False,0.82,0.92,False
engineering,low,4,167,3,True,False,0.7,0.74,False
management,low,3,271,3,False,False,0.77,0.86,False
marketing,low,3,140,3,False,False,0.61,0.96,False
marketing,low,4,141,3,False,False,0.6,0.54,False
marketing,low,4,190,2,False,False,0.87,0.99,False
sales,low,5,134,2,False,False,0.73,0.72,False
sales,low,5,176,4,False,False,0.75,0.96,False
sales,low,4,194,2,False,False,0.73,0.73,False
sales,low,5,212,4,False,False,0.44,0.67,False
sales,low,5,234,3,True,False,0.72,0.58,False
sales,low,4,190,2,False,False,0.99,0.9,False
sales,low,5,155,3,False,False,0.37,0.99,False
sales,low,4,232,2,False,False,0.58,0.89,False
sales,low,4,216,3,False,False,0.95,0.72,False
sales,low,3,207,3,False,False,0.8,0.77,False
sales,medium,4,200,4,False,False,0.94,0.8,False
sales,medium,3,178,4,False,False,0.86,0.89,False
sales,medium,4,173,2,False,False,0.81,0.59,False
sales,medium,5,268,5,False,False,0.87,0.24,False
sales,medium,6,212,2,False,False,0.59,0.94,False
sales,medium,4,216,3,False,False,0.5,0.74,False
sales,medium,5,212,6,False,False,0.62,0.63,False
sales,medium,3,155,3,True,False,0.59,0.63,False
sales,medium,4,164,2,False,False,0.65,0.77,False
accounting,medium,3,209,3,False,False,0.74,0.87,False
accounting,medium,4,136,3,False,False,0.61,0.79,False
accounting,medium,4,223,3,False,False,0.84,0.54,False
hr,high,4,239,4,False,False,0.83,0.59,False
hr,low,3,205,4,False,False,0.87,0.86,False
hr,medium,3,203,3,False,False,0.68,0.98,False
hr,medium,5,152,4,False,False,0.79,1.0,False
engineering,medium,4,236,3,True,False,0.79,0.9,False
engineering,medium,4,114,3,False,False,0.6,0.34,False
engineering,low,3,209,2,False,False,0.93,0.95,False
engineering,low,4,178,2,False,False,0.48,0.79,False
engineering,low,4,175,5,False,False,0.91,0.13,False
engineering,low,3,270,4,False,False,0.69,0.72,False
engineering,low,3,145,2,True,False,0.54,0.63,False
engineering,low,5,134,2,False,False,0.76,0.81,False
engineering,low,4,272,4,False,False,0.75,0.71,False
engineering,low,3,208,2,False,False,0.76,0.49,False
engineering,low,4,219,3,True,False,0.65,0.59,False
support,low,5,154,3,False,False,0.59,0.87,False
support,low,3,179,4,False,False,0.6,0.66,False
support,low,5,137,2,False,False,0.92,0.78,False
support,low,4,211,2,False,False,0.7,0.65,False
support,low,5,271,4,False,False,0.97,0.8,False
support,low,4,192,2,False,False,0.75,0.56,False
support,low,4,228,4,False,False,0.67,0.85,False
support,low,2,267,6,True,False,0.46,0.14,False
support,low,4,272,2,False,False,0.62,0.74,False
support,low,2,260,2,False,False,0.93,0.86,False
support,low,4,161,3,False,False,0.96,0.71,False
engineering,low,4,226,2,False,False,0.99,0.83,False
engineering,medium,4,249,4,True,False,0.49,0.52,False
engineering,medium,3,243,3,False,False,0.8,0.63,False
management,medium,4,247,2,False,False,0.93,0.92,False
IT,medium,3,186,2,False,False,0.87,0.66,False
IT,medium,3,155,3,False,False,0.7,0.77,False
IT,medium,2,135,4,False,False,0.97,0.74,False
IT,medium,5,198,4,False,False,0.76,0.81,False
IT,medium,3,175,2,False,False,0.55,0.67,False
product_management,medium,3,192,3,False,False,0.92,0.75,False
product_management,medium,2,282,3,False,False,0.36,0.65,False
product_management,medium,4,179,3,False,False,0.6,0.81,False
product_management,medium,4,245,3,False,False,0.77,0.57,False
IT,high,4,235,3,False,False,0.66,0.89,False
r&d,low,4,266,2,False,False,0.56,0.5,False
r&d,medium,4,269,4,True,False,0.42,0.21,False
r&d,medium,3,264,2,False,False,0.67,0.79,False
r&d,medium,3,161,2,True,False,0.57,0.66,False
r&d,medium,3,203,3,False,False,0.95,0.82,False
marketing,low,4,258,2,False,False,0.85,0.85,False
sales,low,3,143,3,False,False,0.96,0.72,False
accounting,low,3,214,3,False,False,0.92,0.52,False
support,low,4,166,3,True,False,0.62,0.5,False
engineering,low,3,192,3,False,False,0.82,0.52,False
management,low,3,185,4,True,False,0.87,0.13,False
marketing,low,4,173,3,False,False,0.98,0.87,False
marketing,low,2,163,3,False,False,0.98,0.53,False
marketing,low,5,277,4,False,False,0.76,0.15,False
sales,low,5,274,2,True,False,0.86,0.64,False
sales,low,3,119,2,False,False,0.44,0.52,False
sales,low,4,267,3,False,False,0.67,0.79,False
sales,low,3,160,2,False,False,0.89,0.74,False
sales,low,4,198,2,False,False,0.84,0.81,False
sales,low,3,193,3,False,False,0.6,0.94,False
sales,low,6,250,2,False,False,0.84,0.67,False
sales,low,3,237,4,True,False,0.84,0.93,False
sales,low,4,170,2,False,False,0.96,0.52,False
sales,medium,2,157,2,True,False,0.74,0.48,False
sales,medium,6,267,4,False,False,0.92,0.57,False
sales,medium,4,192,4,False,False,0.77,0.71,False
sales,medium,4,218,2,True,False,0.74,0.9,False
sales,medium,4,210,3,False,False,0.61,0.58,False
sales,medium,4,229,4,False,False,0.48,0.66,False
sales,medium,3,186,3,False,False,0.66,0.59,False
sales,medium,3,234,2,True,False,0.5,0.96,False
sales,medium,2,149,5,False,False,0.91,0.13,False
sales,medium,3,205,3,False,False,0.92,0.93,False
accounting,medium,3,148,4,False,False,0.72,0.54,False
accounting,medium,5,270,3,False,False,0.77,0.54,False
accounting,high,3,176,3,False,False,0.62,0.87,False
hr,low,3,226,2,False,False,0.91,0.79,False
hr,medium,3,232,4,False,False,0.57,0.83,False
hr,medium,3,137,3,False,False,0.6,0.73,False
hr,medium,6,253,3,False,False,0.42,0.29,False
engineering,medium,6,231,4,False,False,0.7,0.8,False
engineering,low,3,189,6,False,False,0.81,0.29,False
engineering,low,6,168,2,False,False,0.85,0.43,False
engineering,low,3,261,3,False,False,0.93,0.99,False
engineering,low,4,152,3,False,False,0.51,0.86,False
engineering,low,5,263,2,True,False,0.78,0.85,False
engineering,low,3,258,3,False,False,0.68,0.66,False
engineering,low,3,205,3,False,False,0.99,0.57,False
engineering,low,6,183,2,True,False,0.64,0.31,False
engineering,low,3,153,3,False,False,0.88,0.88,False
engineering,low,5,194,4,False,False,0.72,0.72,False
support,low,4,202,2,False,False,0.66,0.75,False
support,low,4,164,4,False,False,0.71,0.82,False
support,low,3,213,2,False,False,0.67,0.82,False
support,low,4,265,6,False,False,0.52,0.15,False
support,low,6,218,3,False,False,0.88,0.16,False
support,low,5,286,4,False,False,0.4,0.95,False
support,low,3,172,3,True,False,0.73,0.87,False
support,low,4,251,2,False,False,0.89,0.85,False
support,low,3,110,3,True,False,0.6,0.58,False
support,low,3,269,4,False,False,0.86,0.63,False
support,low,3,151,3,True,False,0.68,0.69,False
engineering,medium,5,161,2,False,False,0.85,0.53,False
engineering,medium,4,210,3,False,False,0.71,0.96,False
engineering,medium,2,167,3,False,False,0.83,0.73,False
management,medium,3,270,3,True,False,0.6,0.5,False
IT,medium,3,133,3,True,False,0.83,0.81,False
IT,medium,3,249,3,False,False,0.59,0.82,False
IT,medium,4,266,3,False,False,0.72,0.76,False
IT,medium,4,276,2,False,False,0.82,0.27,False
IT,medium,6,215,3,False,False,0.38,0.64,False
product_management,medium,3,262,2,False,False,0.9,0.57,False
product_management,medium,5,193,3,False,False,0.84,0.49,False
product_management,medium,2,102,4,False,False,0.92,0.66,False
product_management,high,4,278,4,True,False,0.36,0.71,False
IT,low,3,250,4,False,False,0.63,0.61,False
r&d,medium,5,193,4,False,False,0.89,0.52,False
r&d,medium,3,133,3,False,False,0.91,0.62,False
r&d,medium,4,216,4,False,False,0.65,0.98,False
r&d,medium,5,174,2,True,False,0.56,0.67,False
r&d,low,2,280,4,False,False,0.62,0.85,False
marketing,low,4,246,2,False,False,0.85,0.84,False
sales,low,3,142,3,False,False,0.53,1.0,False
accounting,low,4,144,3,True,False,0.76,0.72,False
support,low,6,100,4,True,False,0.75,0.66,False
engineering,low,5,212,2,False,False,0.71,0.64,False
management,low,5,201,3,False,False,0.76,1.0,False
marketing,low,5,206,2,False,False,0.59,0.75,False
marketing,low,4,197,3,False,False,0.77,0.81,False
marketing,low,5,232,5,False,False,0.98,0.31,False
sales,low,6,272,2,False,False,0.97,0.32,False
sales,low,4,173,3,False,False,0.5,0.48,False
sales,low,2,124,2,False,False,0.42,0.62,False
sales,low,5,282,4,False,False,0.86,0.77,False
sales,low,2,219,4,True,False,0.8,0.76,False
sales,low,3,106,6,False,False,0.41,0.68,False
sales,low,4,192,4,False,False,0.79,0.72,False
sales,low,5,190,2,False,False,0.91,0.87,False
sales,low,2,156,2,False,False,0.57,0.59,False
sales,low,3,180,2,False,False,0.64,0.7,False
sales,low,4,245,2,False,False,0.81,0.73,False
sales,medium,3,169,2,False,False,0.62,0.58,False
sales,medium,3,188,4,False,False,0.66,0.64,False
sales,medium,5,224,2,False,False,0.66,0.89,False
sales,medium,3,263,2,True,False,0.71,0.95,False
sales,medium,3,262,2,False,False,0.9,0.84,False
sales,medium,4,225,3,False,False,0.99,0.6,False
sales,medium,5,224,3,True,False,0.63,0.71,False
sales,medium,3,266,3,False,False,0.95,0.6,False
accounting,medium,3,218,3,True,False,0.68,0.91,False
accounting,medium,3,102,3,False,False,1.0,0.75,False
accounting,medium,4,181,3,False,False,0.67,0.7,False
hr,medium,5,150,5,False,False,0.64,0.23,False
hr,high,4,270,2,False,False,0.83,0.73,False
hr,low,4,270,2,False,False,0.49,0.99,False
hr,medium,5,265,3,False,False,0.68,0.62,False
engineering,medium,4,169,3,False,False,0.89,0.98,False
engineering,medium,3,224,4,False,False,0.94,0.61,False
engineering,medium,3,150,2,True,False,0.92,0.52,False
engineering,low,5,239,4,False,False,0.66,0.65,False
engineering,low,3,245,3,True,False,0.9,0.59,False
engineering,low,3,182,2,True,False,0.8,0.71,False
engineering,low,5,182,4,False,False,0.7,0.18,False
engineering,low,4,243,4,False,False,0.93,0.21,False
engineering,low,6,209,5,False,False,0.67,0.15,False
engineering,low,4,195,4,False,False,0.53,0.97,False
engineering,low,3,190,2,False,False,0.48,0.39,False
support,medium,2,140,2,False,False,0.66,0.35,False
support,medium,4,147,4,False,False,0.58,0.88,False
support,medium,3,265,3,False,False,0.97,0.58,False
support,medium,3,238,2,False,False,0.78,0.61,False
support,medium,3,155,3,False,False,0.98,0.59,False
support,medium,4,132,5,True,False,0.41,0.55,False
support,medium,5,257,3,False,False,0.8,0.52,False
support,medium,2,255,3,False,False,0.77,0.71,False
support,medium,5,229,2,False,False,0.82,0.63,False
support,medium,5,216,4,False,False,0.84,0.17,False
support,medium,4,269,4,False,False,0.49,0.95,False
engineering,medium,3,205,2,False,False,0.73,1.0,False
engineering,medium,2,151,3,False,False,0.96,0.73,False
engineering,medium,4,246,3,True,False,0.64,0.8,False
management,medium,4,256,4,False,False,0.8,0.63,False
IT,medium,4,235,3,False,False,0.59,0.95,False
IT,medium,4,229,2,False,False,0.83,0.75,False
IT,medium,5,158,3,False,False,0.72,0.64,False
IT,medium,3,197,3,False,False,1.0,0.72,False
IT,medium,3,151,4,False,False,0.53,0.72,False
product_management,medium,3,167,3,False,False,0.63,0.85,False
product_management,medium,4,146,4,False,False,0.94,0.24,False
product_management,medium,4,281,4,False,False,0.53,0.69,False
product_management,medium,3,212,2,False,False,0.7,0.69,False
IT,medium,5,261,3,False,False,0.59,0.87,False
r&d,high,3,238,2,False,False,0.91,0.78,False
r&d,high,4,235,3,False,False,0.74,0.76,False
r&d,high,3,107,3,False,False,0.7,0.35,False
r&d,high,6,243,4,False,False,0.59,0.88,False
r&d,high,5,233,3,True,False,0.79,0.78,False
marketing,high,3,206,5,False,False,0.42,0.36,False
sales,high,5,172,4,False,False,0.7,0.24,False
accounting,high,3,248,2,False,False,0.82,0.55,False
support,high,3,147,4,True,False,0.53,0.91,False
engineering,high,5,259,3,False,False,0.61,0.66,False
management,high,3,267,3,False,False,0.82,0.57,False
marketing,high,3,263,3,False,False,0.64,0.64,False
marketing,low,3,160,4,True,False,0.98,0.63,False
marketing,low,5,176,3,False,False,0.92,0.49,False
sales,low,3,224,3,False,False,0.7,0.7,False
sales,low,3,155,2,False,False,0.71,0.3,False
sales,low,3,132,3,False,False,0.52,0.51,False
sales,low,5,173,3,False,False,0.87,0.71,False
sales,low,3,165,3,False,False,0.67,0.64,False
sales,low,6,272,3,False,False,0.66,0.67,False
sales,low,5,156,3,True,False,0.94,0.83,False
sales,low,3,154,2,True,False,0.96,0.92,False
sales,low,3,237,3,True,False,0.53,0.84,False
sales,low,2,271,6,False,False,0.75,0.97,False
sales,low,6,152,3,False,False,0.91,0.19,False
sales,low,4,152,3,True,False,0.51,0.86,False
sales,low,3,172,3,False,False,0.69,0.71,False
sales,medium,4,214,2,True,False,0.56,0.76,False
sales,medium,5,201,3,False,False,0.88,0.68,False
sales,medium,2,275,3,True,False,0.99,0.61,False
sales,medium,3,156,3,False,False,0.79,0.85,False
sales,medium,3,234,2,False,False,0.89,0.84,False
sales,medium,2,123,2,False,False,0.63,0.62,False
accounting,medium,3,201,4,False,False,0.76,0.77,False
accounting,medium,5,160,4,True,False,0.93,0.79,False
accounting,medium,3,173,2,False,False,0.5,0.97,False
hr,medium,4,141,2,True,False,0.61,0.59,False
hr,medium,3,231,6,False,False,0.62,0.93,False
hr,medium,4,174,2,False,False,0.54,0.85,False
hr,high,4,211,3,False,False,0.57,0.7,False
engineering,high,3,249,3,False,False,0.91,0.54,False
engineering,high,2,108,5,False,False,0.86,0.42,False
engineering,high,4,165,3,False,False,0.75,0.96,False
engineering,high,3,181,4,False,False,0.8,0.58,False
engineering,high,3,237,2,False,False,0.59,0.61,False
engineering,high,5,180,2,False,False,0.97,0.62,False
engineering,high,3,209,3,False,False,0.7,0.68,False
engineering,low,3,191,5,True,False,0.73,0.6,False
engineering,low,4,181,2,True,False,0.91,0.7,False
engineering,low,4,250,2,False,False,0.55,0.65,False
engineering,low,2,179,2,False,False,0.59,0.48,False
support,low,3,225,4,False,False,0.73,0.75,False
support,low,5,267,2,True,False,0.78,0.69,False
support,low,2,169,2,True,False,0.46,0.34,False
support,low,4,164,3,False,False,0.49,0.59,False
support,medium,4,155,3,False,False,0.95,0.94,False
support,medium,5,223,2,True,False,0.77,0.98,False
support,medium,3,160,3,False,False,0.66,0.72,False
support,medium,4,268,2,False,False,0.7,0.79,False
support,medium,4,151,4,True,False,0.61,0.54,False
support,medium,3,156,2,False,False,0.95,0.73,False
support,medium,4,136,3,False,False,0.58,0.82,False
engineering,medium,3,189,2,False,False,0.45,0.57,False
engineering,medium,5,203,2,False,False,0.93,0.98,False
engineering,medium,5,174,2,False,False,0.65,0.91,False
management,medium,3,239,2,False,False,0.91,0.72,False
IT,medium,5,152,6,False,False,0.73,0.48,False
IT,medium,4,268,6,False,False,0.86,0.57,False
IT,medium,4,146,3,False,False,0.96,0.86,False
IT,medium,3,232,4,False,False,0.85,0.63,False
IT,medium,3,255,5,False,False,0.52,0.81,False
product_management,medium,4,129,4,False,False,0.37,0.21,False
product_management,medium,3,261,3,True,False,0.66,0.9,False
product_management,medium,3,101,2,True,False,0.78,0.79,False
product_management,medium,4,229,3,False,False,0.49,0.95,False
IT,medium,3,162,4,False,False,0.43,0.29,False
r&d,medium,4,270,3,False,False,0.52,0.81,False
r&d,medium,6,277,5,False,False,0.56,0.21,False
r&d,high,5,261,4,False,False,0.83,0.7,False
r&d,low,4,204,2,False,False,0.64,0.66,False
r&d,medium,2,215,2,False,False,0.86,0.16,False
marketing,medium,3,219,3,False,False,0.8,0.72,False
sales,medium,3,147,4,False,False,0.5,0.51,False
accounting,medium,5,243,2,False,False,0.63,0.59,False
support,medium,2,155,5,True,False,0.4,0.66,False
engineering,medium,3,253,2,False,False,0.84,0.69,False
management,medium,4,235,3,False,False,0.94,0.69,False
marketing,medium,5,257,3,False,False,0.79,0.89,False
marketing,medium,4,225,2,False,False,0.56,0.52,False
marketing,medium,3,167,3,False,False,0.91,0.91,False
sales,low,5,224,4,False,False,0.53,0.96,False
sales,low,5,127,3,False,False,0.58,0.8,False
sales,low,3,256,3,True,False,0.77,0.55,False
sales,low,4,233,2,False,False,0.63,0.93,False
sales,low,4,169,4,False,False,0.86,0.93,False
sales,low,3,152,2,False,False,0.48,0.54,False
sales,low,5,236,2,False,False,0.76,0.48,False
sales,high,3,154,2,False,False,0.99,0.19,False
sales,low,3,223,2,False,False,0.71,0.95,False
sales,high,4,211,3,False,False,0.81,0.96,False
sales,high,4,192,2,False,False,0.89,0.63,False
sales,low,4,227,2,True,False,0.8,0.81,False
sales,low,4,265,3,True,False,0.88,0.5,False
sales,high,5,228,2,False,False,0.72,0.76,False
sales,low,4,152,3,False,False,0.49,0.84,False
sales,medium,5,169,5,False,False,0.95,0.2,False
sales,high,3,169,3,False,False,0.92,0.78,False
sales,medium,4,157,3,False,False,0.68,0.8,False
sales,medium,4,251,2,True,False,0.57,0.94,False
accounting,medium,5,253,2,False,False,0.74,0.44,False
accounting,medium,3,155,2,False,False,0.85,0.92,False
accounting,high,3,232,2,False,False,0.8,0.54,False
hr,medium,4,195,2,False,False,0.56,0.56,False
hr,medium,4,198,3,True,False,0.69,0.66,False
hr,medium,3,246,3,False,False,0.91,0.8,False
hr,high,2,214,3,False,False,0.81,0.6,False
engineering,medium,5,249,3,False,False,0.73,0.73,False
engineering,high,3,211,3,True,False,0.74,0.55,False
engineering,low,5,269,3,False,False,0.71,0.7,False
engineering,medium,4,214,3,False,False,0.68,0.53,False
engineering,medium,4,231,3,False,False,0.94,0.9,False
engineering,medium,3,175,3,False,False,0.78,0.8,False
engineering,medium,5,175,3,False,False,0.6,0.51,False
engineering,low,5,238,5,False,False,0.96,0.86,False
engineering,low,4,228,4,False,False,0.79,0.63,False
engineering,low,3,220,4,False,False,0.93,0.83,False
engineering,low,4,233,2,True,False,0.55,0.85,False
support,low,3,225,4,False,False,0.57,0.8,False
support,low,5,187,3,False,False,0.97,0.79,False
support,low,3,117,3,False,False,0.71,0.37,False
support,low,3,184,3,True,False,0.9,0.85,False
support,low,3,216,3,False,False,0.56,0.76,False
support,low,4,140,2,True,False,0.62,0.99,False
support,high,3,201,2,True,False,0.63,0.55,False
support,low,4,167,3,True,False,0.69,0.69,False
support,low,5,203,2,False,False,1.0,0.68,False
support,low,5,231,2,True,False,0.9,0.69,False
support,low,3,141,4,False,False,0.7,0.65,False
engineering,high,6,226,3,True,False,0.88,0.17,False
engineering,low,3,199,2,False,False,0.65,0.48,False
engineering,low,4,192,3,False,False,0.59,0.65,False
management,low,4,247,2,False,False,0.49,0.57,False
IT,high,3,164,3,False,False,0.67,0.8,False
IT,low,5,234,2,False,False,0.6,0.8,False
IT,medium,2,177,3,True,False,0.6,0.5,False
IT,high,3,208,2,False,False,0.87,0.95,False
IT,medium,3,233,3,False,False,0.93,0.69,False
product_management,high,4,172,3,False,False,0.57,0.74,False
product_management,medium,3,141,3,False,False,0.59,0.68,False
product_management,medium,3,213,3,False,False,0.55,0.68,False
product_management,medium,5,128,3,True,False,0.37,0.65,False
IT,medium,4,151,3,True,False,0.92,0.85,False
r&d,medium,4,247,3,False,False,0.48,0.49,False
r&d,medium,6,143,4,False,False,0.8,0.19,False
r&d,medium,3,164,3,False,False,0.61,0.95,False
r&d,medium,3,183,3,False,False,0.62,0.63,False
r&d,high,4,274,3,False,False,0.8,0.83,False
marketing,low,4,261,2,False,False,0.78,0.62,False
sales,medium,5,200,3,False,False,0.98,0.74,False
accounting,medium,5,177,2,False,False,0.87,0.7,False
support,medium,5,139,4,False,False,0.38,0.28,False
engineering,medium,6,228,5,False,False,0.56,0.39,False
management,medium,3,230,2,False,False,0.63,0.62,False
marketing,medium,5,212,4,False,False,0.54,0.79,False
marketing,medium,4,265,4,False,False,0.74,0.87,False
marketing,medium,3,124,4,False,False,0.75,0.29,False
sales,medium,4,155,3,False,False,0.88,0.37,False
sales,high,4,215,4,False,False,0.55,0.68,False
sales,low,4,214,2,False,False,0.51,0.9,False
sales,low,3,181,3,False,False,0.65,0.97,False
sales,low,4,229,2,False,False,0.77,0.6,False
sales,high,5,262,2,False,False,0.79,0.58,False
sales,low,3,165,3,False,False,0.86,0.83,False
sales,low,5,136,3,False,False,0.73,0.83,False
sales,low,4,151,2,True,False,0.71,0.94,False
sales,high,5,226,4,False,False,0.9,0.69,False
sales,low,5,215,2,False,False,0.81,0.81,False
sales,low,6,143,5,True,False,0.5,0.19,False
sales,low,3,223,4,True,False,0.64,0.18,False
sales,low,4,271,3,False,False,0.63,0.58,False
sales,low,3,220,3,False,False,0.65,0.76,False
sales,low,6,182,4,False,False,0.47,0.26,False
sales,low,3,190,3,False,False,0.87,0.78,False
sales,medium,3,198,3,False,False,0.56,0.71,False
sales,medium,3,141,2,False,False,0.61,0.76,False
accounting,medium,3,248,2,False,False,0.81,0.44,False
accounting,medium,2,168,5,False,False,0.69,0.26,False
accounting,medium,5,162,3,False,False,0.57,0.75,False
hr,medium,4,211,3,False,False,0.9,0.64,False
hr,medium,4,271,3,False,False,0.71,0.79,False
hr,medium,3,271,2,False,False,0.61,0.96,False
hr,medium,5,244,2,False,False,1.0,0.63,False
engineering,medium,5,261,3,True,False,0.55,0.65,False
engineering,medium,3,225,3,False,False,0.81,0.76,False
engineering,medium,4,266,5,False,False,0.9,0.26,False
engineering,high,3,146,5,True,False,0.73,0.84,False
engineering,low,3,233,3,False,False,0.77,0.74,False
engineering,medium,4,180,3,False,False,0.45,0.53,False
engineering,medium,5,208,3,False,False,0.56,0.7,False
engineering,medium,4,165,4,True,False,0.69,0.62,False
engineering,medium,4,221,4,False,False,0.68,0.71,False
engineering,low,3,215,2,False,False,0.65,0.5,False
engineering,low,6,264,6,False,False,0.5,0.53,False
support,low,2,160,4,False,False,0.89,0.88,False
support,low,2,192,3,False,False,0.83,0.79,False
support,low,5,201,2,False,False,0.89,0.69,False
support,low,4,264,2,False,False,0.96,0.57,False
support,low,4,186,3,True,False,0.8,0.68,False
support,low,4,272,3,False,False,0.82,0.6,False
support,low,4,216,3,False,False,0.9,0.7,False
support,low,4,142,2,True,False,0.76,0.71,False
support,low,4,133,3,False,False,0.51,0.49,False
support,low,4,260,2,False,False,0.7,0.74,False
support,low,4,101,5,False,False,0.93,0.2,False
engineering,low,4,230,2,False,False,0.5,0.57,False
engineering,low,3,242,4,False,False,0.48,0.83,False
engineering,low,3,193,2,False,False,0.64,0.22,False
management,low,2,234,4,False,False,0.57,0.67,False
IT,low,3,132,3,False,False,0.84,0.54,False
IT,low,4,183,3,False,False,0.53,0.54,False
IT,low,4,191,4,False,False,0.61,0.64,False
IT,low,5,140,4,False,False,0.84,0.23,False
IT,medium,5,257,3,False,False,0.87,0.88,False
product_management,medium,4,219,3,False,False,0.54,0.83,False
product_management,medium,5,141,2,False,False,0.67,0.88,False
product_management,medium,5,162,2,False,False,0.85,0.9,False
product_management,medium,3,181,3,False,False,0.61,0.49,False
IT,medium,3,191,3,False,False,0.49,0.55,False
r&d,medium,4,149,6,True,False,0.69,0.92,False
r&d,medium,3,164,4,False,False,0.67,0.72,False
r&d,medium,4,235,3,False,False,0.5,0.63,False
r&d,medium,3,199,3,False,False,0.66,0.98,False
r&d,medium,3,248,3,False,False,0.52,0.76,False
marketing,medium,2,103,3,True,False,0.56,0.42,False
marketing,high,4,248,4,False,False,0.65,0.58,False
sales,low,3,153,3,True,False,0.82,0.85,False
accounting,medium,4,241,4,False,False,0.95,0.67,False
support,medium,4,258,3,False,False,1.0,0.58,False
engineering,medium,5,172,5,True,False,0.76,0.84,False
management,medium,3,149,2,False,False,0.68,0.56,False
marketing,low,4,217,3,False,False,0.83,0.63,False
marketing,low,3,243,3,False,False,0.92,0.51,False
marketing,low,5,120,3,False,False,0.81,0.95,False
sales,low,3,137,3,True,False,0.55,0.85,False
sales,low,5,150,3,False,False,0.78,0.73,False
sales,low,5,199,5,False,False,0.49,0.2,False
sales,low,3,203,2,False,False,0.79,0.78,False
sales,low,3,273,3,False,False,0.8,0.83,False
sales,low,2,214,3,True,False,0.56,0.87,False
sales,low,5,141,3,False,False,0.99,0.98,False
sales,low,5,243,3,False,False,0.81,1.0,False
sales,low,4,159,3,False,False,0.55,0.7,False
sales,low,5,146,3,False,False,0.88,0.62,False
sales,low,4,159,2,False,False,0.72,0.67,False
sales,low,4,196,3,False,False,0.96,0.86,False
sales,low,5,183,2,True,False,0.57,0.44,False
sales,low,4,192,4,False,False,0.86,0.19,False
sales,low,4,246,2,False,False,0.83,0.76,False
sales,low,5,191,4,False,False,0.93,0.89,False
sales,low,3,158,3,False,False,0.97,0.25,False
sales,low,4,167,2,False,False,1.0,0.68,False
sales,medium,2,187,2,True,False,0.5,0.38,False
accounting,medium,4,199,4,False,False,0.95,0.64,False
accounting,medium,4,157,3,False,False,0.62,0.76,False
accounting,medium,2,157,3,False,False,0.45,0.26,False
hr,medium,3,178,2,False,False,0.67,0.69,False
hr,medium,3,154,2,False,False,0.66,0.98,False
hr,medium,5,208,2,True,False,0.83,0.86,False
hr,medium,4,273,5,True,False,0.68,0.14,False
engineering,medium,4,159,3,False,False,0.63,0.58,False
engineering,medium,4,234,2,False,False,0.97,0.63,False
engineering,medium,5,139,3,True,False,0.91,0.7,False
engineering,medium,4,210,4,False,False,0.62,0.73,False
engineering,high,3,164,3,False,False,0.52,0.89,False
engineering,low,3,241,5,True,False,0.61,0.17,False
engineering,medium,5,259,2,False,False,0.73,0.86,False
engineering,medium,3,159,3,True,False,0.73,0.59,False
engineering,medium,4,131,2,False,False,0.51,0.22,False
engineering,medium,3,266,2,False,False,0.57,0.55,False
engineering,low,3,153,2,False,False,0.6,0.74,False
support,low,3,253,2,False,False,0.54,0.55,False
support,low,4,141,2,True,False,0.94,0.67,False
support,low,3,199,3,False,False,0.8,0.64,False
support,low,3,205,3,False,False,0.71,0.58,False
support,low,4,252,3,False,False,0.6,0.9,False
support,low,4,153,3,False,False,0.9,0.89,False
support,low,2,171,4,False,False,0.37,0.74,False
support,low,5,150,4,False,False,0.91,0.78,False
support,low,4,247,3,False,False,0.53,0.97,False
support,low,4,150,2,True,False,0.92,0.52,False
support,low,4,206,2,False,False,0.86,0.99,False
engineering,low,4,192,4,True,False,0.44,0.76,False
engineering,low,5,164,3,False,False,0.96,0.69,False
engineering,low,3,186,3,False,False,0.69,0.59,False
management,low,3,249,3,False,False,0.63,0.95,False
IT,low,3,214,2,False,False,0.81,0.69,False
IT,low,4,193,4,False,False,0.75,0.76,False
IT,low,2,114,4,False,False,0.84,0.7,False
IT,low,2,122,2,False,False,0.6,0.87,False
IT,low,3,170,3,True,False,0.55,0.44,False
product_management,medium,3,151,3,False,False,0.91,0.54,False
product_management,medium,3,156,3,False,False,0.75,0.55,False
product_management,medium,5,170,3,True,False,0.75,0.81,False
product_management,medium,3,188,2,False,False,0.55,0.5,False
IT,medium,4,201,3,True,False,0.74,0.93,False
r&d,medium,6,254,6,False,False,0.5,0.64,False
r&d,medium,3,206,4,False,False,0.78,0.57,False
r&d,medium,4,216,3,False,False,0.74,0.95,False
r&d,medium,5,200,3,False,False,0.67,0.86,False
r&d,medium,4,202,2,False,False,0.58,0.82,False
r&d,medium,4,217,4,False,False,0.79,0.18,False
marketing,medium,5,151,4,False,False,0.7,0.58,False
sales,high,3,224,2,False,False,0.56,0.57,False
accounting,low,5,148,3,False,False,0.83,0.94,False
support,medium,6,224,5,True,False,0.97,0.2,False
engineering,medium,2,243,5,True,False,0.75,0.73,False
management,medium,4,238,3,True,False,0.8,0.94,False
marketing,medium,3,254,3,False,False,0.61,0.99,False
marketing,low,4,218,4,False,False,0.49,0.22,False
marketing,low,3,237,3,False,False,0.66,0.67,False
sales,low,4,185,2,False,False,0.67,0.49,False
sales,low,4,184,3,False,False,0.95,0.78,False
sales,low,2,176,3,True,False,0.74,0.15,False
sales,low,4,260,3,False,False,0.89,0.91,False
sales,low,4,254,4,False,False,0.78,0.7,False
sales,low,3,221,3,False,False,0.95,0.6,False
sales,low,5,257,2,False,False,0.57,0.59,False
sales,low,3,265,3,True,False,0.93,0.59,False
sales,low,3,138,3,True,False,0.64,0.55,False
sales,low,3,163,2,True,False,0.75,0.42,False
sales,low,3,144,3,False,False,0.81,0.57,False
sales,low,3,146,2,True,False,0.51,0.72,False
sales,low,3,242,6,False,False,0.81,0.83,False
sales,low,4,249,3,False,False,0.93,0.89,False
sales,low,3,245,3,False,False,0.59,0.55,False
sales,low,4,201,2,False,False,0.75,0.53,False
sales,medium,4,177,4,True,False,0.59,0.74,False
sales,medium,4,160,2,False,False,0.98,0.63,False
sales,medium,6,177,2,True,False,0.4,0.63,False
accounting,medium,4,153,3,False,False,0.97,0.61,False
accounting,medium,3,197,5,False,False,0.79,0.76,False
accounting,medium,4,246,4,False,False,0.82,0.67,False
hr,medium,4,258,3,False,False,0.95,0.51,False
hr,medium,3,137,3,False,False,0.55,0.67,False
hr,medium,3,178,4,False,False,0.94,0.16,False
hr,medium,4,123,4,False,False,0.85,0.34,False
engineering,medium,5,162,3,True,False,0.73,0.58,False
engineering,medium,5,210,5,False,False,0.71,0.5,False
engineering,high,4,197,3,True,False,0.48,0.56,False
engineering,low,3,220,3,False,False,0.98,0.56,False
engineering,medium,4,133,2,False,False,0.71,0.74,False
engineering,medium,3,198,2,False,False,0.99,0.69,False
engineering,medium,4,160,5,False,False,0.81,0.15,False
engineering,medium,2,180,2,False,False,0.67,0.58,False
engineering,low,3,217,3,False,False,0.79,0.8,False
engineering,low,3,223,3,False,False,0.57,0.5,False
engineering,low,4,229,2,False,False,0.92,0.66,False
support,low,4,159,3,False,False,0.78,0.81,False
support,low,5,253,5,False,False,0.68,0.14,False
support,low,3,235,2,False,False,0.85,0.92,False
support,low,4,186,3,False,False,0.91,0.69,False
support,low,4,263,2,False,False,0.99,0.66,False
support,low,4,239,4,False,False,0.39,0.85,False
support,low,4,151,2,False,False,0.69,0.83,False
support,low,3,106,4,False,False,0.49,1.0,False
support,low,3,183,4,False,False,0.65,0.68,False
support,low,3,125,2,False,False,0.97,0.26,False
support,low,3,157,2,False,False,0.41,0.35,False
engineering,low,3,241,2,False,False,0.58,0.12,False
engineering,low,4,184,3,False,False,0.93,0.91,False
engineering,low,4,144,3,False,False,0.67,0.65,False
management,low,3,255,4,True,False,0.72,0.78,False
IT,low,3,261,4,False,False,0.82,0.61,False
IT,low,4,207,2,False,False,0.51,0.64,False
IT,low,4,205,4,False,False,0.73,0.58,False
IT,medium,4,217,2,True,False,0.76,0.63,False
IT,medium,4,215,2,True,False,0.6,0.94,False
product_management,medium,5,139,4,False,False,0.81,0.26,False
product_management,medium,3,146,3,False,False,0.69,0.59,False
product_management,medium,4,175,3,False,False,0.8,0.78,False
product_management,medium,5,188,3,False,False,0.64,0.86,False
IT,medium,5,155,3,False,False,0.73,0.79,False
r&d,medium,4,171,4,False,False,0.73,0.89,False
r&d,medium,4,184,3,False,False,0.99,0.34,False
r&d,medium,3,164,6,False,False,0.77,0.29,False
r&d,medium,3,244,4,False,False,0.89,0.71,False
r&d,medium,4,222,2,False,False,0.58,0.93,False
r&d,high,4,231,3,True,False,0.76,0.94,False
marketing,low,3,213,3,False,False,0.72,0.91,False
sales,medium,4,144,4,False,False,0.96,0.71,False
accounting,medium,3,221,4,True,False,0.81,0.67,False
support,medium,3,138,3,True,False,0.42,0.54,False
engineering,medium,3,183,4,False,False,0.58,0.89,False
management,low,3,250,3,True,False,0.91,0.94,False
marketing,low,3,219,6,False,False,0.89,0.15,False
marketing,low,6,164,4,True,False,0.92,0.45,False
marketing,low,4,161,4,True,False,0.67,0.92,False
sales,low,4,274,5,True,False,0.56,0.63,False
sales,low,4,181,3,True,False,0.66,0.8,False
sales,low,3,148,2,False,False,0.72,0.45,False
sales,low,3,226,2,True,False,0.54,0.72,False
sales,low,6,256,5,False,False,0.36,0.84,False
sales,low,3,141,2,False,False,0.51,0.61,False
sales,low,3,177,3,False,False,0.88,0.63,False
sales,low,4,173,2,False,False,0.54,0.49,False
sales,low,2,196,3,False,False,0.51,0.68,False
sales,low,5,179,2,False,False,0.85,0.64,False
sales,low,4,201,3,False,False,0.64,0.61,False
sales,low,5,247,3,False,False,0.55,0.83,False
sales,low,5,238,2,False,False,0.51,0.94,False
sales,low,3,133,6,False,False,0.66,0.27,False
sales,low,2,194,4,False,False,0.49,0.6,False
sales,low,4,232,2,False,False,0.69,0.83,False
sales,low,3,232,3,False,False,0.75,0.53,False
sales,medium,4,204,3,False,False,0.97,0.79,False
sales,medium,4,252,3,True,False,0.49,0.96,False
accounting,medium,3,164,3,False,False,0.56,0.5,False
accounting,medium,5,266,2,False,False,0.81,0.68,False
accounting,medium,4,226,4,True,False,0.54,0.24,False
hr,medium,4,252,6,False,False,0.8,0.8,False
hr,medium,4,155,3,False,False,0.74,0.62,False
hr,medium,3,202,2,False,False,0.85,1.0,False
hr,medium,3,214,3,False,False,0.75,0.64,False
engineering,medium,4,267,3,False,False,0.55,0.51,False
engineering,medium,4,265,3,False,False,0.5,0.74,False
engineering,medium,3,221,2,True,False,0.99,0.49,False
engineering,high,4,132,6,False,False,0.83,0.96,False
engineering,low,4,227,4,True,False,0.62,0.59,False
engineering,medium,4,234,3,False,False,0.57,0.84,False
engineering,medium,3,238,6,False,False,0.84,0.16,False
engineering,medium,3,149,2,True,False,0.75,0.62,False
engineering,medium,4,152,3,False,False,0.67,0.79,False
engineering,low,4,249,3,True,False,0.83,0.53,False
engineering,low,6,270,5,False,False,0.48,0.17,False
support,low,3,200,2,False,False,0.76,0.57,False
support,low,4,207,2,False,False,0.82,0.65,False
support,low,4,266,2,True,False,0.74,0.69,False
support,low,6,250,3,False,False,0.8,0.3,False
support,low,3,220,3,False,False,0.92,0.99,False
support,low,4,177,2,False,False,0.69,0.5,False
support,medium,3,147,2,False,False,0.96,0.54,False
support,medium,4,227,4,False,False,0.57,0.69,False
support,medium,4,272,2,False,False,0.85,0.5,False
support,medium,3,244,3,False,False,0.73,0.66,False
support,medium,5,182,3,True,False,0.93,1.0,False
engineering,medium,3,146,6,True,False,0.61,0.15,False
engineering,medium,5,259,5,True,False,0.54,0.31,False
engineering,medium,4,184,4,False,False,0.49,0.65,False
management,medium,4,149,2,False,False,0.69,0.72,False
IT,medium,4,185,3,True,False,0.85,0.84,False
IT,medium,3,254,2,False,False,0.8,0.55,False
IT,medium,4,249,3,False,False,0.58,0.6,False
IT,medium,4,269,2,False,False,0.48,0.84,False
IT,medium,3,168,3,False,False,0.87,0.68,False
product_management,medium,6,225,3,False,False,1.0,0.13,False
product_management,medium,3,160,2,False,False,0.98,0.88,False
product_management,medium,5,149,3,True,False,0.57,0.64,False
product_management,medium,5,193,3,False,False,0.95,0.19,False
IT,medium,5,171,3,True,False,0.88,0.83,False
r&d,medium,4,232,3,True,False,0.41,0.17,False
r&d,medium,4,250,6,False,False,0.74,0.44,False
r&d,medium,4,243,2,False,False,0.55,0.52,False
r&d,medium,4,250,2,False,False,0.62,0.66,False
r&d,medium,4,153,3,False,False,0.55,0.96,False
r&d,medium,5,126,3,True,False,0.5,0.19,False
marketing,high,3,192,3,False,False,1.0,0.86,False
sales,high,3,137,4,True,False,0.57,0.65,False
accounting,high,3,199,3,True,False,0.97,0.61,False
support,high,3,181,3,True,False,0.96,0.53,False
engineering,high,5,260,6,False,False,0.76,0.14,False
management,high,4,199,4,False,False,1.0,0.74,False
marketing,high,6,171,5,True,False,0.62,0.47,False
marketing,high,4,260,3,False,False,0.56,0.6,False
marketing,high,3,243,4,False,False,0.58,0.81,False
sales,high,2,154,4,False,False,0.59,0.95,False
sales,high,2,201,2,False,False,0.8,0.98,False
sales,high,5,234,3,False,False,0.8,0.52,False
sales,low,3,216,3,True,False,0.97,1.0,False
sales,low,5,205,4,True,False,0.74,0.16,False
sales,low,3,225,4,False,False,0.83,0.19,False
sales,low,3,229,3,False,False,0.87,0.94,False
sales,low,6,132,3,False,False,0.43,0.58,False
sales,low,4,180,3,False,False,0.69,0.92,False
sales,low,4,164,4,False,False,0.8,0.65,False
sales,low,5,175,3,False,False,0.74,0.74,False
sales,low,5,103,2,False,False,0.53,0.6,False
sales,low,5,142,4,False,False,1.0,1.0,False
sales,low,4,212,3,False,False,0.96,0.81,False
sales,low,2,129,3,True,False,0.67,0.54,False
sales,low,5,140,4,False,False,0.81,0.18,False
sales,low,4,149,2,False,False,0.88,0.82,False
sales,low,2,258,2,False,False,0.96,0.9,False
sales,medium,4,136,2,False,False,0.62,0.62,False
accounting,medium,2,216,3,True,False,0.76,0.77,False
accounting,medium,3,151,2,False,False,0.86,0.58,False
accounting,medium,5,217,6,False,False,0.47,0.27,False
hr,medium,4,219,3,False,False,0.72,0.78,False
hr,medium,3,150,3,False,False,0.66,0.98,False
hr,medium,4,98,4,False,False,0.5,0.75,False
hr,medium,5,140,3,False,False,0.67,0.74,False
engineering,medium,3,259,3,True,False,0.99,0.9,False
engineering,medium,5,215,6,True,False,0.71,0.73,False
engineering,medium,4,258,3,False,False,0.62,0.9,False
engineering,medium,4,162,3,True,False,0.91,0.68,False
engineering,high,3,260,4,False,False,0.74,0.9,False
engineering,high,5,198,2,False,False,0.93,0.64,False
engineering,high,2,242,3,True,False,0.9,0.63,False
engineering,high,4,219,4,False,False,0.89,0.87,False
engineering,high,4,204,3,False,False,0.55,0.6,False
engineering,high,3,157,3,False,False,0.74,0.7,False
engineering,high,5,244,6,False,False,0.94,0.15,False
support,high,3,122,3,False,False,0.75,0.45,False
support,low,5,282,5,False,False,0.9,0.43,False
support,low,5,195,5,False,False,0.46,0.92,False
support,low,4,134,2,False,False,0.81,0.72,False
support,low,3,210,2,False,False,0.84,0.94,False
support,low,3,170,3,False,False,0.52,0.74,False
support,low,2,140,3,True,False,0.71,0.48,False
support,low,5,215,2,True,False,0.76,0.84,False
support,low,3,150,3,False,False,0.86,0.53,False
support,medium,5,268,3,True,False,0.88,0.45,False
support,medium,4,270,4,False,False,0.67,0.95,False
engineering,medium,3,163,3,False,False,0.58,0.95,False
engineering,medium,3,188,2,False,False,0.85,0.7,False
engineering,medium,3,110,4,False,False,0.93,0.19,False
management,medium,5,135,3,False,False,0.91,0.74,False
IT,medium,4,228,3,False,False,0.59,0.54,False
IT,medium,5,172,2,False,False,0.69,0.5,False
IT,medium,3,168,5,False,False,0.72,0.95,False
IT,medium,5,160,3,False,False,0.69,0.69,False
IT,medium,5,282,3,False,False,0.74,0.24,False
product_management,medium,5,184,2,True,False,0.7,0.96,False
product_management,medium,4,217,4,True,False,0.5,0.61,False
product_management,medium,6,281,3,False,False,0.53,0.76,False
product_management,medium,3,245,2,False,False,0.64,0.61,False
IT,medium,2,285,5,False,False,0.48,0.37,False
r&d,medium,4,165,3,False,False,0.9,0.81,False
r&d,medium,3,146,3,False,False,0.9,0.59,False
r&d,medium,3,133,3,False,False,0.82,0.73,False
r&d,medium,2,181,6,False,False,0.57,0.87,False
r&d,medium,6,152,3,False,False,0.66,0.67,False
r&d,medium,2,284,3,False,False,0.78,0.96,False
marketing,medium,3,157,3,False,False,0.51,0.98,False
sales,high,4,165,2,False,False,0.58,0.5,False
accounting,low,3,255,2,True,False,0.71,0.49,False
support,medium,4,194,4,False,False,0.65,0.13,False
engineering,medium,3,102,6,False,False,0.68,0.57,False
management,medium,4,247,2,False,False,0.94,0.51,False
marketing,medium,3,206,2,False,False,0.69,0.99,False
marketing,medium,3,171,2,False,False,0.77,0.8,False
marketing,medium,5,263,4,False,False,0.39,0.56,False
sales,medium,4,272,4,True,False,0.84,0.96,False
sales,medium,3,158,2,True,False,0.5,0.96,False
sales,medium,6,216,6,True,False,0.53,0.87,False
sales,medium,5,113,3,False,False,0.9,0.61,False
sales,low,3,140,4,False,False,0.6,0.18,False
sales,low,5,178,5,False,False,0.77,0.24,False
sales,low,4,153,3,False,False,0.48,0.86,False
sales,low,6,271,5,False,False,0.62,0.25,False
sales,low,3,269,5,False,False,0.82,0.25,False
sales,low,3,160,3,False,False,0.55,0.63,False
sales,low,4,258,2,True,False,0.68,0.89,False
sales,high,4,251,3,False,False,0.82,0.87,False
sales,low,3,170,2,False,False,0.78,0.87,False
sales,high,4,238,4,True,False,0.99,0.71,False
sales,high,4,152,2,False,False,0.87,0.98,False
sales,low,3,262,6,False,False,0.51,0.16,False
sales,low,4,273,2,False,False,0.68,0.83,False
sales,high,3,233,2,False,False,0.77,0.65,False
sales,low,3,262,3,False,False,0.64,0.95,False
accounting,medium,3,183,3,False,False,0.67,0.67,False
accounting,high,3,150,3,True,False,0.88,0.53,False
accounting,medium,3,132,3,False,False,0.94,0.74,False
hr,medium,3,200,4,False,False,0.79,0.77,False
hr,medium,4,148,5,False,False,0.72,0.13,False
hr,medium,3,187,3,True,False,0.92,0.82,False
hr,high,4,224,2,False,False,0.65,0.88,False
engineering,medium,4,147,2,False,False,0.5,0.89,False
engineering,medium,3,153,4,False,False,0.51,0.85,False
engineering,medium,5,154,2,False,False,0.87,0.93,False
engineering,high,5,270,3,False,False,0.7,0.62,False
engineering,medium,3,202,2,False,False,0.96,0.58,False
engineering,high,4,264,3,False,False,0.5,0.98,False
engineering,low,2,145,3,False,False,0.45,0.52,False
engineering,medium,3,138,2,True,False,0.49,0.76,False
engineering,medium,3,238,2,False,False,0.91,0.73,False
engineering,medium,4,147,5,False,False,0.64,0.74,False
engineering,medium,3,190,2,False,False,0.48,0.49,False
support,low,4,183,3,False,False,0.97,0.91,False
support,low,5,255,3,False,False,0.92,0.74,False
support,low,4,252,4,False,False,0.82,0.86,False
support,low,6,141,5,True,False,0.47,0.52,False
support,low,3,260,2,False,False,0.81,0.95,False
support,low,3,136,3,False,False,0.98,0.65,False
support,low,4,182,2,False,False,0.56,0.7,False
support,low,6,142,5,False,False,0.66,0.14,False
support,low,2,261,4,False,False,0.53,0.92,False
support,low,3,209,2,False,False,0.6,0.54,False
support,high,2,156,4,False,False,0.95,0.76,False
engineering,low,4,214,2,False,False,0.66,0.78,False
engineering,low,4,250,3,False,False,0.86,0.85,False
engineering,low,4,197,3,True,False,0.8,0.78,False
management,low,3,149,3,False,False,0.72,0.55,False
IT,high,5,271,2,False,False,0.61,0.68,False
IT,low,4,187,2,False,False,0.68,0.91,False
IT,low,3,154,2,False,False,0.56,0.76,False
IT,low,4,264,3,False,False,0.67,0.15,False
IT,high,2,144,3,False,False,0.6,0.95,False
product_management,low,6,200,3,False,False,0.37,0.74,False
product_management,medium,5,197,2,True,False,0.56,0.92,False
product_management,high,3,175,3,True,False,0.89,0.64,False
product_management,medium,3,161,3,False,False,0.9,0.96,False
IT,high,3,245,6,False,False,0.72,0.21,False
r&d,medium,3,167,4,False,False,0.67,0.85,False
r&d,medium,5,168,3,False,False,0.86,0.52,False
r&d,medium,5,261,6,False,False,0.81,0.54,False
r&d,medium,5,274,4,False,False,0.81,0.56,False
r&d,medium,4,181,3,False,False,0.79,0.59,False
marketing,medium,5,266,3,True,False,0.58,0.88,False
sales,medium,4,184,3,False,False,0.84,0.7,False
accounting,medium,3,193,2,False,False,0.58,0.95,False
support,high,3,217,2,True,False,0.88,0.83,False
engineering,low,4,197,3,False,False,0.62,0.76,False
management,medium,5,252,3,False,False,0.92,0.82,False
marketing,medium,4,136,3,False,False,0.97,0.55,False
marketing,medium,5,194,4,False,False,0.55,0.89,False
marketing,medium,4,190,3,False,False,0.94,0.66,False
sales,medium,3,185,2,True,False,0.61,0.41,False
sales,medium,3,232,2,True,False,0.77,0.83,False
sales,medium,3,200,2,True,False,0.72,0.88,False
sales,medium,5,155,2,False,False,0.66,0.56,False
sales,medium,3,228,3,False,False,0.72,0.53,False
sales,high,3,188,4,False,False,0.41,0.8,False
sales,low,4,245,3,False,False,0.78,0.95,False
sales,low,4,205,2,False,False,0.88,0.9,False
sales,low,4,269,3,False,False,0.97,0.5,False
sales,high,3,207,6,False,False,0.59,0.4,False
sales,low,3,250,4,False,False,0.85,0.52,False
sales,low,5,251,3,True,False,0.5,0.51,False
sales,low,5,217,3,False,False,0.62,0.84,False
sales,high,5,252,3,False,False,0.98,0.78,False
sales,low,2,159,3,True,False,0.71,0.91,False
sales,low,5,169,2,False,False,0.71,0.59,False
sales,low,5,105,4,False,False,0.97,0.69,False
sales,low,4,268,2,False,False,0.93,0.87,False
sales,low,5,145,2,False,False,1.0,0.66,False
accounting,low,4,165,3,False,False,0.54,0.5,False
accounting,low,3,253,4,False,False,0.75,0.95,False
accounting,medium,3,254,3,False,False,0.64,0.77,False
hr,medium,3,218,2,False,False,0.5,0.66,False
hr,medium,3,138,5,True,False,0.98,0.61,False
hr,medium,5,239,3,False,False,0.87,0.7,False
hr,medium,5,182,2,True,False,0.71,0.89,False
engineering,medium,4,152,3,True,False,0.78,0.6,False
engineering,medium,3,222,3,True,False,0.51,0.62,False
engineering,medium,2,219,2,True,False,0.9,0.59,False
engineering,medium,4,266,4,False,False,0.59,0.69,False
engineering,medium,3,113,5,True,False,0.94,0.36,False
engineering,medium,4,146,3,False,False,0.93,0.59,False
engineering,medium,5,238,4,False,False,0.51,0.5,False
engineering,high,3,188,3,False,False,0.99,0.53,False
engineering,low,4,237,2,False,False,0.9,0.84,False
engineering,medium,4,201,3,False,False,0.95,0.51,False
engineering,medium,5,188,3,False,False,0.56,0.53,False
support,medium,3,137,3,False,False,0.63,0.98,False
support,medium,4,263,3,False,False,0.81,0.95,False
support,low,5,217,3,False,False,0.76,0.13,False
support,low,4,213,4,False,False,0.64,0.5,False
support,low,3,244,3,False,False,0.76,0.93,False
support,low,3,252,2,False,False,0.87,0.5,False
support,low,4,168,2,False,False,0.84,0.66,False
support,low,4,212,3,False,False,0.79,0.89,False
support,low,4,258,3,False,False,0.43,0.46,False
support,low,4,210,3,False,False,0.6,0.67,False
support,low,4,246,3,False,False,0.9,0.96,False
engineering,low,4,221,3,True,False,0.76,0.98,False
engineering,low,5,215,4,False,False,0.57,0.67,False
engineering,low,4,175,4,False,False,0.72,0.72,False
management,low,5,221,2,False,False,0.49,0.65,False
IT,low,5,219,3,False,False,0.67,0.72,False
IT,low,3,154,3,False,False,0.58,0.78,False
IT,low,3,266,2,False,False,0.56,0.93,False
IT,low,5,224,4,False,False,0.85,0.73,False
IT,low,4,269,5,True,False,0.57,0.2,False
product_management,low,4,159,2,False,False,0.5,0.47,False
product_management,low,4,247,3,False,False,0.62,0.56,False
product_management,low,4,137,2,False,False,0.86,0.72,False
product_management,medium,4,251,4,False,False,0.56,0.91,False
IT,medium,5,210,3,False,False,0.49,0.79,False
r&d,medium,2,123,4,False,False,0.75,0.53,False
r&d,medium,4,253,6,False,False,0.51,0.14,False
r&d,medium,5,242,4,False,False,0.92,0.78,False
r&d,medium,3,238,3,False,False,0.74,0.52,False
r&d,medium,5,151,2,False,False,0.68,0.94,False
marketing,medium,4,158,4,False,False,0.8,0.83,False
marketing,medium,2,120,2,False,False,0.68,0.44,False
sales,medium,3,187,2,False,False,0.74,0.72,False
accounting,medium,3,140,3,False,False,0.58,0.84,False
support,medium,3,164,2,False,False,0.99,0.76,False
engineering,high,5,253,2,False,False,0.94,0.92,False
management,low,5,235,2,False,False,0.93,0.58,False
marketing,medium,4,189,4,False,False,0.81,0.85,False
marketing,medium,4,246,3,True,False,0.51,0.74,False
marketing,medium,4,258,2,False,False,0.87,0.74,False
sales,medium,3,158,3,False,False,0.8,0.72,False
sales,low,4,173,3,True,False,0.98,0.76,False
sales,low,3,201,3,False,False,0.72,0.85,False
sales,low,5,185,3,False,False,0.49,0.82,False
sales,low,5,270,3,True,False,0.93,0.6,False
sales,low,3,152,2,False,False,0.64,0.39,False
sales,low,3,211,4,True,False,0.53,0.83,False
sales,low,3,162,3,True,False,0.92,0.7,False
sales,low,4,253,2,True,False,0.97,0.84,False
sales,low,4,236,3,False,False,0.77,0.9,False
sales,low,4,231,5,False,False,0.84,0.18,False
sales,low,2,231,2,False,False,0.71,0.52,False
sales,low,4,233,3,False,False,0.51,0.87,False
sales,low,5,217,2,False,False,0.79,0.6,False
sales,low,4,174,2,False,False,0.93,0.72,False
sales,low,4,227,3,False,False,0.64,0.48,False
sales,low,3,222,2,False,False,0.53,0.75,False
sales,low,2,207,6,False,False,0.55,0.85,False
sales,low,6,115,3,False,False,0.41,0.39,False
accounting,low,3,254,2,False,False,0.68,0.61,False
accounting,low,4,170,3,False,False,0.61,0.6,False
accounting,low,2,206,3,False,False,0.64,0.57,False
hr,medium,5,149,3,False,False,0.68,0.19,False
hr,medium,3,197,3,False,False,0.77,0.48,False
hr,medium,4,261,3,False,False,0.75,0.69,False
hr,medium,4,256,4,False,False,0.55,0.7,False
engineering,medium,3,219,3,False,False,0.92,0.65,False
engineering,medium,4,143,3,True,False,0.96,0.81,False
engineering,medium,4,171,3,False,False,0.95,0.85,False
engineering,medium,4,207,2,False,False,0.76,0.93,False
engineering,medium,4,235,3,False,False,0.94,0.72,False
engineering,medium,2,173,3,False,False,0.55,0.49,False
engineering,medium,5,131,6,False,False,0.47,0.94,False
engineering,medium,4,143,2,False,False,0.84,0.81,False
engineering,high,5,193,4,False,False,0.78,0.92,False
engineering,low,3,135,2,False,False,0.82,0.97,False
engineering,medium,4,265,2,True,False,0.61,0.98,False
support,medium,3,133,2,True,False,0.45,0.44,False
support,medium,4,184,4,False,False,0.87,0.72,False
support,medium,5,135,3,False,False,0.73,0.8,False
support,low,4,267,4,False,False,0.72,0.6,False
support,low,4,184,3,False,False,0.65,0.89,False
support,low,5,227,2,False,False,0.57,0.69,False
support,low,4,257,2,False,False,0.81,0.54,False
support,low,5,235,3,True,False,0.75,0.97,False
support,low,4,161,2,False,False,0.4,0.37,False
support,low,4,215,3,False,False,0.52,0.73,False
support,low,4,146,3,False,False,0.69,0.57,False
engineering,low,4,191,2,False,False,0.66,0.86,False
engineering,low,4,261,3,False,False,0.85,0.83,False
engineering,low,5,200,5,False,False,0.52,0.19,False
management,low,4,239,4,False,False,0.93,0.55,False
IT,low,4,160,2,False,False,0.65,0.6,False
IT,low,3,177,3,True,False,0.71,0.62,False
IT,low,5,215,2,False,False,0.55,0.65,False
IT,low,4,97,2,False,False,0.48,0.4,False
IT,low,5,231,2,True,False,0.78,0.82,False
product_management,low,2,257,2,True,False,0.69,0.75,False
product_management,low,3,232,3,True,False,0.53,0.83,False
product_management,low,4,212,3,False,False,0.78,0.77,False
product_management,low,4,198,3,False,False,0.98,0.59,False
IT,medium,5,240,4,False,False,0.79,0.8,False
r&d,medium,3,242,3,False,False,0.55,0.84,False
r&d,medium,4,250,3,False,False,0.71,0.88,False
r&d,medium,3,229,6,False,False,0.9,0.37,False
r&d,medium,4,133,2,False,False,0.66,0.88,False
r&d,medium,3,200,2,False,False,0.85,0.69,False
marketing,medium,2,155,2,True,False,0.49,0.54,False
sales,medium,5,139,4,False,False,0.57,0.76,False
accounting,medium,4,272,3,False,False,0.58,0.51,False
support,medium,3,100,4,False,False,0.52,0.16,False
engineering,medium,5,160,3,False,False,0.6,0.65,False
management,medium,5,195,4,False,False,0.81,0.54,False
marketing,high,4,152,3,False,False,0.68,0.66,False
marketing,low,5,182,3,False,False,0.65,0.95,False
marketing,medium,3,137,2,False,False,0.57,0.83,False
sales,medium,4,182,3,False,False,0.84,0.98,False
sales,medium,3,217,2,False,False,0.72,0.72,False
sales,medium,4,192,4,False,False,0.62,0.71,False
sales,low,3,116,2,True,False,0.65,0.36,False
sales,low,4,170,4,False,False,0.65,0.55,False
sales,low,3,223,3,False,False,0.52,0.64,False
sales,low,3,174,2,False,False,0.57,0.62,False
sales,low,3,193,6,False,False,0.95,1.0,False
sales,low,6,167,2,True,False,0.91,0.91,False
sales,low,4,225,3,False,False,0.67,0.81,False
sales,low,4,248,3,True,False,0.92,0.71,False
sales,low,3,104,5,False,False,0.74,0.97,False
sales,low,6,148,4,False,False,0.86,0.75,False
sales,low,3,148,4,True,False,1.0,0.68,False
sales,low,5,187,3,False,False,0.68,0.87,False
sales,low,3,151,2,False,False,0.57,0.96,False
sales,low,6,215,5,False,False,0.86,0.41,False
sales,low,4,142,4,False,False,0.61,0.81,False
sales,low,6,258,5,False,False,1.0,0.68,False
accounting,low,4,228,3,False,False,0.56,0.63,False
accounting,low,2,221,3,False,False,0.84,0.6,False
accounting,medium,3,263,3,False,False,0.97,0.66,False
hr,medium,4,273,4,False,False,0.82,0.69,False
hr,medium,3,247,4,False,False,0.37,0.23,False
hr,medium,3,225,3,False,False,0.63,0.52,False
hr,medium,4,269,2,True,False,0.86,0.65,False
engineering,medium,6,174,3,False,False,0.4,0.78,False
engineering,medium,5,201,2,False,False,0.65,0.6,False
engineering,medium,3,254,3,False,False,0.62,0.9,False
engineering,medium,5,254,2,False,False,0.95,0.59,False
engineering,medium,3,185,2,True,False,0.78,0.89,False
engineering,medium,4,200,4,False,False,0.85,0.96,False
engineering,medium,3,190,3,True,False,0.76,0.68,False
engineering,high,2,160,2,False,False,0.72,0.52,False
engineering,low,3,264,2,False,False,0.94,0.68,False
engineering,medium,3,172,3,False,False,0.59,0.6,False
engineering,medium,5,279,4,False,False,0.83,0.28,False
support,medium,5,260,3,False,False,0.54,0.98,False
support,medium,4,262,2,False,False,0.52,0.67,False
support,low,5,134,2,True,False,0.6,0.86,False
support,low,3,195,3,False,False,0.9,0.83,False
support,low,3,139,3,False,False,0.86,0.79,False
support,low,4,205,5,False,False,0.86,0.54,False
support,low,5,212,2,False,False,0.86,0.51,False
support,low,4,148,2,False,False,0.65,0.75,False
support,low,4,228,3,False,False,0.67,0.51,False
support,low,5,230,3,False,False,0.74,0.73,False
support,low,4,286,3,False,False,0.4,0.17,False
engineering,low,4,142,3,False,False,0.59,0.88,False
engineering,low,3,161,3,False,False,0.79,0.76,False
engineering,low,3,152,3,True,False,0.77,0.29,False
management,low,4,266,3,False,False,0.97,0.62,False
IT,low,2,143,3,False,False,0.85,0.5,False
IT,low,5,165,3,False,False,0.65,0.16,False
IT,low,4,204,6,False,False,0.99,0.18,False
IT,low,4,170,2,False,False,0.68,0.86,False
IT,low,5,203,3,False,False,0.52,0.68,False
product_management,low,3,199,3,False,False,0.85,0.68,False
product_management,low,4,223,3,False,False,0.78,0.89,False
product_management,low,4,220,2,False,False,0.88,0.86,False
product_management,medium,4,190,3,False,False,0.41,0.43,False
IT,medium,4,143,6,True,False,0.58,0.85,False
r&d,medium,5,111,4,False,True,0.8,0.94,False
r&d,medium,4,145,3,True,True,0.71,0.58,False
r&d,medium,3,138,3,False,True,0.6,0.43,False
r&d,medium,3,203,3,False,True,0.49,0.72,False
r&d,medium,5,175,3,True,True,0.96,0.95,False
marketing,medium,3,119,3,False,True,0.67,0.35,False
sales,medium,3,157,3,False,True,0.79,0.77,False
accounting,medium,5,135,2,False,True,0.7,0.74,False
support,medium,4,200,2,False,True,0.6,0.5,False
engineering,medium,4,121,2,False,True,0.56,0.87,False
management,high,3,162,3,False,True,0.48,0.55,False
marketing,low,3,135,3,False,True,0.65,0.8,False
marketing,medium,4,183,2,False,True,0.52,0.49,False
marketing,medium,4,228,3,False,True,0.92,0.54,False
sales,medium,4,148,5,False,False,0.87,0.21,False
sales,medium,3,219,2,False,False,0.77,0.77,False
sales,low,4,147,3,False,False,0.73,0.53,False
sales,low,5,165,6,False,False,0.49,0.89,False
sales,low,4,218,3,True,False,0.59,0.25,False
sales,low,3,231,2,False,False,0.59,0.53,False
sales,low,2,124,3,False,False,0.45,0.44,False
sales,low,2,131,2,False,False,0.44,0.7,False
sales,low,3,199,4,False,False,0.76,0.54,False
sales,low,3,220,3,False,False,0.56,0.9,False
sales,low,5,215,3,False,False,0.8,0.69,False
sales,low,4,180,3,False,False,0.59,0.78,False
sales,low,6,272,6,False,False,0.49,0.91,False
sales,low,2,228,2,False,False,0.61,0.92,False
sales,low,3,168,2,False,False,0.88,0.96,False
sales,low,4,205,2,False,False,0.77,0.8,False
sales,low,3,244,3,False,False,0.67,0.52,False
sales,low,3,185,2,False,False,0.97,0.52,False
sales,low,5,135,3,True,False,0.96,0.93,False
accounting,low,4,160,2,False,False,0.9,0.89,False
accounting,low,4,262,4,False,False,0.61,0.83,False
accounting,low,6,225,6,False,False,0.84,0.7,False
hr,low,4,174,2,False,False,0.74,0.89,False
hr,medium,6,266,3,False,True,0.37,0.21,False
hr,medium,4,241,4,False,True,0.78,0.67,False
hr,medium,3,245,2,False,True,0.97,0.73,False
engineering,medium,3,261,4,False,True,0.51,0.85,False
engineering,medium,4,157,3,False,True,0.85,0.54,False
engineering,medium,3,286,6,False,True,0.94,0.74,False
engineering,medium,4,263,2,True,True,0.65,0.71,False
engineering,medium,2,229,3,False,True,0.52,0.76,False
engineering,medium,4,159,2,False,True,0.5,0.85,False
engineering,medium,4,196,3,False,True,0.89,0.82,False
engineering,medium,4,133,3,False,True,0.79,0.71,False
engineering,medium,5,228,3,False,True,0.65,0.79,False
engineering,high,4,247,3,False,True,0.56,0.86,False
engineering,low,5,215,3,False,True,0.78,0.9,False
support,medium,6,233,3,True,True,0.8,0.65,False
support,medium,5,237,2,False,True,0.74,0.53,False
support,medium,4,269,5,False,True,0.91,0.51,False
support,medium,6,246,3,True,True,0.76,1.0,False
support,low,4,168,3,False,True,0.82,0.92,False
support,low,3,168,3,False,True,0.59,1.0,False
support,low,4,163,5,False,True,0.67,0.23,False
support,low,3,142,2,False,True,0.77,0.52,False
support,low,4,183,2,True,True,0.83,0.8,False
support,low,4,264,3,False,False,0.72,0.59,False
support,low,2,184,2,False,False,0.55,0.75,False
engineering,low,4,138,3,False,False,0.58,0.99,False
engineering,medium,3,195,3,False,False,0.76,0.57,False
engineering,medium,4,251,3,False,False,0.95,0.87,False
management,medium,3,108,5,False,False,0.47,0.52,False
IT,medium,3,144,2,False,False,0.9,0.57,False
IT,medium,6,112,4,False,False,0.77,0.32,False
IT,medium,2,201,3,False,False,0.81,0.66,False
IT,medium,4,204,3,False,False,0.8,0.53,False
IT,medium,5,226,3,False,False,0.62,0.55,False
product_management,medium,3,217,4,False,False,0.9,0.66,False
product_management,medium,4,149,2,False,False,0.92,0.69,False
product_management,medium,5,237,3,False,False,0.99,0.67,False
product_management,medium,3,256,3,False,False,0.37,0.75,False
IT,medium,4,194,2,False,False,0.98,0.7,False
r&d,medium,3,202,2,False,False,0.74,0.71,False
r&d,medium,5,133,2,False,False,0.6,0.97,False
r&d,medium,3,246,3,False,False,0.48,0.5,False
r&d,medium,3,206,3,False,False,0.92,0.34,False
r&d,medium,3,204,3,False,False,0.74,0.67,False
marketing,medium,4,157,3,False,False,0.98,0.78,False
sales,medium,4,187,2,False,False,0.91,0.52,False
accounting,medium,2,211,2,False,False,0.51,0.91,False
support,medium,3,204,3,False,False,0.92,0.79,False
engineering,medium,5,182,2,True,False,0.53,0.83,False
management,medium,3,244,3,False,False,0.76,0.74,False
marketing,medium,3,184,3,True,False,0.97,0.77,False
marketing,high,2,117,3,False,False,0.71,0.49,False
marketing,high,3,230,3,True,False,0.89,0.94,False
sales,high,3,241,2,False,False,0.91,0.99,False
sales,high,3,227,3,True,False,0.84,0.69,False
sales,high,5,147,4,False,False,0.59,0.88,False
sales,high,3,240,3,False,False,0.9,0.89,False
sales,high,4,238,2,False,False,0.58,0.8,False
sales,high,4,262,4,False,False,0.89,0.22,False
sales,high,4,215,2,False,False,0.83,0.87,False
sales,high,3,211,4,False,False,0.66,0.66,False
sales,high,3,156,3,True,False,0.68,0.9,False
sales,high,4,180,5,False,False,0.54,0.95,False
sales,low,4,260,6,False,False,0.56,0.49,False
sales,low,4,228,2,False,False,0.68,0.71,False
sales,low,2,249,3,False,False,0.96,0.2,False
sales,low,3,242,5,True,False,0.64,0.95,False
sales,low,2,254,2,True,False,0.8,0.68,False
sales,low,3,272,2,True,False,0.68,0.93,False
sales,low,5,210,3,False,False,0.57,0.85,False
sales,low,3,140,2,False,False,0.68,0.82,False
sales,low,5,252,5,False,False,0.42,0.87,False
accounting,low,3,266,3,False,False,0.84,0.88,False
accounting,low,4,138,3,False,False,0.79,0.98,False
accounting,low,3,220,3,False,False,0.98,0.89,False
hr,low,5,214,3,False,False,0.51,0.92,False
hr,low,2,121,5,False,False,0.6,0.48,False
hr,low,4,195,3,False,False,0.49,0.67,False
hr,medium,3,135,3,False,False,0.55,0.84,False
engineering,medium,4,261,2,False,False,0.78,0.97,False
engineering,medium,5,205,3,True,False,0.53,0.65,False
engineering,medium,5,240,2,True,False,0.87,0.79,False
engineering,medium,2,141,4,False,False,0.75,0.75,False
engineering,medium,4,200,3,False,False,0.64,0.69,False
engineering,medium,4,257,3,False,False,0.6,0.85,False
engineering,medium,2,141,3,False,False,0.41,0.34,False
engineering,medium,3,185,2,False,False,0.68,0.97,False
engineering,medium,6,235,6,False,False,0.99,0.39,False
engineering,medium,4,264,4,False,False,0.81,0.54,False
engineering,medium,4,260,3,False,False,0.67,0.78,False
support,high,4,158,3,False,False,0.79,0.49,False
support,high,6,195,5,False,False,0.83,0.17,False
support,high,3,180,2,True,False,0.81,0.98,False
support,high,2,114,5,False,False,1.0,0.9,False
support,high,5,228,4,True,False,0.89,0.24,False
support,high,5,243,3,True,False,0.79,0.92,False
support,high,3,179,3,False,False,0.72,0.36,False
support,high,2,158,3,False,False,0.76,0.19,False
support,low,4,254,4,False,False,0.76,0.75,False
support,low,3,220,3,True,False,0.81,0.91,False
support,low,5,171,3,False,False,0.95,0.72,False
engineering,low,4,142,2,False,False,0.64,0.62,False
engineering,low,3,241,2,False,False,0.75,0.97,False
engineering,low,3,275,3,False,False,0.64,0.69,False
management,low,3,157,2,False,False,0.56,0.98,False
IT,low,5,169,3,False,False,0.53,0.62,False
IT,medium,2,233,2,False,False,0.82,0.59,False
IT,medium,4,160,3,False,False,0.98,0.73,False
IT,medium,3,189,3,False,False,0.79,0.71,False
IT,medium,4,273,4,False,False,0.58,0.85,False
product_management,medium,4,141,3,True,False,0.94,0.8,False
product_management,medium,3,134,3,False,False,0.38,0.48,False
product_management,medium,3,248,3,False,False,0.4,0.64,False
product_management,medium,6,222,5,False,False,0.64,0.19,False
IT,medium,5,219,3,False,False,0.69,0.82,False
r&d,medium,4,202,3,False,False,0.96,0.99,False
r&d,medium,3,200,2,False,False,0.58,0.45,False
r&d,medium,3,138,2,False,False,0.89,0.89,False
r&d,medium,4,158,5,True,False,0.78,0.75,False
r&d,medium,3,136,2,False,False,0.86,0.8,False
marketing,medium,4,222,2,False,False,0.49,0.78,False
sales,medium,3,236,2,True,False,0.76,0.95,False
accounting,medium,4,135,2,False,False,0.67,0.68,False
support,medium,5,235,3,False,False,0.97,0.82,False
engineering,medium,4,274,2,False,False,0.69,0.9,False
management,medium,3,235,2,False,False,0.99,0.59,False
marketing,medium,3,169,4,True,False,0.57,0.66,False
marketing,medium,5,286,4,False,False,0.56,0.63,False
marketing,medium,3,166,2,False,False,0.78,0.73,False
sales,high,3,236,4,False,False,0.93,0.63,False
sales,low,5,197,2,False,False,0.62,0.87,False
sales,medium,6,169,2,True,False,0.87,0.62,False
sales,medium,3,210,3,False,False,0.9,0.53,False
sales,medium,4,156,2,False,False,0.83,0.94,False
sales,medium,5,231,2,False,False,0.55,0.94,False
sales,medium,3,101,2,True,False,0.64,0.55,False
sales,medium,4,259,3,False,False,0.72,0.58,False
sales,medium,5,203,5,True,False,0.88,0.98,False
sales,medium,5,255,4,False,False,0.76,0.74,False
sales,medium,3,131,3,True,False,0.48,0.65,False
sales,medium,2,272,2,False,False,0.79,0.97,False
sales,low,4,253,2,False,False,0.75,0.58,False
sales,low,2,254,2,False,False,0.77,0.49,False
sales,low,3,214,2,False,False,0.98,0.69,False
sales,low,5,195,3,False,False,0.49,0.55,False
sales,low,4,240,3,False,False,0.89,0.65,False
sales,low,4,149,2,False,False,0.49,0.87,False
sales,low,4,276,4,False,False,0.7,0.12,False
accounting,high,4,247,4,False,False,0.84,0.65,False
accounting,low,4,212,4,True,False,0.66,0.23,False
accounting,high,4,256,3,False,False,0.77,0.62,False
hr,high,4,178,2,False,False,0.72,0.86,False
hr,low,4,255,4,False,False,0.6,0.85,False
hr,low,3,224,2,False,False,0.76,0.74,False
hr,high,2,204,4,False,False,0.76,0.53,False
engineering,low,6,104,6,False,False,0.44,0.99,False
engineering,medium,5,113,3,False,False,0.81,0.48,False
engineering,high,3,243,2,False,False,0.74,0.72,False
engineering,medium,3,242,5,True,False,0.72,0.76,False
engineering,medium,4,177,3,False,False,0.7,0.41,False
engineering,medium,3,235,2,False,False,0.88,0.85,False
engineering,medium,4,175,3,False,False,0.49,0.62,False
engineering,high,4,280,6,False,False,0.78,0.16,False
engineering,medium,3,205,2,False,False,0.61,0.58,False
engineering,medium,4,243,3,False,False,0.95,0.73,False
engineering,medium,3,150,2,False,False,0.76,0.28,False
support,high,4,178,2,True,False,0.61,0.77,False
support,medium,3,231,3,False,False,0.86,0.85,False
support,high,3,134,2,False,False,0.76,0.56,False
support,low,5,143,2,False,False,1.0,0.81,False
support,medium,3,156,3,False,False,0.87,0.83,False
support,medium,4,249,3,False,False,0.48,0.49,False
support,medium,3,247,3,False,False,0.97,0.81,False
support,medium,5,222,4,False,False,0.92,0.56,False
support,low,3,160,3,False,False,0.83,0.77,False
support,low,4,224,4,True,False,0.5,0.73,False
support,low,4,235,2,False,False,0.72,0.95,False
engineering,low,5,167,3,False,False,0.68,0.69,False
engineering,low,3,104,4,False,False,0.89,0.79,False
engineering,low,5,160,2,False,False,0.57,0.63,False
management,low,4,168,3,False,False,0.79,0.8,False
IT,low,2,153,2,False,False,0.61,0.64,False
IT,low,4,249,3,False,False,0.9,0.92,False
IT,low,4,177,2,False,False,0.75,0.96,False
IT,high,3,225,3,False,False,0.85,0.56,False
IT,low,3,186,2,False,False,0.61,0.37,False
product_management,low,3,133,2,True,False,0.82,0.5,False
product_management,low,4,213,4,True,False,0.58,0.49,False
product_management,low,3,245,2,True,False,0.73,1.0,False
product_management,high,5,160,3,True,False,0.75,0.82,False
IT,low,4,212,3,False,False,0.54,0.52,False
r&d,low,4,135,3,True,True,0.96,0.76,False
r&d,low,3,149,4,False,True,0.53,0.2,False
r&d,high,4,178,3,False,True,0.9,0.6,False
r&d,low,6,224,4,False,True,0.9,0.69,False
r&d,medium,3,196,2,False,True,0.51,0.93,False
marketing,high,4,178,3,True,True,0.64,0.7,False
sales,medium,4,191,2,True,True,0.54,0.56,False
accounting,high,4,167,3,False,True,0.61,0.97,False
support,medium,6,275,5,True,True,0.65,0.24,False
engineering,medium,3,168,3,False,True,0.91,0.83,False
management,medium,3,152,2,False,True,0.85,0.55,False
marketing,medium,3,263,3,True,True,0.99,0.68,False
marketing,medium,3,113,4,False,False,0.53,0.48,False
marketing,medium,3,253,3,False,False,0.95,0.75,False
sales,medium,4,271,3,True,False,0.5,0.61,False
sales,medium,4,165,2,True,False,0.74,0.5,False
sales,high,5,257,3,False,False,0.54,0.78,False
sales,low,4,244,3,False,False,0.68,0.61,False
sales,medium,4,179,3,False,False,0.5,0.48,False
sales,medium,3,248,2,False,False,0.92,0.93,False
sales,medium,3,224,2,False,False,0.58,0.78,False
sales,medium,5,236,4,False,False,0.99,0.92,False
sales,medium,5,213,3,False,False,0.98,0.71,False
sales,medium,4,238,3,False,False,0.42,0.15,False
sales,medium,5,153,5,True,False,0.83,0.14,False
sales,medium,4,247,2,False,False,0.72,0.56,False
sales,medium,3,154,3,False,False,0.84,1.0,False
sales,high,3,147,4,False,False,0.82,0.77,False
sales,low,3,150,2,False,False,0.66,0.86,False
sales,low,3,137,3,False,False,0.95,0.88,False
sales,low,5,179,3,False,False,0.84,0.85,False
sales,high,5,194,2,False,False,0.56,0.95,False
sales,low,4,224,3,False,False,0.65,0.65,False
accounting,low,3,253,2,True,False,0.55,0.7,False
accounting,low,3,177,3,True,False,0.55,0.6,False
accounting,high,3,215,3,False,False,0.83,0.84,False
hr,low,5,245,5,False,False,0.59,0.23,False
hr,low,3,134,3,False,False,0.75,0.89,False
hr,low,4,273,2,False,False,0.91,0.98,False
hr,low,4,163,3,False,False,0.83,0.88,False
engineering,low,3,152,4,False,False,0.52,0.87,False
engineering,low,3,268,4,False,False,0.96,0.93,False
engineering,low,5,149,2,False,False,0.95,0.13,False
engineering,medium,6,128,4,False,False,0.56,0.99,False
engineering,medium,3,218,2,True,False,0.51,0.52,False
engineering,medium,3,146,3,False,False,0.98,0.58,False
engineering,medium,5,190,2,True,False,0.57,0.85,False
engineering,medium,2,182,3,False,False,0.59,0.41,False
engineering,medium,5,162,3,True,False,0.8,1.0,False
engineering,medium,3,243,3,False,False,0.64,0.63,False
engineering,medium,4,141,3,True,False,0.58,0.63,False
support,medium,3,142,3,False,False,0.9,0.63,False
support,medium,3,203,4,False,False,0.62,0.59,False
support,medium,4,168,4,False,False,0.77,0.88,False
support,medium,3,149,3,False,False,0.7,0.72,False
support,high,4,168,2,False,False,0.81,0.67,False
support,low,2,190,4,False,False,0.54,0.41,False
support,medium,3,229,6,False,False,0.68,0.3,False
support,medium,3,249,2,False,False,0.84,0.83,False
support,medium,4,162,2,True,False,0.93,0.73,False
support,medium,4,163,2,False,False,0.9,0.87,False
support,low,2,169,4,False,False,0.74,0.93,False
engineering,low,4,257,3,True,False,0.91,0.97,False
engineering,low,4,150,4,False,False,0.54,0.7,False
engineering,low,4,183,3,False,False,0.95,0.66,False
management,low,3,208,3,False,False,0.66,0.62,False
IT,low,4,158,2,False,False,0.52,0.56,False
IT,low,2,240,5,False,False,0.72,0.32,False
IT,low,5,251,3,False,False,0.81,0.55,False
IT,low,5,205,2,False,False,0.91,0.69,False
IT,low,4,226,3,True,False,0.63,0.91,False
product_management,low,5,249,6,False,False,0.82,0.33,False
product_management,low,2,197,3,False,False,0.74,0.37,False
product_management,low,5,216,3,False,False,0.57,0.95,False
product_management,low,4,260,5,False,False,0.91,0.17,False
IT,low,4,263,3,False,False,0.53,0.95,False
r&d,low,2,177,5,False,False,0.69,0.27,False
r&d,low,4,171,3,False,False,0.95,0.91,False
r&d,low,3,148,2,True,False,0.61,0.49,False
r&d,low,4,138,3,False,False,0.56,0.6,False
r&d,low,4,183,3,False,False,0.57,0.52,False
marketing,low,3,202,3,False,False,0.65,0.54,False
sales,medium,4,160,2,True,False,0.53,0.86,False
accounting,medium,4,264,3,False,False,0.87,0.78,False
support,medium,4,245,3,True,False,0.81,0.6,False
engineering,medium,2,207,3,False,False,0.91,0.15,False
management,medium,3,225,3,False,False,0.92,0.72,False
marketing,medium,4,236,2,False,False,0.85,0.94,False
marketing,medium,4,170,3,False,False,0.56,0.92,False
marketing,medium,3,261,3,True,False,0.88,0.6,False
sales,medium,4,273,3,False,False,0.68,0.41,False
sales,medium,3,184,2,False,False,0.43,0.5,False
sales,medium,3,202,2,False,False,0.91,0.8,False
sales,medium,4,195,3,False,False,0.83,0.67,False
sales,high,4,266,3,False,False,0.88,0.71,False
sales,low,3,266,5,False,False,0.85,0.66,False
sales,medium,5,263,2,False,False,0.74,0.77,False
sales,medium,3,142,2,False,False,0.54,0.62,False
sales,medium,4,162,3,False,False,0.53,0.95,False
sales,medium,5,258,2,False,False,0.75,0.89,False
sales,low,4,170,2,False,False,0.83,0.74,False
sales,low,4,249,5,False,False,0.8,0.19,False
sales,low,3,171,3,False,False,0.77,0.83,False
sales,low,2,177,4,False,False,0.64,0.53,False
sales,low,5,188,2,False,False,0.75,0.98,False
sales,low,5,146,2,False,False,0.99,0.74,False
sales,low,5,154,5,False,False,0.88,0.22,False
sales,low,4,204,3,True,False,0.68,0.76,False
sales,low,5,224,3,True,False,0.91,0.89,False
accounting,low,3,156,4,False,False,0.84,0.5,False
accounting,low,6,259,4,False,False,0.82,0.17,False
accounting,low,6,165,3,False,False,0.38,0.46,False
hr,low,3,264,3,False,False,0.78,0.68,False
hr,low,4,215,2,False,False,0.86,0.77,False
hr,low,3,133,3,False,False,0.83,0.68,False
hr,low,4,220,4,False,False,0.7,0.15,False
engineering,low,4,176,5,False,False,0.98,0.7,False
engineering,low,4,103,2,False,False,0.96,0.66,False
engineering,low,5,155,3,False,False,0.52,0.54,False
engineering,low,4,141,3,False,False,0.57,0.57,False
engineering,low,3,150,3,True,False,0.58,0.78,False
engineering,medium,5,171,6,False,False,0.83,0.14,False
engineering,medium,4,179,3,False,False,0.86,0.73,False
engineering,medium,4,145,2,False,False,0.97,0.65,False
engineering,medium,3,176,3,False,False,0.59,0.31,False
engineering,medium,2,172,2,False,False,0.55,0.77,False
engineering,medium,3,243,4,False,False,0.85,0.68,False
support,medium,4,209,2,False,False,0.69,0.79,False
support,medium,4,196,3,False,False,0.62,0.92,False
support,medium,6,225,4,False,False,0.96,0.77,False
support,medium,3,261,2,False,False,0.89,0.48,False
support,medium,4,157,2,False,False,0.66,0.63,False
support,medium,5,259,3,True,False,0.49,0.92,False
support,high,4,224,6,False,False,0.85,0.5,False
support,low,5,193,2,False,False,0.91,0.52,False
support,medium,4,157,3,False,False,0.79,0.73,False
support,medium,4,223,3,False,False,0.87,0.99,False
support,medium,3,188,3,True,False,0.99,0.91,False
engineering,medium,3,217,2,False,False,0.79,0.85,False
engineering,low,4,207,2,True,False,0.69,0.95,False
engineering,low,3,153,4,False,False,0.85,0.67,False
management,low,3,269,2,False,False,0.55,0.86,False
IT,low,4,198,3,False,False,0.54,0.71,False
IT,low,4,102,5,False,False,0.95,0.99,False
IT,low,3,167,2,True,False,0.61,0.57,False
IT,low,3,252,2,False,False,0.72,0.98,False
IT,low,3,192,2,False,False,0.58,0.62,False
product_management,low,5,237,4,False,False,0.79,0.74,False
product_management,low,4,158,3,False,False,0.6,0.7,False
product_management,low,3,260,3,False,False,0.93,0.8,False
product_management,low,4,153,3,False,False,0.69,0.65,False
IT,low,3,233,4,False,False,0.52,0.53,False
r&d,low,2,180,3,False,False,0.62,0.43,False
r&d,low,4,163,3,True,False,0.65,0.59,False
r&d,low,6,211,6,True,False,0.96,0.16,False
r&d,low,3,151,3,True,False,0.8,0.84,False
r&d,low,3,249,4,False,False,0.95,0.78,False
marketing,low,5,199,3,True,False,0.91,0.66,False
sales,low,4,247,2,False,False,0.74,0.7,False
accounting,low,4,174,3,False,False,0.63,0.73,False
support,medium,4,268,4,False,False,0.88,0.65,False
engineering,medium,5,197,4,False,False,0.59,0.79,False
management,medium,4,154,3,True,False,0.68,0.57,False
marketing,medium,5,279,4,False,False,0.58,0.24,False
marketing,medium,3,204,2,True,False,0.78,0.95,False
marketing,medium,2,112,3,False,False,0.54,0.38,False
sales,medium,4,261,2,True,False,0.78,0.9,False
sales,medium,3,180,4,False,False,0.4,0.5,False
sales,medium,3,261,5,False,False,0.61,0.68,False
sales,medium,6,138,3,False,False,0.78,0.5,False
sales,medium,4,164,4,False,False,0.81,0.85,False
sales,medium,3,144,3,False,False,0.52,0.95,False
sales,high,3,244,2,False,False,0.92,0.92,False
sales,low,5,233,3,False,False,0.87,0.83,False
sales,medium,4,225,2,True,False,0.78,0.9,False
sales,medium,6,215,4,False,False,0.77,0.21,False
sales,medium,3,223,4,False,False,0.86,0.94,False
sales,medium,4,232,3,False,False,0.85,0.7,False
sales,low,3,157,4,False,False,0.76,0.54,False
sales,low,4,268,3,False,False,0.65,0.77,False
sales,low,3,158,2,False,False,0.49,0.62,False
sales,low,5,222,2,False,False,0.55,0.93,False
sales,low,3,210,3,False,False,0.86,0.81,False
sales,low,4,133,2,False,False,0.79,0.99,False
sales,low,3,224,3,False,False,0.49,0.78,False
accounting,low,5,264,5,False,False,0.63,0.66,False
accounting,low,5,237,2,False,False,0.72,0.9,False
accounting,low,5,141,2,False,False,0.53,0.74,False
hr,low,4,238,5,True,False,0.78,0.65,False
hr,low,4,167,3,False,False,0.52,0.99,False
hr,low,4,161,3,False,False,0.72,0.83,False
hr,low,4,194,3,False,False,0.82,0.6,False
engineering,low,3,217,3,True,False,0.93,0.55,False
engineering,low,3,170,3,False,False,0.71,0.96,False
engineering,low,4,243,3,False,False,0.94,0.83,False
engineering,low,4,267,3,True,False,0.7,0.95,False
engineering,medium,2,169,3,False,False,0.88,0.77,False
engineering,medium,3,255,3,False,False,0.95,0.83,False
engineering,medium,4,211,3,False,False,0.54,0.87,False
engineering,medium,3,198,4,False,False,0.49,0.69,False
engineering,medium,3,246,3,False,False,0.58,0.67,False
engineering,medium,3,146,2,False,False,0.49,0.55,False
engineering,medium,4,134,6,False,False,0.82,0.55,False
support,medium,3,169,3,False,False,0.48,0.39,False
support,medium,5,232,3,False,False,0.93,0.51,False
support,medium,2,106,3,True,False,0.38,0.39,False
support,medium,4,260,3,False,False,0.93,0.96,False
support,medium,3,232,2,False,False,0.81,0.68,False
support,high,4,173,3,False,False,0.71,0.67,False
support,low,5,152,5,False,False,0.44,0.68,False
support,medium,3,173,3,False,False,0.58,0.56,False
support,medium,3,274,3,False,False,0.7,0.9,False
support,medium,3,233,3,False,False,0.59,0.69,False
support,medium,4,232,3,False,False,0.71,0.99,False
engineering,low,3,156,2,False,False,0.59,0.42,False
engineering,low,3,124,3,False,False,0.51,0.28,False
engineering,low,3,207,3,False,False,0.65,0.55,False
management,low,3,273,6,False,False,0.53,0.91,False
IT,low,3,219,4,False,False,0.98,0.53,False
IT,low,4,207,3,False,False,0.74,0.87,False
IT,low,4,248,4,False,False,0.6,0.57,False
IT,low,3,169,3,False,False,0.77,0.59,False
IT,low,4,181,3,False,False,0.89,0.76,False
product_management,low,3,196,3,False,False,0.42,0.59,False
product_management,low,3,254,2,False,False,0.54,0.5,False
product_management,low,4,191,4,False,False,0.55,0.55,False
product_management,low,3,238,2,False,False,0.53,0.92,False
IT,low,5,196,3,False,False,0.51,0.8,False
r&d,low,4,228,3,False,False,0.66,0.93,False
r&d,low,4,165,3,False,False,0.57,0.67,False
r&d,low,3,144,2,False,False,0.55,0.78,False
r&d,low,4,243,3,False,False,0.7,0.61,False
r&d,low,3,206,3,False,False,0.84,0.74,False
marketing,low,3,180,3,True,False,0.49,0.5,False
sales,low,3,161,2,True,False,0.96,0.84,False
accounting,medium,4,196,2,False,False,0.55,0.89,False
support,medium,5,152,3,False,False,0.89,0.77,False
engineering,medium,3,231,4,False,False,0.71,0.64,False
management,medium,2,215,5,True,False,0.89,0.77,False
marketing,medium,4,233,4,False,False,0.58,0.74,False
marketing,medium,4,155,2,False,False,0.96,0.88,False
marketing,medium,5,182,4,True,False,0.96,0.88,False
sales,medium,3,165,4,False,False,0.88,0.89,False
sales,medium,2,257,4,True,False,0.59,0.74,False
sales,medium,4,155,2,False,False,0.74,0.63,False
sales,medium,4,243,2,False,False,0.8,0.63,False
sales,medium,2,184,4,False,False,0.92,0.68,False
sales,high,4,138,3,True,False,0.81,0.14,False
sales,low,5,209,4,False,False,0.94,0.86,False
sales,medium,3,205,2,False,False,0.53,0.73,False
sales,medium,3,191,3,False,False,0.56,0.57,False
sales,medium,5,270,3,True,False,0.75,0.97,False
sales,medium,4,97,4,False,False,0.36,0.67,False
sales,low,4,174,2,False,False,0.74,0.89,False
sales,low,5,124,3,False,False,0.96,0.8,False
sales,low,2,178,3,False,False,0.51,0.3,False
sales,low,5,266,6,False,False,0.73,0.14,False
sales,low,4,181,3,False,False,0.8,0.91,False
sales,low,4,233,3,False,False,0.81,0.49,False
sales,low,3,254,4,False,False,0.68,0.57,False
sales,low,3,219,3,False,False,0.62,0.59,False
accounting,low,5,166,2,False,False,0.7,0.5,False
accounting,low,3,158,2,False,False,0.97,0.69,False
accounting,low,3,151,3,False,False,0.68,0.81,False
hr,low,3,98,3,True,False,0.82,0.79,False
hr,low,4,187,4,True,False,0.91,0.55,False
hr,low,4,266,2,False,False,0.62,0.92,False
hr,low,5,250,3,False,False,0.59,0.94,False
engineering,low,5,193,3,False,False,0.55,0.67,False
engineering,low,4,223,3,True,False,0.92,0.53,False
engineering,low,5,189,5,False,False,0.59,0.77,False
engineering,low,5,138,3,False,False,0.82,0.57,False
engineering,low,4,268,2,False,False,0.97,0.64,False
engineering,low,6,186,2,False,False,1.0,0.35,False
engineering,medium,3,136,3,True,False,0.71,0.66,False
engineering,medium,4,245,3,False,False,0.84,0.59,False
engineering,medium,4,184,3,False,False,0.93,0.49,False
engineering,medium,5,152,3,False,False,0.99,0.91,False
engineering,medium,2,194,4,False,False,0.6,0.12,False
support,medium,3,242,5,True,False,0.68,0.74,False
support,medium,4,246,2,True,False,0.94,0.84,False
support,medium,4,211,3,False,False,0.99,0.51,False
support,medium,4,189,3,False,False,0.71,0.94,False
support,medium,3,254,2,False,False,0.66,0.74,False
support,medium,5,239,3,False,False,0.54,0.52,False
support,medium,4,133,6,False,False,0.92,0.31,False
support,high,3,255,2,False,False,0.59,0.72,False
support,low,3,212,2,False,False,1.0,0.92,False
support,medium,3,270,3,False,False,0.64,0.56,False
support,medium,5,177,6,False,False,0.45,0.76,False
engineering,medium,4,261,4,False,False,0.9,0.59,False
engineering,medium,3,220,3,False,False,0.74,0.5,False
engineering,low,2,144,4,True,False,0.72,0.88,False
management,low,4,274,2,False,False,0.49,0.86,False
IT,low,4,195,3,False,False,0.99,0.66,False
IT,low,4,158,3,False,False,0.69,0.7,False
IT,low,5,145,4,False,False,0.93,0.98,False
IT,low,3,165,3,True,False,0.73,0.61,False
IT,low,4,270,2,False,False,0.66,0.57,False
product_management,low,5,208,3,False,False,0.91,0.84,False
product_management,medium,2,245,5,False,False,0.4,0.76,False
product_management,medium,4,180,4,False,False,0.99,0.64,False
product_management,medium,5,225,3,False,False,0.7,0.87,False
IT,medium,3,261,2,False,False,0.69,0.62,False
r&d,medium,3,213,6,True,True,0.99,0.16,False
r&d,medium,3,230,3,False,True,0.87,0.83,False
r&d,medium,2,198,2,False,True,0.59,0.36,False
r&d,medium,6,190,5,False,True,0.51,0.47,False
r&d,medium,4,137,4,False,True,0.51,0.54,False
marketing,medium,3,186,3,True,True,0.83,0.83,False
sales,medium,4,137,2,False,True,0.68,0.96,False
accounting,medium,5,192,3,False,True,0.74,0.91,False
support,medium,4,164,3,False,True,0.59,0.56,False
engineering,medium,6,195,3,False,True,0.66,0.73,False
management,medium,4,151,3,False,True,0.63,0.97,False
marketing,medium,5,231,3,False,True,0.74,0.75,False
marketing,medium,3,257,2,True,False,0.76,0.49,False
marketing,medium,4,257,3,False,False,0.94,0.57,False
sales,medium,5,274,2,True,False,0.58,0.41,False
sales,medium,3,138,2,False,False,0.7,0.53,False
sales,medium,4,184,3,False,False,0.6,0.93,False
sales,medium,3,151,3,False,False,0.9,0.58,False
sales,medium,3,265,3,True,False,0.54,0.6,False
sales,medium,4,241,2,False,False,0.8,0.74,False
sales,medium,3,148,3,False,False,0.52,0.62,False
sales,medium,5,165,3,False,False,0.76,0.7,False
sales,medium,3,243,2,False,False,0.75,0.93,False
sales,medium,4,197,2,False,False,0.9,0.75,False
sales,medium,5,214,6,True,True,0.48,0.95,False
sales,medium,4,164,3,False,True,0.98,0.43,False
sales,medium,4,243,4,True,True,0.58,0.77,False
sales,medium,4,145,3,True,True,1.0,0.67,False
sales,medium,4,163,4,False,True,0.72,0.51,False
sales,medium,5,257,2,False,True,0.53,0.94,False
sales,medium,3,253,3,False,False,0.85,0.9,False
sales,medium,4,234,3,False,False,0.78,0.8,False
sales,medium,5,266,6,False,False,0.89,0.34,False
accounting,low,3,181,4,True,False,0.53,0.45,False
accounting,low,4,193,4,False,False,0.66,0.97,False
accounting,low,3,163,4,False,False,0.48,0.5,False
hr,low,5,144,2,False,False,0.62,0.89,False
hr,low,4,245,3,False,False,0.5,0.76,False
hr,low,4,197,2,False,False,0.84,0.66,False
hr,low,3,180,2,False,False,0.63,0.74,False
engineering,low,4,237,3,False,False,0.74,0.69,False
engineering,low,2,170,3,False,False,0.57,0.59,False
engineering,low,3,150,3,False,False,0.85,1.0,False
engineering,low,2,100,4,False,False,0.75,0.61,False
engineering,low,5,226,3,False,False,0.42,0.98,False
engineering,low,5,222,3,False,False,0.71,0.59,False
engineering,low,4,182,6,False,False,0.69,0.22,False
engineering,low,3,150,2,False,False,0.95,0.71,False
engineering,medium,4,244,3,False,False,0.53,0.86,False
engineering,medium,5,271,3,False,False,0.59,0.65,False
engineering,medium,5,167,3,False,False,0.67,0.93,False
support,medium,2,128,2,False,False,0.69,0.49,False
support,medium,3,149,4,True,False,0.77,0.78,False
support,medium,4,141,4,False,False,0.7,0.62,False
support,medium,3,149,2,False,False,0.63,0.72,False
support,medium,4,107,6,False,False,0.56,0.7,False
support,medium,5,189,2,False,False,0.93,0.54,False
support,medium,4,169,4,False,False,0.95,0.61,False
support,medium,4,208,3,True,False,0.95,0.84,False
support,medium,3,197,3,False,False,0.58,0.8,False
support,high,4,225,3,False,False,0.5,0.58,False
support,high,2,175,6,False,False,0.87,0.97,False
engineering,high,3,172,2,False,False,0.55,0.92,False
engineering,high,3,237,4,False,False,0.51,0.96,False
engineering,high,4,155,3,True,False,0.87,0.73,False
management,high,4,148,3,False,False,0.71,0.73,False
IT,high,4,246,3,False,False,0.83,0.53,False
IT,high,5,193,5,False,False,0.82,0.17,False
IT,low,5,175,4,False,False,0.76,0.75,False
IT,low,3,121,4,False,False,0.44,0.76,False
IT,low,4,223,3,False,False,0.77,0.76,False
product_management,low,3,259,3,False,False,0.55,0.92,False
product_management,low,4,171,2,False,False,0.88,0.82,False
product_management,low,2,170,3,False,False,0.5,0.38,False
product_management,low,4,246,3,False,False,0.72,0.49,False
IT,low,3,175,3,False,False,0.8,0.53,False
r&d,medium,3,185,2,False,False,0.59,0.56,False
r&d,medium,3,168,2,False,False,0.98,0.69,False
r&d,medium,4,171,3,False,False,0.99,0.62,False
r&d,medium,3,201,2,False,False,0.76,0.71,False
r&d,medium,4,148,3,False,False,1.0,0.52,False
marketing,medium,6,189,4,False,False,0.53,0.2,False
sales,medium,3,166,3,False,False,0.61,0.93,False
accounting,medium,4,150,2,False,False,0.81,0.74,False
support,medium,3,253,6,False,True,0.45,0.78,False
engineering,medium,3,243,2,False,True,0.79,0.85,False
management,medium,5,250,2,True,True,0.56,0.79,False
marketing,medium,3,228,2,False,True,0.91,0.92,False
marketing,medium,3,186,3,False,True,0.97,0.58,False
marketing,medium,3,213,3,False,True,0.72,0.68,False
sales,medium,4,233,3,False,True,0.67,0.9,False
sales,medium,5,265,2,False,True,0.71,0.67,False
sales,medium,4,226,3,False,False,0.73,0.79,False
sales,medium,5,221,6,False,False,0.48,0.23,False
sales,medium,3,253,4,False,False,0.99,0.98,False
sales,medium,3,134,4,False,False,0.75,0.8,False
sales,medium,3,188,4,False,False,0.84,0.77,False
sales,medium,3,160,4,False,False,0.91,1.0,False
sales,medium,4,164,4,False,False,0.92,0.6,False
sales,high,6,214,3,False,False,0.54,0.49,False
sales,low,5,228,4,True,False,0.99,0.91,False
sales,medium,5,149,3,True,False,0.52,0.97,False
sales,medium,3,175,2,False,False,0.76,0.71,False
sales,medium,3,195,3,False,False,0.91,0.62,False
sales,medium,3,222,4,False,False,0.92,0.61,False
sales,medium,5,249,4,False,False,0.6,0.21,False
sales,medium,2,226,3,True,False,0.97,0.64,False
sales,medium,2,117,2,True,False,0.65,0.61,False
sales,medium,4,255,3,False,False,0.75,0.58,False
accounting,medium,6,155,2,False,False,0.9,0.41,False
accounting,medium,5,185,3,False,False,0.73,0.98,False
accounting,low,4,275,5,False,False,0.88,0.5,False
hr,low,3,226,2,False,False,0.61,0.98,False
hr,low,4,198,2,False,False,0.85,0.4,False
hr,low,2,198,2,False,False,0.92,0.63,False
hr,low,4,251,3,False,False,0.53,0.75,False
engineering,low,3,237,2,False,False,0.84,0.82,False
engineering,low,5,197,2,False,False,0.62,0.55,False
engineering,high,2,136,3,False,False,0.36,0.44,False
engineering,low,3,184,3,True,False,0.88,0.92,False
engineering,high,2,159,3,False,False,0.56,0.57,False
engineering,high,4,133,3,False,False,0.86,0.73,False
engineering,low,5,198,3,False,False,0.92,0.82,False
engineering,low,3,260,2,False,False,0.75,0.54,False
engineering,high,3,154,4,False,False,0.95,0.64,False
engineering,low,4,185,5,False,False,0.76,0.99,False
engineering,medium,5,193,6,False,False,0.92,0.19,False
support,high,4,167,3,False,False,0.96,0.86,False
support,medium,5,165,3,False,False,0.66,0.65,False
support,medium,3,253,2,False,False,0.81,0.52,False
support,medium,4,142,3,False,False,0.49,0.85,False
support,medium,5,186,4,False,False,0.64,0.61,False
support,high,4,203,3,True,False,0.57,0.77,False
support,medium,4,217,2,False,False,0.94,0.54,False
support,medium,4,187,3,False,False,0.74,0.76,False
support,medium,3,152,4,False,False,0.9,0.79,False
support,high,5,150,2,False,False,0.93,0.89,False
support,medium,3,191,2,False,False,0.8,0.6,False
engineering,high,4,140,3,False,False,0.58,0.51,False
engineering,low,5,123,2,True,False,0.72,0.2,False
engineering,medium,5,170,2,False,False,0.6,0.93,False
management,medium,3,227,4,False,False,0.54,0.77,False
IT,medium,4,220,2,False,False,0.87,0.8,False
IT,medium,5,258,3,False,False,0.97,0.8,False
IT,low,5,149,3,False,False,0.92,0.62,False
IT,low,4,192,3,False,False,0.72,0.79,False
IT,low,5,267,3,False,False,0.73,0.88,False
product_management,low,5,169,3,True,False,0.73,0.96,False
product_management,low,2,178,3,False,False,0.69,0.34,False
product_management,low,2,165,4,False,False,0.65,0.34,False
product_management,low,4,231,3,False,False,0.85,0.88,False
IT,low,3,260,3,False,False,0.61,0.66,False
r&d,low,4,181,2,True,False,0.71,0.55,False
r&d,low,3,243,2,False,False,0.51,0.59,False
r&d,high,4,191,3,False,False,0.73,0.62,False
r&d,low,3,200,3,False,False,0.93,0.78,False
r&d,low,5,265,3,False,False,0.75,0.73,False
marketing,low,4,246,3,False,False,0.94,0.71,False
sales,low,3,187,2,False,False,0.86,0.97,False
accounting,high,5,141,4,False,False,0.74,0.21,False
support,low,4,246,3,False,False,0.96,0.52,False
engineering,low,4,236,3,True,False,0.88,0.73,False
management,low,3,170,3,False,False,0.83,0.74,False
marketing,high,6,189,2,False,False,0.71,0.26,False
marketing,low,4,237,3,False,False,0.78,0.52,False
marketing,medium,4,180,3,False,False,0.54,0.69,False
sales,high,2,157,6,False,False,0.59,0.79,False
sales,medium,4,258,3,False,False,0.62,0.93,False
sales,high,4,283,2,False,False,0.87,0.34,False
sales,medium,4,216,3,False,False,0.52,0.77,False
sales,medium,3,187,3,False,False,0.73,0.36,False
sales,medium,3,215,3,False,False,0.58,0.93,False
sales,medium,3,211,3,False,False,0.58,0.7,False
sales,medium,4,182,2,False,False,0.49,0.51,False
sales,medium,3,165,3,True,False,0.78,0.83,False
sales,medium,4,265,2,False,False,0.89,0.89,False
sales,medium,3,137,2,False,False,0.59,0.94,False
sales,high,4,269,3,False,False,0.55,0.8,False
sales,low,3,177,2,False,False,0.66,0.74,False
sales,medium,3,240,2,False,False,0.91,0.5,False
sales,medium,4,174,2,False,False,0.84,0.54,False
sales,medium,3,134,3,False,False,0.54,0.5,False
sales,medium,2,271,4,False,False,0.91,0.17,False
sales,medium,5,216,2,True,False,0.53,0.57,False
sales,medium,4,213,3,False,False,0.51,0.8,False
accounting,medium,5,133,4,False,False,0.64,0.45,False
accounting,medium,4,267,2,True,False,0.5,0.87,False
accounting,medium,3,263,4,False,False,0.64,0.98,False
hr,high,4,260,3,False,False,0.8,0.55,False
hr,low,4,185,3,False,False,0.5,0.53,False
hr,low,2,284,6,False,False,0.48,0.75,False
hr,low,3,229,3,False,False,0.59,0.96,False
engineering,high,3,189,3,True,False,0.97,0.71,False
engineering,low,3,209,3,False,False,0.63,0.7,False
engineering,low,4,166,6,False,False,0.94,0.33,False
engineering,low,3,183,2,False,False,0.94,0.93,False
engineering,high,3,181,2,False,False,0.65,0.64,False
engineering,low,3,239,4,False,False,0.45,0.27,False
engineering,low,3,158,2,False,False,0.99,0.99,False
engineering,low,3,187,3,False,False,0.62,0.81,False
engineering,low,4,236,3,False,False,0.91,0.6,False
engineering,low,6,162,5,False,False,0.4,0.32,False
engineering,low,4,163,2,True,False,0.68,0.48,False
support,low,4,173,3,False,False,0.51,0.87,False
support,medium,5,273,4,True,False,0.79,0.91,False
support,medium,5,142,4,False,False,0.89,0.24,False
support,medium,4,141,4,False,False,0.56,0.66,False
support,medium,3,234,2,False,False,0.59,0.94,False
support,medium,5,255,4,False,False,0.97,0.93,False
support,medium,5,148,4,False,False,0.55,0.19,False
support,medium,5,274,2,True,False,0.45,0.88,False
support,medium,3,223,2,False,False,0.47,0.76,False
support,medium,5,248,3,False,False,0.64,0.67,False
support,medium,4,146,2,False,False,0.5,0.54,False
engineering,medium,2,101,5,False,False,0.95,0.53,False
engineering,medium,4,265,4,False,False,0.92,0.67,False
engineering,high,5,175,4,False,False,0.38,0.5,False
management,low,4,202,3,False,False,0.76,0.49,False
IT,medium,3,160,3,False,False,0.71,0.82,False
IT,medium,3,235,3,False,False,0.71,0.86,False
IT,medium,4,267,3,False,False,0.5,0.5,False
IT,medium,3,261,2,True,False,0.6,0.82,False
IT,low,2,148,2,False,False,0.78,0.95,False
product_management,low,3,239,4,False,False,0.87,0.64,False
product_management,low,3,178,2,False,False,0.5,0.91,False
product_management,low,2,221,3,False,False,0.75,0.79,False
product_management,low,4,269,3,False,False,0.56,0.83,False
IT,low,3,262,2,True,False,0.6,0.66,False
r&d,low,4,263,4,False,False,0.8,0.92,False
r&d,low,5,191,3,False,False,0.47,0.59,False
r&d,low,2,189,2,False,False,0.83,0.6,False
r&d,low,5,207,4,True,False,0.97,0.68,False
r&d,low,3,265,6,False,False,0.73,0.58,False
marketing,low,5,224,2,False,False,0.77,0.93,False
marketing,low,3,229,3,False,False,0.5,0.66,False
sales,low,3,158,3,False,False,0.99,0.8,False
accounting,low,5,202,5,False,False,0.79,0.28,False
support,low,4,216,2,False,False,0.59,0.84,False
engineering,low,4,220,5,False,False,0.58,0.86,False
management,low,2,172,2,True,False,0.45,0.46,False
marketing,low,3,187,2,False,False,0.92,0.94,False
marketing,low,3,270,2,True,False,0.76,0.8,False
marketing,low,6,219,6,False,False,0.63,0.13,False
sales,medium,3,243,3,True,False,0.73,0.95,False
sales,medium,4,261,4,False,False,0.88,0.93,False
sales,medium,4,179,3,False,False,0.81,0.86,False
sales,medium,5,133,2,False,False,0.93,0.67,False
sales,medium,4,224,3,False,False,0.6,0.73,False
sales,medium,4,198,2,False,False,0.92,0.62,False
sales,medium,5,135,2,False,False,0.81,0.53,False
sales,medium,3,143,3,False,False,0.68,0.68,False
sales,medium,4,234,2,False,False,0.55,0.69,False
sales,medium,3,177,3,False,False,0.92,0.66,False
sales,medium,5,180,3,False,False,0.56,0.98,False
sales,medium,3,193,6,False,False,0.39,0.57,False
sales,high,5,148,4,False,False,0.78,0.64,False
sales,low,3,194,4,False,False,0.58,0.71,False
sales,medium,3,271,4,False,False,0.7,0.94,False
sales,medium,3,135,2,False,False,0.85,0.8,False
sales,medium,4,136,2,False,False,0.94,0.59,False
sales,medium,6,243,3,False,False,0.7,0.95,False
sales,low,2,210,5,False,False,0.39,1.0,False
accounting,low,3,163,4,False,False,0.59,0.53,False
accounting,low,5,268,3,False,False,0.59,0.35,False
accounting,low,3,244,3,False,False,0.66,0.73,False
hr,low,4,164,3,False,False,0.63,0.89,False
hr,low,4,260,3,False,False,0.93,0.21,False
hr,low,5,153,3,False,False,0.85,0.21,False
hr,low,4,216,2,True,False,0.83,0.6,False
engineering,low,2,198,3,False,False,0.69,0.94,False
engineering,low,4,196,3,True,False,0.68,0.92,False
engineering,low,3,218,3,False,False,0.78,0.92,False
engineering,low,5,167,3,False,False,0.98,0.71,False
engineering,low,4,264,3,False,False,0.83,0.69,False
engineering,low,2,284,2,False,False,0.51,0.26,False
engineering,low,4,218,6,False,False,0.78,0.21,False
engineering,low,2,192,2,False,False,0.42,0.36,False
engineering,low,5,255,4,True,False,0.92,0.81,False
engineering,low,3,251,2,False,False,0.88,0.54,False
engineering,low,5,248,2,False,False,0.87,0.63,False
support,low,5,157,4,False,False,0.75,0.86,False
support,low,5,240,2,False,False,0.79,0.8,False
support,medium,5,262,3,False,False,0.58,0.55,False
support,medium,3,130,2,True,False,0.6,0.18,False
support,medium,3,152,3,False,False,0.98,0.88,False
support,medium,4,256,2,False,False,0.86,0.65,False
support,medium,3,139,2,False,False,1.0,0.99,False
support,medium,4,195,2,False,False,0.93,0.88,False
support,medium,3,205,5,False,False,0.59,0.67,False
support,medium,4,265,2,False,False,0.59,0.53,False
support,medium,5,246,3,False,False,0.61,0.83,False
engineering,medium,3,100,3,False,False,0.71,0.36,False
engineering,medium,5,150,3,True,False,0.64,0.62,False
engineering,medium,4,147,2,False,False,0.67,0.72,False
management,high,4,244,3,False,False,0.54,0.79,False
IT,low,4,256,3,False,False,0.87,1.0,False
IT,medium,4,266,3,True,False,0.52,0.65,False
IT,medium,3,199,4,False,False,0.91,0.84,False
IT,medium,2,236,3,False,False,0.59,0.81,False
IT,medium,3,203,2,True,False,0.51,0.59,False
product_management,low,3,156,3,False,False,0.53,0.78,False
product_management,low,5,109,4,False,False,0.52,0.22,False
product_management,low,5,248,3,False,False,0.98,0.96,False
product_management,low,4,254,2,False,False,0.8,0.85,False
IT,low,6,166,3,False,False,0.73,0.12,False
r&d,low,4,264,2,True,False,0.68,0.6,False
r&d,low,5,266,3,False,False,0.84,0.93,False
r&d,low,4,138,2,False,False,0.86,0.73,False
r&d,low,3,151,2,False,False,0.66,0.7,False
r&d,low,4,132,3,False,False,0.59,0.18,False
r&d,low,4,133,3,False,False,0.6,0.81,False
marketing,low,4,275,6,False,False,0.9,0.28,False
sales,low,3,275,3,False,False,0.79,0.74,False
accounting,low,4,272,5,False,False,0.74,0.5,False
support,low,4,201,2,True,False,0.85,0.83,False
engineering,low,3,164,2,False,False,0.66,0.55,False
management,low,4,224,2,False,False,0.94,0.77,False
marketing,low,4,201,2,False,False,0.58,0.92,False
marketing,low,5,169,2,True,False,0.89,0.59,False
marketing,low,4,149,3,False,False,0.72,0.45,False
sales,low,3,271,3,False,False,0.97,0.76,False
sales,medium,4,137,3,False,False,0.69,0.89,False
sales,medium,3,208,2,False,False,0.5,0.73,False
sales,medium,3,231,3,False,False,0.7,0.65,False
sales,medium,3,196,5,True,False,0.96,0.14,False
sales,medium,2,159,4,False,False,0.47,0.3,False
sales,medium,5,184,3,False,False,0.82,0.53,False
sales,medium,3,257,3,False,False,0.89,0.66,False
sales,medium,3,234,2,False,False,0.59,0.84,False
sales,medium,3,239,4,True,False,0.97,0.74,False
sales,medium,2,255,3,False,False,0.4,0.56,False
sales,medium,4,146,3,True,False,0.47,0.42,False
sales,medium,5,103,6,False,False,0.8,0.29,False
sales,high,5,206,4,False,False,0.72,0.54,False
sales,low,3,253,2,True,False,0.52,0.8,False
sales,medium,4,245,4,False,False,0.93,0.89,False
sales,medium,3,261,3,True,False,0.58,0.92,False
sales,medium,4,217,3,False,False,0.68,0.87,False
sales,medium,4,172,3,True,False,0.82,0.76,False
accounting,low,3,221,3,False,False,0.61,0.64,False
accounting,low,2,246,5,True,False,0.57,0.83,False
accounting,low,3,145,4,False,False,0.6,0.55,False
hr,low,5,168,3,False,False,0.7,0.83,False
hr,low,5,184,3,False,False,0.62,0.58,False
hr,low,4,186,3,False,False,0.97,0.67,False
hr,low,3,238,3,False,False,0.57,0.65,False
engineering,low,5,203,3,False,False,0.95,0.89,False
engineering,low,5,195,3,False,False,0.5,0.84,False
engineering,low,5,264,2,False,False,0.7,0.5,False
engineering,low,3,256,3,False,False,0.51,0.7,False
engineering,low,5,268,3,False,False,0.83,0.79,False
engineering,low,6,243,6,True,False,0.72,0.19,False
engineering,low,4,136,2,True,False,0.5,0.89,False
engineering,low,2,136,6,False,False,0.6,0.36,False
engineering,low,5,165,3,False,False,0.66,0.62,False
engineering,low,6,166,4,False,False,0.93,0.84,False
engineering,low,4,267,2,False,False,0.87,0.65,False
support,medium,4,233,3,False,False,0.7,0.65,False
support,medium,3,141,2,False,False,0.92,0.87,False
support,medium,5,249,2,False,False,0.73,0.66,False
support,medium,3,102,4,False,False,0.9,0.83,False
support,medium,3,268,3,False,False,0.63,0.89,False
support,medium,4,139,3,False,False,0.97,0.91,False
support,medium,3,168,2,False,False,0.56,0.91,False
support,medium,4,259,2,False,False,0.5,0.83,False
support,medium,4,248,2,False,False,0.82,0.87,False
support,medium,3,274,3,False,False,0.79,0.62,False
support,medium,3,169,2,False,False,1.0,0.54,False
engineering,medium,5,190,3,False,False,0.53,0.84,False
engineering,high,2,114,5,False,False,0.82,0.33,False
engineering,low,4,191,6,False,False,0.58,0.79,False
management,medium,2,263,3,False,False,0.41,0.31,False
IT,medium,3,166,2,False,False,0.81,0.68,False
IT,medium,4,247,5,False,False,0.7,0.52,False
IT,medium,3,203,4,False,False,0.64,0.54,False
IT,low,4,181,4,False,False,0.78,0.73,False
IT,low,3,229,3,True,False,0.74,0.49,False
product_management,low,2,159,2,False,False,0.67,0.37,False
product_management,low,3,151,3,False,False,0.84,0.53,False
product_management,low,4,222,3,True,False,0.75,0.58,False
product_management,low,2,163,2,False,False,0.51,0.2,False
IT,low,4,163,5,False,False,0.6,0.91,False
r&d,low,2,138,2,False,False,0.78,0.53,False
r&d,low,4,136,3,False,False,0.72,0.99,False
r&d,low,3,207,4,False,False,0.87,0.97,False
r&d,low,3,245,4,True,False,0.93,0.18,False
r&d,low,6,130,5,False,False,0.93,0.83,False
r&d,low,4,285,3,False,False,0.47,0.49,False
marketing,low,3,204,4,False,False,0.93,0.74,False
sales,low,3,183,3,False,False,0.6,0.7,False
accounting,low,3,246,2,False,False,0.91,0.97,False
support,low,3,250,4,False,False,0.91,0.92,False
engineering,low,3,176,3,False,False,0.7,0.94,False
management,low,3,177,2,False,False,0.98,1.0,False
marketing,low,3,169,4,False,False,0.51,0.5,False
marketing,low,3,142,3,False,False,0.89,0.77,False
marketing,medium,5,135,4,True,False,0.71,0.68,False
sales,medium,3,167,3,False,False,0.43,0.57,False
sales,medium,5,191,4,False,False,0.61,0.57,False
sales,medium,3,224,6,False,False,0.97,0.48,False
sales,medium,5,234,6,True,False,0.95,0.7,False
sales,medium,3,161,2,True,False,0.43,0.68,False
sales,medium,3,124,3,False,False,0.68,0.62,False
sales,medium,4,242,3,False,False,0.51,0.61,False
sales,medium,2,186,2,False,False,0.77,0.83,False
sales,medium,5,254,5,False,False,0.8,0.99,False
sales,medium,4,170,2,False,False,0.72,0.58,False
sales,medium,4,225,2,False,False,0.83,0.93,False
sales,high,4,263,3,False,False,0.5,0.66,False
sales,low,4,148,3,False,False,0.98,0.52,False
sales,medium,5,216,3,False,False,0.6,0.5,False
sales,medium,5,257,4,False,False,0.7,0.16,False
sales,medium,4,173,2,False,False,0.74,0.62,False
sales,medium,6,188,3,False,False,0.49,0.49,False
sales,low,4,188,2,True,False,0.91,0.56,False
sales,low,4,108,6,False,False,0.59,0.96,False
accounting,low,5,179,3,False,False,0.75,0.5,False
accounting,low,4,195,2,False,False,0.99,0.99,False
accounting,low,3,265,3,False,False,0.51,0.54,False
hr,low,4,285,2,False,False,0.9,0.52,False
hr,low,5,202,4,False,False,0.99,0.81,False
hr,low,4,271,2,False,False,0.73,0.5,False
hr,low,3,202,4,False,False,0.88,0.51,False
engineering,low,6,171,2,False,False,0.47,0.41,False
engineering,low,2,180,2,True,False,0.72,0.62,False
engineering,low,3,269,3,True,False,0.68,0.56,False
engineering,low,3,231,3,False,False,0.75,0.96,False
engineering,low,2,249,2,False,False,0.64,0.58,False
engineering,low,3,228,2,False,False,0.75,0.66,False
engineering,low,2,264,2,False,False,0.75,0.56,False
engineering,low,4,210,3,True,False,0.93,0.56,False
engineering,low,3,256,3,False,False,0.91,0.67,False
engineering,low,5,137,3,False,False,0.71,0.72,False
engineering,low,4,272,3,False,False,0.79,0.59,False
support,low,5,185,2,False,False,0.55,0.95,False
support,medium,3,264,4,False,False,0.93,1.0,False
support,medium,3,238,3,False,False,0.64,0.56,False
support,medium,4,98,3,False,False,0.49,0.52,False
support,medium,4,248,2,False,False,0.9,0.88,False
support,medium,4,271,2,False,False,0.84,0.58,False
support,medium,3,180,2,False,False,0.92,0.86,False
support,medium,5,181,4,True,False,0.64,0.19,False
support,medium,4,182,3,False,False,0.6,0.6,False
support,medium,3,204,4,False,False,0.87,0.82,False
support,medium,4,170,3,False,False,0.75,0.64,False
engineering,medium,4,139,3,False,False,0.67,0.83,False
engineering,medium,3,159,2,False,False,0.75,0.57,False
engineering,high,3,254,3,False,False,0.92,0.98,False
management,low,4,168,2,False,False,0.69,0.54,False
IT,medium,3,256,2,False,False,0.66,0.72,False
IT,medium,4,209,2,False,False,0.87,0.89,False
IT,medium,3,193,3,True,False,0.57,0.41,False
IT,medium,4,142,2,False,False,0.62,0.93,False
IT,low,3,274,3,False,False,0.9,0.9,False
product_management,low,4,276,2,False,False,0.59,0.38,False
product_management,low,4,155,3,True,False,0.88,0.52,False
product_management,low,3,220,2,True,False,0.72,0.99,False
product_management,low,2,271,2,False,False,0.74,0.69,False
IT,low,5,175,3,False,False,0.76,0.76,False
r&d,low,3,128,2,True,False,0.46,0.42,False
r&d,low,4,104,4,False,False,0.9,0.78,False
r&d,medium,3,173,6,False,False,0.46,0.37,False
r&d,medium,6,190,3,True,False,0.39,0.89,False
r&d,medium,5,167,3,False,False,0.49,0.93,False
r&d,medium,3,187,3,False,False,0.56,0.98,False
marketing,medium,3,259,3,False,False,0.56,0.65,False
sales,medium,3,138,5,False,False,0.61,0.3,False
accounting,medium,5,251,2,False,False,1.0,0.97,False
support,medium,5,189,2,False,False,0.49,0.84,False
engineering,medium,4,149,3,False,False,0.76,0.76,False
management,medium,4,246,3,False,False,0.74,0.5,False
marketing,medium,3,146,3,False,False,0.61,0.48,False
marketing,medium,4,204,4,False,False,0.63,0.56,False
marketing,medium,4,184,3,False,False,0.77,0.99,False
sales,medium,4,174,3,False,False,0.94,0.65,False
sales,medium,3,196,2,False,False,0.81,0.92,False
sales,medium,3,223,3,False,False,0.76,0.88,False
sales,medium,3,198,3,False,False,0.86,0.99,False
sales,medium,5,141,2,True,False,0.93,0.96,False
sales,medium,4,273,2,False,False,0.85,0.55,False
sales,medium,4,209,3,False,False,0.94,0.71,False
sales,medium,3,135,4,False,False,0.68,0.72,False
sales,medium,5,100,3,False,False,0.5,0.23,False
sales,medium,3,193,3,False,False,0.61,0.78,False
sales,medium,3,229,2,False,False,0.61,0.82,False
sales,medium,4,104,4,False,False,0.74,0.49,False
sales,high,4,201,2,False,False,0.82,0.96,False
sales,high,3,206,3,True,True,0.78,0.5,False
sales,high,5,141,3,False,True,0.57,0.98,False
sales,high,4,150,3,False,True,0.57,0.85,False
sales,high,3,166,3,False,True,0.75,0.72,False
sales,high,4,252,2,False,True,0.83,0.78,False
sales,high,2,106,2,False,True,0.43,0.62,False
accounting,high,5,171,6,True,True,0.38,0.64,False
accounting,high,4,232,3,False,True,0.5,0.24,False
accounting,high,5,172,2,False,True,0.78,0.84,False
hr,high,4,239,2,False,True,0.61,0.61,False
hr,high,4,222,3,False,True,0.71,0.79,False
hr,low,3,152,3,False,True,0.77,0.86,False
hr,low,3,198,3,True,True,0.54,0.7,False
engineering,low,5,143,4,False,True,0.76,0.53,False
engineering,low,3,157,4,False,True,0.88,0.58,False
engineering,low,5,268,2,False,False,0.55,0.45,False
engineering,low,4,183,3,False,False,0.87,0.86,False
engineering,low,4,238,2,False,False,0.81,0.95,False
engineering,low,4,214,2,False,False,0.84,0.51,False
engineering,low,6,244,3,False,False,0.41,0.35,False
engineering,low,3,221,3,False,False,0.57,0.99,False
engineering,low,4,200,2,True,False,0.49,0.73,False
engineering,low,2,226,3,False,False,0.48,0.44,False
engineering,low,4,121,5,True,False,0.74,0.43,False
support,low,5,249,2,False,False,0.77,0.81,False
support,low,3,204,3,False,False,0.83,0.77,False
support,medium,5,256,3,False,False,0.86,0.52,False
support,medium,2,211,2,False,False,0.92,0.21,False
support,medium,3,162,3,False,False,0.93,0.88,False
support,medium,5,235,2,False,False,0.8,0.48,False
support,medium,5,226,3,False,False,0.63,0.21,False
support,medium,4,242,3,False,False,0.53,0.81,False
support,medium,3,173,5,False,False,0.77,0.38,False
support,medium,5,167,2,False,False,0.77,0.67,False
support,medium,4,256,2,False,False,0.94,0.87,False
engineering,medium,2,229,6,False,False,0.41,0.85,False
engineering,medium,5,176,3,False,False,0.9,0.52,False
engineering,medium,3,133,4,False,False,0.95,0.9,False
management,high,5,203,3,False,False,0.56,0.85,False
IT,high,3,210,3,True,False,0.52,0.77,False
IT,high,4,198,2,False,False,0.97,0.61,False
IT,high,3,175,3,True,False,0.54,0.74,False
IT,high,5,245,3,False,False,0.85,0.56,False
IT,high,4,102,3,False,False,0.97,0.28,False
product_management,high,2,192,3,False,False,0.68,0.86,False
product_management,high,4,160,2,False,False,0.78,0.63,False
product_management,low,3,211,2,False,False,0.96,0.85,False
product_management,low,6,261,5,False,False,0.84,0.84,False
IT,low,4,191,3,False,False,0.6,0.98,False
r&d,low,5,225,4,False,False,0.78,0.51,False
r&d,low,4,157,2,False,False,0.85,0.71,False
r&d,low,3,248,4,False,False,0.69,0.88,False
r&d,low,2,159,6,True,False,0.81,0.16,False
r&d,low,4,254,2,True,False,0.86,0.98,False
r&d,medium,3,203,3,False,False,0.76,0.81,False
marketing,medium,2,126,5,False,False,0.79,0.17,False
sales,medium,6,212,4,False,False,0.65,0.22,False
accounting,medium,5,225,3,False,False,0.69,0.67,False
support,medium,5,193,2,False,False,0.83,0.72,False
engineering,medium,3,147,3,False,False,0.91,0.67,False
management,medium,2,156,2,False,False,0.55,0.47,False
marketing,medium,3,234,2,True,False,0.75,0.51,False
marketing,medium,5,246,3,False,False,0.71,0.88,False
marketing,medium,4,231,4,False,False,0.94,0.48,False
sales,medium,4,209,3,False,False,0.99,0.66,False
sales,medium,3,144,3,False,False,0.5,0.58,False
sales,medium,2,234,4,False,False,0.96,0.23,False
sales,medium,5,230,2,False,False,0.77,0.86,False
sales,medium,2,156,5,False,False,0.99,0.81,False
sales,medium,6,138,4,True,False,0.54,0.75,False
sales,medium,2,233,4,True,False,0.89,0.49,False
sales,medium,3,262,5,False,False,0.5,0.31,False
sales,medium,6,215,5,False,False,0.75,0.83,False
sales,medium,4,227,3,False,False,0.55,0.7,False
sales,medium,3,199,3,False,False,0.99,0.49,False
sales,medium,3,238,2,False,False,0.92,0.57,False
sales,medium,6,100,5,True,False,0.45,0.37,False
sales,high,3,179,2,True,False,0.75,0.69,False
sales,low,4,107,2,False,False,0.98,0.62,False
sales,medium,4,274,4,False,False,0.68,0.5,False
sales,medium,4,272,2,False,False,0.73,0.81,False
sales,medium,6,264,3,False,False,0.41,0.2,False
sales,medium,2,255,5,False,False,0.58,0.22,False
accounting,medium,5,215,2,True,False,0.79,0.63,False
accounting,medium,3,156,4,False,False,0.53,0.68,False
accounting,medium,3,146,2,True,False,0.49,0.52,False
hr,medium,6,217,6,False,False,0.52,0.22,False
hr,medium,3,206,4,False,False,0.82,0.51,False
hr,medium,4,239,3,False,False,0.92,0.66,False
hr,low,2,232,3,True,False,0.37,0.26,False
engineering,low,3,160,2,False,False,0.4,0.42,False
engineering,low,5,237,3,True,False,0.77,0.86,False
engineering,low,3,162,4,True,False,0.68,0.52,False
engineering,low,3,138,4,True,False,0.64,0.95,False
engineering,low,2,228,2,True,False,0.94,0.63,False
engineering,low,3,151,2,True,False,0.54,1.0,False
engineering,high,3,169,2,True,False,0.58,0.54,False
engineering,low,3,147,4,False,False,0.7,0.9,False
engineering,high,6,205,5,False,False,0.99,0.49,False
engineering,high,3,140,2,False,False,0.6,0.81,False
engineering,low,4,150,4,False,False,0.66,0.5,False
support,low,4,191,3,True,False,0.88,0.7,False
support,high,4,150,2,False,False,0.85,0.5,False
support,low,2,255,3,False,False,0.66,0.98,False
support,medium,3,230,3,False,False,0.51,0.86,False
support,high,3,202,5,False,False,0.77,0.93,False
support,medium,3,180,3,False,False,0.75,0.62,False
support,medium,3,179,3,False,False,0.57,0.64,False
support,medium,4,198,3,True,False,0.94,0.66,False
support,medium,4,267,2,False,False,0.86,0.65,False
support,high,3,166,2,False,False,0.84,0.89,False
support,medium,4,162,2,False,False,0.58,0.77,False
engineering,medium,4,128,4,False,False,0.36,0.4,False
engineering,medium,4,114,4,False,False,0.44,0.36,False
engineering,high,2,104,2,False,False,0.48,0.3,False
management,medium,4,139,3,True,False,0.64,0.9,False
IT,high,5,214,5,False,False,0.49,0.23,False
IT,low,2,175,5,False,False,0.79,0.24,False
IT,medium,4,175,2,False,False,0.92,0.98,False
IT,medium,2,186,2,False,False,0.48,0.49,False
IT,medium,3,139,4,False,False,0.48,0.23,False
product_management,medium,3,202,3,False,False,0.71,0.79,False
product_management,low,4,165,6,True,False,0.76,0.21,False
product_management,low,5,238,2,False,False,0.92,0.38,False
product_management,low,4,179,4,False,False,0.59,0.17,False
IT,low,5,239,2,True,False,0.69,0.56,False
r&d,low,5,195,2,True,False,0.7,0.97,False
r&d,low,6,206,6,False,False,0.78,0.22,False
r&d,low,3,194,3,False,False,0.88,0.84,False
r&d,low,5,105,5,True,False,0.63,0.64,False
r&d,low,5,256,3,False,False,0.69,0.78,False
marketing,low,6,110,4,True,False,0.4,0.23,False
sales,high,6,185,4,True,False,0.82,0.99,False
accounting,low,4,255,6,False,False,0.76,0.15,False
support,low,3,174,6,False,False,0.96,0.24,False
engineering,low,4,273,3,False,False,0.71,0.84,False
management,low,2,248,6,False,False,0.58,0.82,False
marketing,high,3,286,6,False,False,0.86,0.17,False
marketing,low,5,248,2,False,False,0.71,0.72,False
marketing,low,3,234,3,True,False,0.91,0.86,False
sales,low,3,162,3,False,False,0.55,0.75,False
sales,high,5,272,3,False,False,0.82,0.93,False
sales,low,3,260,3,True,False,0.52,0.75,False
sales,medium,3,151,3,False,False,0.55,0.45,False
sales,high,2,140,4,False,False,0.87,0.44,False
sales,medium,5,237,3,False,False,0.9,0.55,False
sales,high,5,252,2,False,False,0.56,0.78,False
sales,medium,4,178,3,False,False,0.52,0.5,False
sales,medium,4,268,3,False,False,0.66,0.96,False
sales,medium,5,244,4,False,False,0.53,0.72,False
sales,medium,3,225,3,False,False,0.55,0.77,False
sales,medium,5,223,3,False,False,0.94,0.89,False
sales,medium,4,149,6,False,False,0.79,0.58,False
sales,medium,5,190,3,False,False,0.96,0.75,False
sales,medium,4,167,3,False,False,0.8,0.77,False
sales,high,4,161,3,False,False,0.87,0.76,False
sales,low,4,218,2,False,False,0.76,0.87,False
sales,medium,3,212,3,False,False,0.74,0.95,False
sales,medium,3,150,3,False,False,0.54,0.73,False
accounting,medium,5,181,6,False,False,0.56,0.2,False
accounting,medium,3,120,6,True,False,0.43,0.55,False
accounting,medium,3,229,5,False,False,0.53,0.21,False
hr,medium,3,139,5,True,False,0.74,0.91,False
hr,medium,4,151,3,False,False,0.87,0.61,False
hr,medium,4,230,3,False,False,0.59,0.89,False
hr,medium,4,193,2,False,False,0.76,0.65,False
engineering,high,4,229,2,False,False,0.48,0.7,False
engineering,low,3,222,4,False,False,0.95,0.79,False
engineering,low,3,200,2,False,False,0.67,0.99,False
engineering,low,4,134,4,False,False,0.77,0.52,False
engineering,high,3,219,3,False,False,0.97,0.71,False
engineering,low,5,197,4,False,False,0.58,0.21,False
engineering,low,3,283,5,False,False,0.62,0.4,False
engineering,low,4,149,3,False,False,0.75,0.74,False
engineering,high,4,161,3,False,False,0.6,0.79,False
engineering,low,5,264,3,False,False,0.58,0.88,False
engineering,low,4,137,2,False,False,0.93,0.89,False
support,low,3,144,2,False,False,0.72,0.61,False
support,low,4,105,5,True,False,0.54,0.48,False
support,low,6,196,2,False,False,0.98,0.81,False
support,low,3,250,3,False,False,0.74,0.71,False
support,low,3,253,3,False,False,0.53,0.92,False
support,medium,4,199,4,False,False,0.71,0.99,False
support,medium,6,130,2,False,False,0.55,0.74,False
support,medium,3,257,4,False,False,0.94,1.0,False
support,medium,3,127,4,False,False,0.55,0.81,False
support,medium,2,153,2,False,False,0.7,0.59,False
support,medium,5,260,2,False,False,0.58,0.9,False
engineering,medium,4,247,2,False,False,0.9,0.98,False
engineering,medium,3,250,4,False,False,0.55,0.56,False
engineering,medium,4,136,4,False,False,0.89,0.86,False
management,medium,3,210,3,False,False,0.59,0.82,False
IT,medium,4,183,3,False,False,0.53,0.94,False
IT,medium,4,255,3,False,False,0.96,0.68,False
IT,high,5,109,2,False,False,0.69,0.81,False
IT,low,3,173,3,False,False,0.59,0.59,False
IT,medium,4,266,2,False,False,0.82,0.54,False
product_management,medium,5,257,2,False,False,0.87,0.77,False
product_management,medium,6,103,4,False,False,0.61,0.62,False
product_management,medium,5,105,6,False,False,0.57,0.58,False
product_management,low,3,269,2,False,False,0.84,0.63,False
IT,low,4,154,2,False,False,1.0,0.78,False
r&d,low,5,232,3,False,False,0.78,0.82,False
r&d,low,3,215,4,False,False,0.86,0.73,False
r&d,low,4,272,2,True,False,0.74,0.53,False
r&d,low,4,221,2,False,False,0.62,0.88,False
r&d,low,4,200,4,False,False,0.6,0.65,False
marketing,low,5,254,5,False,False,0.61,0.57,False
marketing,low,5,187,3,False,False,0.76,0.93,False
sales,low,2,192,2,False,False,0.64,0.83,False
accounting,low,5,232,4,False,False,0.45,0.73,False
support,low,4,221,3,True,False,0.67,0.78,False
engineering,low,3,233,5,True,False,0.62,0.9,False
management,low,3,166,3,True,False,0.66,0.59,False
marketing,low,2,173,3,False,False,0.89,0.67,False
marketing,low,4,184,2,False,False,0.51,0.59,False
marketing,low,4,257,3,True,False,0.54,0.53,False
sales,low,4,226,2,False,False,0.73,0.56,False
sales,low,3,221,3,False,False,0.89,0.72,False
sales,low,2,205,5,True,False,0.49,0.81,False
sales,low,3,158,3,False,False,0.68,0.54,False
sales,medium,3,199,3,False,False,0.87,0.91,False
sales,medium,3,192,3,False,False,0.96,0.51,False
sales,medium,4,190,5,False,False,0.39,0.59,False
sales,medium,5,222,3,False,False,0.86,0.64,False
sales,medium,5,225,3,False,False,0.68,0.95,False
sales,medium,3,274,2,False,False,0.69,0.75,False
sales,medium,3,197,2,False,False,0.38,0.44,False
sales,medium,4,176,3,False,False,0.6,0.55,False
sales,medium,3,226,2,False,False,0.81,0.6,False
sales,medium,5,186,2,False,False,0.58,0.84,False
sales,medium,3,226,3,False,False,0.65,0.49,False
sales,medium,4,209,3,False,False,0.71,0.75,False
sales,high,5,182,5,False,False,0.81,0.35,False
sales,low,3,232,3,False,False,0.78,0.68,False
sales,medium,2,286,3,False,False,0.53,0.52,False
accounting,medium,3,177,3,False,False,0.57,0.78,False
accounting,medium,6,268,4,True,False,0.92,0.44,False
accounting,medium,5,267,4,False,False,0.86,0.18,False
hr,low,4,211,4,False,False,0.52,0.37,False
hr,low,3,246,3,False,False,0.76,0.71,False
hr,low,5,220,3,False,False,0.83,0.55,False
hr,low,3,197,2,False,False,0.78,0.98,False
engineering,low,3,188,3,False,False,0.53,0.88,False
engineering,low,5,212,5,False,False,0.9,0.79,False
engineering,low,3,230,3,False,False,0.66,0.96,False
engineering,low,6,178,2,False,False,0.55,0.3,False
engineering,low,4,226,2,False,False,0.9,0.59,False
engineering,low,4,202,3,False,False,0.55,0.72,False
engineering,low,4,191,2,False,False,0.87,0.59,False
engineering,low,2,150,3,False,False,0.68,0.93,False
engineering,low,5,235,5,False,False,0.86,0.49,False
engineering,low,3,258,3,False,False,0.95,0.73,False
engineering,low,5,247,3,False,False,0.6,0.53,False
support,low,6,271,3,False,False,0.83,0.77,False
support,low,6,129,5,False,False,0.62,0.45,False
support,low,5,246,3,False,False,0.78,0.95,False
support,low,5,157,4,False,False,0.69,0.86,False
support,low,4,233,4,False,False,0.58,0.59,False
support,low,4,153,3,False,False,0.63,0.95,False
support,medium,4,142,2,True,False,0.92,0.7,False
support,medium,5,241,3,True,False,0.64,0.56,False
support,medium,3,186,2,False,False,0.92,0.5,False
support,medium,4,154,3,False,False,0.92,0.76,False
support,medium,5,263,3,False,False,0.77,0.85,False
engineering,medium,5,150,3,False,False,1.0,0.98,False
engineering,medium,2,277,2,False,False,0.4,0.65,False
engineering,medium,4,240,5,True,False,0.97,0.44,False
management,medium,3,222,2,False,False,0.97,0.55,False
IT,medium,4,140,5,True,False,0.8,0.16,False
IT,medium,6,213,2,False,False,0.9,0.16,False
IT,medium,4,272,4,True,False,1.0,0.75,False
IT,high,4,261,2,False,False,0.57,0.59,False
IT,low,3,236,2,False,False,0.87,0.48,False
product_management,medium,6,154,5,False,False,0.68,0.18,False
product_management,medium,3,271,2,False,False,0.72,0.8,False
product_management,medium,3,154,2,False,False,0.88,0.8,False
product_management,medium,4,207,4,False,False,0.52,0.15,False
IT,low,4,181,2,False,False,0.86,0.62,False
r&d,low,6,165,4,True,False,0.99,0.21,False
r&d,low,3,203,2,False,False,0.82,0.9,False
r&d,low,4,197,2,False,False,1.0,0.51,False
r&d,low,4,177,3,False,False,0.9,0.99,False
r&d,low,4,273,2,True,False,0.49,0.71,False
marketing,low,4,141,2,False,False,0.93,0.89,False
sales,low,4,158,3,False,False,0.67,0.74,False
accounting,low,3,243,2,False,False,0.85,0.84,False
support,low,3,188,3,False,False,0.64,0.4,False
engineering,low,4,216,2,False,False,0.71,1.0,False
management,low,5,286,3,False,False,0.51,0.48,False
marketing,low,3,262,2,False,False,0.6,0.99,False
marketing,low,5,173,3,False,False,0.81,0.73,False
marketing,low,3,247,4,False,False,0.91,0.84,False
sales,low,3,237,4,False,False,0.7,0.55,False
sales,low,5,119,2,False,False,0.99,0.44,False
sales,low,4,227,3,False,False,0.67,0.95,False
sales,low,4,195,3,False,False,0.65,0.76,False
sales,low,6,217,5,False,False,0.7,0.94,False
sales,low,4,267,3,False,False,0.5,0.85,False
sales,medium,3,154,2,False,False,0.62,0.57,False
sales,medium,5,161,2,False,False,0.49,0.67,False
sales,medium,3,179,3,True,False,0.67,0.7,False
sales,medium,4,214,3,True,False,0.55,0.67,False
sales,medium,3,167,3,False,False,0.84,0.72,False
sales,medium,6,203,3,False,False,0.53,0.71,False
sales,medium,4,231,3,False,False,0.8,0.51,False
sales,medium,4,263,2,True,False,0.65,0.98,False
sales,medium,2,227,4,False,False,0.83,0.52,False
sales,medium,4,235,4,False,False,0.9,0.21,False
sales,medium,6,127,3,True,False,0.93,0.43,False
sales,medium,4,158,3,True,False,0.62,0.91,False
sales,high,4,105,5,False,False,0.85,0.74,False
accounting,low,3,257,5,False,False,0.81,0.34,False
accounting,medium,4,260,2,False,False,0.46,0.28,False
accounting,medium,6,145,3,False,False,0.79,0.7,False
hr,medium,2,201,3,True,False,0.59,0.53,False
hr,medium,4,241,4,False,False,0.51,0.97,False
hr,low,3,214,2,False,False,0.59,0.96,False
hr,low,4,166,3,False,False,0.53,0.74,False
engineering,low,4,173,4,False,False,0.86,0.79,False
engineering,low,4,181,5,False,False,0.47,0.61,False
engineering,low,4,114,4,True,False,0.4,0.36,False
engineering,low,5,267,4,False,False,0.91,0.15,False
engineering,low,4,216,2,False,False,0.5,0.61,False
engineering,low,4,265,3,False,False,0.94,0.59,False
engineering,low,5,272,2,True,False,0.77,0.58,False
engineering,low,4,229,2,False,False,0.92,0.49,False
engineering,low,5,174,3,True,False,0.96,0.92,False
engineering,low,3,264,3,False,False,0.92,0.72,False
engineering,low,5,221,5,False,False,0.85,0.77,False
support,low,3,202,3,False,False,0.57,0.6,False
support,low,3,262,3,False,False,0.4,0.21,False
support,low,3,150,3,False,False,0.75,0.83,False
support,low,3,251,3,False,False,0.95,0.71,False
support,low,2,230,2,True,False,0.46,0.94,False
support,medium,3,185,2,False,False,0.99,0.59,False
support,medium,4,216,2,True,False,0.59,0.59,False
support,medium,3,181,3,True,False,0.68,0.99,False
support,medium,5,140,4,False,False,0.7,0.64,False
support,medium,4,160,3,False,False,0.5,0.54,False
support,medium,3,192,2,False,False,0.63,0.78,False
engineering,medium,6,257,4,False,False,0.79,0.7,False
engineering,medium,5,236,6,False,False,0.62,0.9,False
engineering,medium,6,160,5,False,False,0.74,0.14,False
management,medium,3,125,3,False,False,0.69,0.33,False
IT,medium,4,139,2,False,False,0.53,0.73,False
IT,medium,4,217,3,False,False,0.87,0.8,False
IT,high,6,246,5,False,False,0.91,0.17,False
IT,low,4,284,4,False,False,0.91,0.34,False
IT,medium,3,263,3,False,False,0.9,0.61,False
product_management,medium,4,241,6,False,False,0.95,0.18,False
product_management,medium,3,258,3,False,False,0.94,0.72,False
product_management,medium,4,136,3,False,False,0.79,0.32,False
product_management,low,2,223,3,True,False,0.81,0.85,False
IT,low,5,170,4,False,False,0.74,0.85,False
r&d,low,4,194,3,True,False,0.81,0.8,False
r&d,low,4,218,5,False,False,0.82,0.36,False
r&d,low,6,178,5,False,False,0.99,0.8,False
r&d,low,3,181,3,True,False,0.9,0.55,False
r&d,low,3,183,4,True,False,0.56,0.69,False
marketing,low,2,198,2,True,False,0.61,0.71,False
sales,low,3,203,3,False,False,0.56,0.74,False
accounting,low,5,204,3,False,False,0.89,0.76,False
support,low,3,257,3,False,False,0.62,0.81,False
engineering,low,4,169,2,False,False,1.0,0.59,False
management,low,4,203,2,False,False,0.69,0.97,False
marketing,low,4,260,2,True,False,0.74,0.98,False
marketing,low,5,202,2,False,False,0.87,0.96,False
marketing,low,4,199,2,False,False,0.63,0.82,False
sales,low,2,270,4,False,False,0.93,0.97,False
sales,low,5,258,2,False,False,0.51,0.74,False
sales,low,4,108,6,False,False,0.52,0.14,False
sales,low,3,232,3,False,False,0.67,0.3,False
sales,low,4,149,2,False,False,0.89,0.74,False
sales,medium,4,214,3,False,False,0.48,0.85,False
sales,medium,4,136,2,False,False,0.65,0.69,False
sales,medium,4,164,4,False,False,0.95,0.6,False
sales,medium,3,236,6,False,False,0.85,0.53,False
sales,medium,3,270,3,False,False,0.88,0.94,False
sales,medium,5,156,4,False,False,0.63,0.57,False
sales,medium,3,250,5,False,False,0.73,0.2,False
sales,medium,4,196,3,False,False,0.92,0.82,False
sales,medium,5,169,2,False,False,0.92,0.62,False
sales,medium,2,144,3,False,False,0.59,0.88,False
sales,medium,4,160,3,False,False,0.62,0.82,False
sales,medium,3,142,6,True,False,0.91,0.62,False
sales,high,5,165,2,False,False,0.48,0.74,False
sales,low,4,163,3,False,False,0.66,0.91,False
accounting,medium,3,263,3,False,False,0.96,0.7,False
accounting,medium,3,178,2,False,False,0.9,0.84,False
accounting,medium,3,109,3,False,False,0.57,0.35,False
hr,medium,4,206,5,False,False,0.83,0.28,False
hr,low,3,168,3,False,False,0.37,0.37,False
hr,low,4,155,2,True,False,0.5,0.75,False
hr,low,4,154,2,False,False,0.6,0.34,False
engineering,low,4,179,3,False,False,0.5,0.55,False
engineering,low,3,168,3,False,False,0.92,0.97,False
engineering,low,3,158,3,False,False,0.57,0.91,False
engineering,low,3,180,2,True,False,0.63,0.48,False
engineering,low,4,227,3,False,False,0.71,0.53,False
engineering,low,3,139,2,False,False,0.67,0.84,False
engineering,low,3,120,3,False,False,0.69,0.31,False
engineering,low,4,255,4,True,False,0.62,0.81,False
engineering,low,5,273,2,False,False,0.95,0.78,False
engineering,low,3,272,3,False,False,0.68,0.64,False
engineering,low,4,231,6,False,False,0.77,0.41,False
support,low,5,281,3,True,False,0.81,0.74,False
support,low,3,208,3,False,False,0.86,0.89,False
support,low,4,215,4,True,False,0.43,0.26,False
support,low,5,111,5,False,False,0.39,0.72,False
support,low,2,168,3,False,False,0.74,0.84,False
support,low,2,144,4,False,False,0.8,0.52,False
support,low,3,266,3,True,False,0.95,0.65,False
support,medium,3,169,2,True,False,0.56,0.66,False
support,medium,4,162,2,False,False,0.63,0.86,False
support,medium,3,243,3,False,False,0.9,0.91,False
support,medium,3,186,3,True,False,0.6,0.84,False
engineering,medium,4,231,4,False,False,0.57,0.87,False
engineering,medium,4,167,3,False,False,0.54,0.57,False
engineering,medium,3,139,3,False,False,0.5,0.68,False
management,medium,5,182,3,True,False,0.59,1.0,False
IT,medium,4,261,2,False,False,0.74,0.86,False
IT,medium,4,248,3,False,False,0.99,0.7,False
IT,medium,2,164,4,False,False,0.7,0.28,False
IT,medium,3,230,3,False,False,0.9,0.84,False
IT,high,3,226,2,False,False,0.92,0.68,False
product_management,low,2,98,3,False,False,0.6,0.45,False
product_management,medium,5,117,3,False,False,0.74,0.37,False
product_management,medium,4,200,2,False,False,0.84,0.98,False
product_management,medium,3,206,3,True,False,0.57,0.67,False
IT,medium,4,142,3,False,False,0.83,0.74,False
r&d,low,2,174,3,False,False,0.46,0.48,False
r&d,low,5,284,6,False,False,0.63,0.22,False
r&d,low,5,163,6,False,False,0.79,0.14,False
r&d,low,5,189,2,False,False,0.92,0.93,False
r&d,low,4,189,4,False,False,0.54,0.83,False
marketing,low,3,256,3,False,False,0.79,0.94,False
sales,low,3,215,2,False,False,0.98,0.7,False
accounting,low,4,221,2,True,False,0.86,0.74,False
support,medium,4,263,3,False,False,0.85,0.83,False
engineering,medium,3,208,3,False,False,0.61,0.97,False
management,medium,3,216,4,False,False,0.71,0.61,False
marketing,medium,2,242,2,False,False,0.71,0.77,False
marketing,medium,2,135,6,False,False,0.73,0.66,False
marketing,medium,3,190,3,False,False,0.99,0.92,False
sales,medium,3,108,2,True,False,0.55,0.62,False
sales,medium,6,195,2,False,False,0.67,0.15,False
sales,medium,3,160,4,False,False,0.68,0.82,False
sales,medium,5,273,2,False,False,0.48,0.7,False
sales,medium,2,177,6,False,False,0.39,0.18,False
sales,medium,3,163,2,False,False,0.59,0.99,False
sales,medium,4,106,2,False,False,0.9,0.22,False
sales,medium,5,236,2,False,False,0.83,0.61,False
sales,medium,3,132,2,False,False,0.91,0.78,False
sales,medium,3,253,2,False,False,0.61,0.84,False
sales,medium,4,151,4,False,False,0.74,0.87,False
sales,medium,4,266,3,False,False,0.9,0.73,False
sales,medium,3,141,2,True,False,0.86,0.7,False
sales,medium,5,217,3,False,False,0.71,0.98,False
sales,medium,3,258,3,False,False,0.49,0.85,False
sales,medium,5,275,2,False,False,0.83,0.56,False
sales,medium,4,210,2,False,False,0.62,0.48,False
sales,medium,3,243,3,False,False,0.7,0.65,False
sales,medium,3,234,3,True,False,0.59,0.84,False
accounting,high,4,274,3,False,False,0.73,0.17,False
accounting,high,4,261,2,False,False,0.61,0.84,False
accounting,high,3,158,3,True,False,0.59,0.96,False
hr,high,5,251,2,False,False,0.96,0.62,False
hr,high,3,158,3,False,False,0.7,0.57,False
hr,high,3,246,3,False,False,0.87,0.98,False
hr,high,4,227,3,False,False,0.99,0.72,False
engineering,high,4,169,5,False,False,0.46,0.43,False
engineering,high,5,187,4,False,False,0.57,0.68,False
engineering,high,4,238,3,False,False,0.86,0.69,False
engineering,high,4,139,3,False,False,0.66,0.91,False
engineering,high,2,284,3,False,False,0.37,0.42,False
engineering,low,4,255,5,True,False,0.99,0.8,False
engineering,low,5,230,2,False,False,0.57,0.79,False
engineering,low,3,272,3,False,False,0.94,1.0,False
engineering,low,4,155,3,False,False,0.75,0.63,False
engineering,low,6,163,6,False,False,0.51,0.61,False
engineering,low,4,260,3,False,False,0.98,0.78,False
support,low,5,223,3,True,False,0.96,0.72,False
support,low,4,247,2,True,False,0.51,0.64,False
support,low,3,126,5,False,False,0.86,0.79,False
support,low,3,147,2,False,False,0.55,0.64,False
support,low,4,259,3,False,False,0.88,0.82,False
support,low,4,196,2,False,False,0.86,0.51,False
support,low,6,227,2,False,False,0.51,0.18,False
support,low,5,161,3,True,False,0.58,0.67,False
support,low,3,213,2,False,False,0.85,0.65,False
support,medium,4,183,2,False,False,0.8,0.7,False
support,medium,3,194,2,True,False,0.59,0.59,False
engineering,medium,3,237,3,False,False,0.76,0.56,False
engineering,medium,5,273,4,False,False,0.94,0.17,False
engineering,medium,2,166,3,False,False,0.89,0.8,False
management,medium,5,169,4,False,False,0.62,0.91,False
IT,medium,3,154,3,True,False,0.54,0.51,False
IT,medium,3,201,6,True,False,0.59,0.76,False
IT,medium,3,178,2,False,False,0.59,0.82,False
IT,medium,3,161,3,False,False,0.66,0.44,False
IT,medium,4,269,3,False,False,0.48,0.5,False
product_management,medium,3,203,3,True,False,0.49,0.54,False
product_management,high,4,271,2,True,False,0.63,0.56,False
product_management,high,6,181,4,False,False,0.66,0.77,False
product_management,high,4,135,2,False,False,0.38,0.39,False
IT,high,3,275,2,False,False,0.62,0.52,False
r&d,high,3,252,2,False,False,0.91,0.63,False
r&d,high,2,129,2,False,False,0.46,0.49,False
r&d,high,4,230,4,False,False,0.47,0.2,False
r&d,high,3,287,5,False,False,0.94,0.21,False
r&d,low,5,156,2,False,False,0.98,0.85,False
marketing,low,2,279,3,True,False,0.82,0.54,False
sales,low,5,156,4,False,False,0.88,0.23,False
accounting,low,3,168,2,False,False,0.96,0.65,False
support,low,6,259,3,True,False,0.85,0.19,False
engineering,low,4,188,3,False,False,0.58,0.76,False
management,low,4,149,3,False,False,0.8,0.83,False
marketing,low,3,157,4,False,False,0.47,0.97,False
marketing,medium,3,201,4,False,False,1.0,0.67,False
marketing,medium,3,185,3,False,False,0.62,0.53,False
sales,medium,2,160,3,True,False,0.71,0.34,False
sales,medium,5,251,3,False,False,0.48,0.58,False
sales,medium,5,145,3,True,False,0.68,0.96,False
sales,medium,3,269,3,True,False,0.76,0.72,False
sales,medium,3,213,2,False,False,0.62,0.58,False
sales,medium,6,276,6,False,False,0.67,0.39,False
sales,medium,5,232,3,False,False,0.57,0.24,False
sales,medium,4,184,3,False,False,0.73,0.64,False
sales,medium,3,260,3,False,False,0.55,0.98,False
sales,medium,3,214,2,False,False,0.99,0.64,False
sales,medium,2,194,2,False,False,0.41,0.56,False
sales,medium,5,181,2,False,False,0.74,0.53,False
sales,medium,4,215,3,False,False,0.57,0.62,False
sales,medium,3,194,4,False,False,0.69,0.85,False
sales,medium,4,190,3,False,False,0.85,0.76,False
sales,medium,3,260,4,False,False,0.5,0.69,False
sales,medium,2,171,3,False,False,0.67,0.35,False
sales,medium,2,193,4,False,False,0.47,0.54,False
sales,medium,3,252,3,False,False,0.49,0.63,False
accounting,medium,5,171,2,False,False,0.58,0.58,False
accounting,medium,3,185,4,False,False,0.93,0.7,False
accounting,high,4,152,4,False,False,0.51,0.48,False
hr,low,4,183,2,False,False,0.92,0.59,False
hr,medium,4,145,2,False,False,0.8,0.96,False
hr,medium,3,190,4,False,False,0.77,0.99,False
hr,medium,4,214,5,False,False,0.59,0.73,False
engineering,medium,2,139,2,False,False,0.73,0.7,False
engineering,medium,5,236,4,False,False,0.88,0.85,False
engineering,medium,3,156,3,True,False,0.61,0.66,False
engineering,medium,2,221,2,False,False,0.97,0.94,False
engineering,medium,6,278,2,False,False,0.64,0.54,False
engineering,medium,4,129,2,False,False,0.47,0.78,False
engineering,medium,3,213,4,False,False,0.85,0.64,False
engineering,low,3,146,3,False,False,0.56,0.68,False
engineering,low,4,159,3,False,False,0.84,0.92,False
engineering,low,3,198,2,False,False,0.73,0.72,False
engineering,low,6,251,4,False,False,0.74,0.78,False
support,low,2,124,3,False,False,0.54,0.35,False
support,low,5,223,2,False,False,0.77,0.97,False
support,low,3,163,2,False,False,0.65,0.57,False
support,high,4,242,3,False,False,0.66,0.9,False
support,low,4,97,2,False,False,0.61,0.31,False
support,high,4,267,6,False,False,0.5,0.17,False
support,high,5,199,4,True,False,0.4,0.8,False
support,low,3,107,5,False,False,0.76,0.19,False
support,low,5,144,3,True,False,0.65,0.57,False
support,high,3,213,3,False,False,0.96,0.22,False
support,low,5,284,4,False,False,0.9,0.15,False
engineering,medium,5,259,3,False,False,0.67,0.62,False
engineering,high,3,103,2,False,False,0.41,0.61,False
engineering,medium,5,236,3,False,False,0.81,0.87,False
management,medium,4,199,2,False,False,0.75,0.54,False
IT,medium,3,201,2,False,False,0.54,0.71,False
IT,medium,3,123,4,False,False,0.67,0.66,False
IT,high,4,143,5,False,False,0.68,0.7,False
IT,medium,5,159,2,False,False,0.5,0.53,False
IT,medium,5,203,3,False,False,0.54,0.92,False
product_management,medium,4,168,2,False,False,0.73,0.93,False
product_management,high,5,180,4,False,False,0.7,0.62,False
product_management,medium,5,142,3,False,False,0.53,0.65,False
product_management,high,4,266,2,True,False,0.98,0.87,False
IT,low,5,265,2,False,False,0.89,0.97,False
r&d,medium,5,257,3,False,False,0.77,0.76,False
r&d,medium,4,234,4,False,False,0.55,0.96,False
r&d,medium,3,223,3,False,False,0.8,1.0,False
r&d,medium,5,261,4,False,False,0.85,0.99,False
r&d,low,4,197,2,False,False,0.84,0.67,False
marketing,low,4,171,2,False,False,0.52,0.61,False
sales,low,3,228,2,False,False,0.92,0.62,False
accounting,low,3,141,3,False,False,0.79,0.62,False
support,low,3,147,3,True,False,0.76,0.97,False
engineering,low,5,237,3,False,False,0.56,0.86,False
management,low,3,199,2,False,False,0.44,0.15,False
marketing,low,4,144,5,False,False,0.95,0.14,False
marketing,low,4,146,3,False,False,0.98,0.7,False
marketing,low,4,139,3,False,False,0.7,0.95,False
sales,high,4,169,2,False,False,0.86,0.63,False
sales,low,4,169,2,False,False,0.75,0.45,False
sales,low,3,268,3,False,False,0.6,0.9,False
sales,low,4,194,4,False,False,0.87,0.15,False
sales,low,3,249,3,False,False,0.86,0.75,False
sales,high,4,122,2,False,False,0.52,0.14,False
sales,low,5,176,4,False,False,0.94,0.5,False
sales,low,4,168,2,False,False,0.45,0.45,False
sales,low,3,260,2,False,False,0.92,0.86,False
sales,high,3,179,3,False,False,0.62,0.52,False
sales,low,5,200,3,False,False,0.48,0.79,False
sales,medium,4,165,3,False,False,0.56,0.47,False
sales,high,4,144,2,False,False,0.64,0.76,False
sales,medium,4,186,2,False,False,0.72,0.52,False
sales,high,4,156,4,False,False,0.54,0.84,False
sales,medium,4,162,2,False,False,0.7,0.5,False
sales,medium,3,269,2,False,False,0.63,0.52,False
sales,medium,3,127,4,False,False,0.37,0.76,False
sales,medium,2,267,3,False,False,0.58,0.59,False
accounting,medium,4,196,2,False,False,0.79,0.65,False
accounting,medium,3,144,2,False,False,0.83,0.68,False
accounting,medium,2,247,4,False,False,0.72,0.52,False
hr,medium,5,258,3,False,False,0.5,0.92,False
hr,high,4,219,2,False,False,0.84,0.53,False
hr,low,2,208,2,False,False,0.95,0.5,False
hr,medium,4,184,3,False,False,0.77,0.98,False
engineering,medium,5,178,2,False,False,0.6,0.85,False
engineering,medium,4,194,3,False,False,0.83,0.49,False
engineering,medium,4,245,4,False,False,0.73,0.52,False
engineering,medium,3,193,3,False,False,0.77,0.96,False
engineering,medium,3,254,3,False,False,0.85,0.86,False
engineering,medium,3,281,2,False,False,0.59,0.35,False
engineering,medium,5,229,2,False,False,0.97,0.99,False
engineering,medium,4,112,2,False,False,0.92,0.52,False
engineering,high,4,243,3,False,False,0.91,0.75,False
engineering,low,3,151,3,False,False,0.66,0.67,False
engineering,low,4,216,4,False,False,0.37,0.49,False
support,low,3,110,3,False,False,0.62,0.51,False
support,high,3,142,2,False,False,0.6,0.65,False
support,low,4,251,2,True,False,0.8,0.73,False
support,low,6,276,6,False,False,0.75,0.46,False
support,low,4,159,2,True,False,0.82,0.94,False
support,high,4,257,4,False,False,0.69,0.53,False
support,low,5,154,2,False,False,0.79,0.6,False
support,low,5,146,3,False,False,0.97,0.63,False
support,low,4,204,2,False,False,0.77,0.75,False
support,low,4,156,3,False,False,0.53,0.69,False
support,low,4,170,4,False,False,0.5,0.81,False
engineering,low,3,239,3,False,False,0.84,0.74,False
engineering,low,4,145,3,False,False,0.55,0.72,False
engineering,medium,4,193,4,False,False,0.39,0.27,False
management,medium,2,178,3,False,False,0.74,0.86,False
IT,medium,3,260,3,False,False,0.59,0.5,False
IT,medium,3,198,4,False,False,0.5,0.82,False
IT,medium,4,249,5,False,False,0.51,0.73,False
IT,medium,4,202,3,False,False,0.72,0.7,False
IT,medium,4,143,3,False,False,0.72,0.9,False
product_management,medium,2,178,4,True,False,0.95,0.72,False
product_management,medium,3,151,4,True,False,0.85,0.63,False
product_management,medium,4,134,3,False,False,0.99,0.84,False
product_management,medium,5,221,3,True,False,0.92,0.98,False
IT,medium,6,165,4,False,False,0.48,0.41,False
r&d,high,4,255,2,False,False,0.58,0.72,False
r&d,low,3,140,2,True,False,0.89,0.87,False
r&d,medium,5,141,2,False,False,0.71,0.63,False
r&d,medium,4,99,6,False,False,0.96,0.6,False
r&d,medium,5,197,3,False,False,0.79,0.58,False
marketing,medium,3,240,3,False,False,0.52,0.64,False
sales,low,3,216,3,True,False,0.62,0.74,False
accounting,low,5,206,4,False,False,0.7,0.93,False
support,low,4,257,3,False,False,0.75,0.74,False
engineering,low,4,160,3,False,False,0.6,0.98,False
management,low,5,138,3,True,False,0.82,0.87,False
marketing,low,3,216,3,False,False,0.99,0.76,False
marketing,low,6,281,3,False,False,0.91,0.15,False
marketing,low,6,238,6,True,False,0.57,0.18,False
sales,low,3,199,4,False,False,0.67,1.0,False
sales,low,3,135,3,False,False,0.63,0.98,False
sales,low,3,165,2,False,False,0.97,0.73,False
sales,low,3,180,3,False,False,0.72,0.67,False
sales,low,3,227,3,False,False,0.74,0.9,False
sales,low,3,251,2,False,False,0.53,0.54,False
sales,low,5,229,4,False,False,0.39,0.15,False
sales,low,4,199,2,False,False,0.54,0.58,False
sales,low,4,271,2,False,False,0.51,0.81,False
sales,low,5,221,3,False,False,0.51,0.17,False
sales,low,4,251,3,False,False,0.73,0.68,False
sales,low,4,153,4,False,False,0.49,0.68,False
sales,low,4,241,3,False,False,0.93,0.7,False
sales,medium,4,201,4,False,False,0.68,0.49,False
sales,medium,4,267,3,False,False,0.96,0.55,False
sales,medium,3,146,2,True,False,0.84,0.48,False
sales,medium,4,210,3,False,False,0.98,0.63,False
sales,medium,4,233,2,False,False,0.69,0.83,False
sales,medium,3,221,2,False,False,0.87,0.48,False
accounting,medium,5,183,3,True,False,0.96,0.98,False
accounting,medium,4,221,3,False,False,0.72,0.57,False
accounting,medium,3,167,3,False,False,0.66,0.72,False
hr,medium,4,240,3,False,False,0.8,0.9,False
hr,medium,3,200,2,True,False,0.59,0.64,False
hr,medium,2,144,2,False,False,0.98,0.55,False
hr,high,5,209,2,True,False,0.59,0.56,False
engineering,low,3,206,2,False,False,0.55,0.8,False
engineering,medium,3,111,5,False,False,0.76,0.65,False
engineering,medium,3,241,3,False,False,0.78,0.75,False
engineering,medium,3,207,3,False,False,0.79,0.69,False
engineering,medium,3,197,3,False,False,0.76,0.91,False
engineering,low,5,200,2,False,False,0.63,0.78,False
engineering,low,4,242,4,False,False,0.68,0.71,False
engineering,low,4,180,3,False,False,0.96,0.79,False
engineering,low,4,173,3,False,False,0.72,0.86,False
engineering,low,3,224,3,False,False,0.82,0.87,False
engineering,low,2,183,2,False,False,0.99,0.76,False
support,low,4,226,5,False,False,0.8,0.76,False
support,low,3,257,3,False,False,0.66,0.74,False
support,low,3,165,4,False,False,0.81,0.56,False
support,low,3,142,2,False,False,0.91,0.54,False
support,low,4,258,4,False,False,0.79,0.84,False
support,low,5,193,2,False,False,0.69,0.55,False
support,low,3,176,2,False,False,0.51,0.69,False
support,low,4,188,3,False,False,0.88,0.79,False
support,low,3,275,5,False,False,0.38,0.21,False
support,low,3,132,3,False,False,0.58,0.57,False
support,low,3,246,4,False,False,0.95,0.89,False
engineering,low,3,181,4,False,False,0.98,0.72,False
engineering,low,5,266,3,False,False,0.58,0.56,False
engineering,low,4,151,2,False,False,0.68,0.84,False
management,low,3,257,4,True,False,0.76,0.94,False
IT,medium,6,183,4,False,False,0.88,0.29,False
IT,medium,3,124,5,False,False,0.93,0.54,False
IT,medium,4,153,2,True,False,0.73,0.93,False
IT,medium,4,199,2,False,False,0.68,0.8,False
IT,medium,5,142,4,False,False,0.73,1.0,False
product_management,medium,4,159,3,False,False,0.56,0.89,False
product_management,medium,6,211,4,True,False,0.78,0.6,False
product_management,medium,5,136,3,False,False,0.94,0.49,False
product_management,medium,4,153,2,False,False,0.75,0.65,False
IT,medium,5,263,2,True,False,0.71,0.6,False
r&d,medium,3,168,3,True,False,1.0,0.51,False
r&d,medium,4,234,3,True,False,0.89,0.74,False
r&d,high,4,154,5,False,False,0.42,0.57,False
r&d,low,5,173,2,False,False,0.84,0.82,False
r&d,medium,5,206,6,False,False,0.63,0.19,False
marketing,medium,4,208,2,False,False,0.64,0.5,False
sales,medium,4,178,3,True,False,0.68,0.91,False
accounting,medium,4,198,6,False,False,0.86,0.19,False
support,low,4,220,3,False,False,0.84,0.94,False
engineering,low,4,226,2,False,False,0.67,0.88,False
management,low,4,231,5,False,False,0.87,0.9,False
marketing,low,2,206,2,False,False,0.96,0.49,False
marketing,low,4,179,4,False,False,0.55,0.99,False
marketing,low,4,200,2,False,False,0.81,0.72,False
sales,low,5,202,6,False,False,0.69,0.66,False
sales,low,4,237,3,False,False,0.51,0.96,False
sales,low,4,270,3,False,False,0.69,0.49,False
sales,low,3,168,2,True,False,0.49,0.73,False
sales,low,5,132,4,False,False,0.98,0.48,False
sales,low,3,162,2,False,False,0.78,0.57,False
sales,low,3,269,3,False,False,0.82,0.63,False
sales,low,5,254,5,True,False,0.87,0.46,False
sales,low,3,261,2,False,False,0.5,0.64,False
sales,low,4,148,3,False,False,0.73,0.56,False
sales,low,5,228,4,False,False,0.75,0.97,False
sales,low,3,138,3,False,False,0.68,0.69,False
sales,low,4,200,3,False,False,0.97,0.23,False
sales,low,4,258,4,True,False,0.48,0.77,False
sales,low,4,266,3,False,False,0.57,0.76,False
sales,medium,3,204,2,False,False,0.66,0.98,False
sales,medium,3,236,3,False,False,0.77,0.92,False
sales,medium,4,149,3,True,False,0.67,0.63,False
sales,medium,5,240,3,False,False,0.69,0.91,False
accounting,medium,3,115,3,False,False,0.67,0.4,False
accounting,medium,4,267,3,True,False,0.62,0.82,False
accounting,medium,4,149,3,False,False,0.88,0.81,False
hr,medium,3,224,3,False,False,0.69,0.61,False
hr,medium,2,158,2,False,False,0.57,0.3,False
hr,medium,2,107,3,False,False,0.72,0.59,False
hr,medium,3,217,5,False,False,0.56,0.2,False
engineering,medium,2,212,2,False,False,0.56,0.75,False
engineering,high,3,270,3,False,False,0.79,0.59,False
engineering,low,4,243,2,False,False,0.53,0.63,False
engineering,medium,5,162,4,True,False,0.68,0.77,False
engineering,medium,5,232,2,False,False,0.6,0.82,False
engineering,medium,5,187,4,False,False,0.85,0.6,False
engineering,medium,3,259,2,False,False,0.72,0.83,False
engineering,low,4,209,2,False,False,0.6,0.67,False
engineering,low,5,97,6,False,False,0.56,0.84,False
engineering,low,5,139,4,False,False,0.79,0.68,False
engineering,low,4,258,3,True,False,0.92,0.74,False
support,low,3,208,2,True,False,0.64,0.63,False
support,low,2,233,3,False,False,0.9,0.88,False
support,low,3,168,4,False,False,0.81,1.0,False
support,low,4,252,2,True,False,0.87,0.7,False
support,low,5,171,4,False,False,0.71,0.5,False
support,low,5,219,3,False,False,0.66,0.94,False
support,low,3,213,4,False,False,0.54,0.67,False
support,low,5,199,4,False,False,0.88,0.8,False
support,low,4,245,2,False,False,0.88,0.7,False
support,low,4,273,5,False,False,0.73,0.24,False
support,low,4,202,3,False,False,1.0,0.98,False
engineering,low,4,240,3,False,False,0.65,0.76,False
engineering,low,4,155,4,False,False,0.5,0.78,False
engineering,low,3,209,2,False,False,0.91,0.42,False
management,medium,4,210,3,False,False,0.64,0.83,False
IT,medium,4,266,6,False,False,0.81,0.98,False
IT,medium,2,226,2,False,False,0.81,0.64,False
IT,medium,4,133,2,False,False,0.75,0.67,False
IT,medium,3,99,4,False,False,0.39,0.26,False
IT,medium,3,237,3,False,False,0.64,0.97,False
product_management,medium,4,230,3,False,False,0.6,0.48,False
product_management,medium,4,149,2,False,False,0.55,0.84,False
product_management,medium,4,206,4,False,False,0.74,0.71,False
product_management,medium,3,185,3,False,False,0.84,1.0,False
IT,medium,5,269,2,False,False,0.76,0.6,False
r&d,medium,6,233,5,False,False,0.37,0.95,False
r&d,high,3,162,2,False,False,0.56,0.56,False
r&d,low,2,173,3,True,False,0.49,0.75,False
r&d,medium,6,253,4,False,False,0.53,0.98,False
r&d,medium,5,134,3,False,False,0.72,0.7,False
marketing,medium,4,133,3,False,False,0.92,0.65,False
sales,medium,5,143,2,False,False,0.81,0.8,False
accounting,low,3,264,4,False,False,0.78,0.49,False
support,low,3,180,6,False,False,0.73,0.32,False
engineering,low,3,235,2,True,False,0.54,0.88,False
management,low,4,232,2,False,False,0.97,0.8,False
marketing,low,4,181,4,False,False,0.74,0.73,False
marketing,low,3,198,2,False,False,0.58,0.72,False
marketing,low,5,211,3,True,False,0.78,0.58,False
sales,low,4,216,3,False,False,0.96,0.66,False
sales,low,3,197,3,True,False,0.79,0.63,False
sales,low,2,214,2,False,False,0.56,0.69,False
sales,low,3,185,3,False,False,0.59,0.49,False
sales,low,3,173,2,False,False,0.45,0.6,False
sales,low,4,229,4,False,False,0.63,0.5,False
sales,low,4,116,3,True,False,0.81,0.34,False
sales,low,5,223,3,False,False,0.6,0.79,False
sales,low,4,154,3,False,False,0.68,0.98,False
sales,low,5,240,2,False,False,0.97,0.96,False
sales,low,3,139,2,False,False,0.89,0.88,False
sales,low,2,275,2,False,False,0.61,0.6,False
sales,low,3,158,3,True,False,0.73,0.62,False
sales,low,3,204,4,True,False,0.72,0.4,False
sales,medium,5,121,2,False,False,0.82,0.16,False
sales,medium,5,243,6,False,False,0.98,0.81,False
sales,medium,4,195,2,False,False,0.69,0.69,False
sales,medium,5,149,3,False,False,0.51,0.66,False
sales,medium,5,214,2,False,False,0.62,0.66,False
accounting,medium,4,266,3,False,False,0.53,0.61,False
accounting,medium,5,222,2,False,False,0.77,0.99,False
accounting,medium,3,283,6,False,False,0.54,0.73,False
hr,medium,2,161,5,False,False,0.72,0.63,False
hr,medium,3,157,4,False,False,0.91,0.6,False
hr,medium,3,126,2,False,False,0.44,0.44,False
hr,medium,3,131,6,False,False,0.95,0.64,False
engineering,high,4,139,2,False,False,0.81,0.91,False
engineering,low,4,230,3,False,False,0.59,0.55,False
engineering,medium,4,240,2,True,False,0.73,0.7,False
engineering,medium,3,134,3,False,False,0.59,0.37,False
engineering,medium,6,196,3,False,False,0.56,0.16,False
engineering,medium,5,240,4,False,False,0.97,0.69,False
engineering,low,2,233,5,True,False,0.47,0.96,False
engineering,low,5,267,3,False,False,0.91,0.62,False
engineering,low,2,211,3,False,False,0.45,0.94,False
engineering,low,3,260,3,False,False,0.83,0.67,False
engineering,low,3,113,3,False,False,0.57,0.89,False
support,low,5,267,3,False,False,0.63,0.6,False
support,low,5,196,3,False,False,0.62,0.89,False
support,low,3,232,2,False,False,0.89,0.6,False
support,low,2,156,3,True,False,0.95,0.93,False
support,low,4,159,5,False,False,0.78,0.38,False
support,low,3,223,3,True,False,0.57,0.62,False
support,low,4,197,3,True,False,0.86,0.86,False
support,low,2,192,2,True,False,0.62,0.61,False
support,low,4,192,3,False,False,0.64,0.77,False
support,low,4,174,3,False,False,0.73,0.85,False
support,low,4,191,3,False,False,0.62,0.94,False
engineering,low,4,270,2,False,False,0.59,0.59,False
engineering,low,3,139,3,False,False,0.92,0.9,False
engineering,low,4,243,2,False,False,0.65,0.86,False
management,low,3,238,2,False,False,0.7,0.72,False
IT,low,5,189,2,True,False,0.52,0.84,False
IT,medium,4,189,3,False,False,0.5,0.64,False
IT,medium,4,206,3,False,False,0.75,0.81,False
IT,medium,5,254,2,False,False,0.7,0.66,False
IT,medium,3,253,6,False,False,0.55,0.75,False
product_management,medium,3,243,2,False,False,0.67,0.54,False
product_management,medium,3,224,2,False,False,0.76,0.98,False
product_management,medium,4,139,2,False,False,0.85,0.8,False
product_management,medium,5,270,3,False,False,0.7,0.68,False
IT,medium,3,257,2,False,False,0.57,0.54,False
r&d,medium,4,170,2,False,False,0.84,0.88,False
r&d,medium,3,222,3,False,False,0.62,0.71,False
r&d,medium,2,247,2,True,False,0.58,0.77,False
r&d,high,4,201,3,False,False,0.6,0.6,False
r&d,low,4,263,5,False,False,0.75,0.53,False
marketing,medium,3,168,2,True,False,0.5,0.85,False
sales,medium,4,190,2,False,False,0.75,0.59,False
accounting,medium,4,140,5,False,False,0.77,0.23,False
support,medium,3,224,3,False,False,0.6,0.7,False
engineering,low,5,145,3,False,False,0.49,0.92,False
management,low,4,285,3,False,False,0.37,0.95,False
marketing,low,3,154,3,False,False,0.43,0.39,False
marketing,low,4,200,2,False,False,0.8,0.85,False
marketing,low,3,255,2,True,False,0.7,0.98,False
sales,low,6,204,6,True,False,0.48,0.15,False
sales,low,3,270,4,True,False,0.54,0.68,False
sales,low,5,177,5,False,False,0.91,0.24,False
sales,medium,4,140,3,False,False,0.59,0.77,False
sales,medium,3,165,3,False,False,0.69,0.36,False
sales,medium,3,187,4,True,False,0.89,0.5,False
sales,medium,4,166,4,True,False,0.98,0.2,False
sales,medium,5,141,2,False,False,0.56,0.86,False
sales,medium,4,135,2,False,False,0.63,0.84,False
sales,medium,5,148,4,False,False,0.98,0.9,False
sales,medium,3,120,6,False,False,0.51,0.4,False
sales,medium,3,141,3,False,False,0.62,0.63,False
sales,medium,3,222,4,False,False,0.95,0.73,False
sales,medium,2,136,6,False,False,0.67,0.25,False
sales,medium,3,180,2,False,False,0.57,0.7,False
sales,medium,3,187,3,True,False,0.97,0.6,False
sales,medium,3,202,3,False,False,0.66,0.99,False
sales,medium,3,251,4,False,False,0.86,0.29,False
sales,medium,4,259,2,False,False,0.63,0.53,False
accounting,medium,3,262,2,False,False,0.76,0.83,False
accounting,medium,5,251,4,False,False,0.92,0.18,False
accounting,medium,4,117,5,False,False,0.74,0.14,False
hr,medium,4,155,2,False,False,0.66,0.5,False
hr,medium,3,197,6,False,False,0.89,0.36,False
hr,medium,3,139,2,False,False,0.56,0.34,False
hr,medium,4,175,2,False,False,0.75,0.51,False
engineering,medium,5,137,3,True,False,0.52,0.5,False
engineering,medium,3,228,4,False,False,0.93,0.69,False
engineering,high,2,232,4,False,False,0.51,0.52,False
engineering,high,2,143,3,False,False,0.5,0.32,False
engineering,high,3,190,5,False,False,0.99,0.88,False
engineering,high,3,196,3,True,False,0.87,0.6,False
engineering,high,3,213,3,False,False,0.8,0.72,False
engineering,high,3,200,3,False,False,0.9,0.65,False
engineering,high,5,166,2,False,False,0.78,0.82,False
engineering,high,5,258,3,False,False,0.92,0.67,False
engineering,high,5,104,4,False,False,0.87,0.44,False
support,high,5,173,2,False,False,0.85,0.52,False
support,high,2,176,3,False,False,0.51,0.54,False
support,high,5,181,3,False,False,0.76,0.67,False
support,low,6,143,5,True,False,0.64,0.16,False
support,low,4,186,3,False,False,0.73,0.81,False
support,low,3,136,3,False,False,0.85,0.77,False
support,low,4,219,2,False,False,0.99,0.84,False
support,low,5,229,4,True,False,0.56,0.56,False
support,low,5,239,3,False,False,0.97,0.67,False
support,low,4,182,2,False,False,0.7,0.65,False
support,low,2,132,3,False,False,0.57,0.39,False
engineering,low,3,272,3,False,False,0.75,0.77,False
engineering,low,5,167,3,True,False,0.96,0.41,False
engineering,low,3,180,2,False,False,0.67,0.59,False
management,low,6,100,5,False,False,0.72,0.14,False
IT,low,4,134,2,False,False,0.82,0.6,False
IT,low,6,221,5,False,False,0.98,0.14,False
IT,low,3,166,2,False,False,0.8,0.88,False
IT,medium,4,214,2,False,False,0.91,0.6,False
IT,medium,4,227,3,True,False,0.49,1.0,False
product_management,medium,4,207,3,False,False,0.98,0.56,False
product_management,medium,3,286,6,False,False,0.54,0.72,False
product_management,medium,3,240,3,True,False,0.83,0.59,False
product_management,medium,4,111,4,True,False,0.75,0.74,False
IT,medium,4,164,2,False,False,0.69,0.52,False
r&d,medium,2,187,6,False,False,0.74,0.77,False
r&d,medium,4,248,2,False,False,0.81,0.48,False
r&d,medium,5,210,2,False,False,0.56,0.99,False
r&d,medium,4,163,6,False,False,0.78,0.23,False
r&d,medium,5,241,4,False,False,1.0,0.63,False
marketing,high,3,136,3,False,False,0.83,0.51,False
sales,high,4,208,5,False,False,0.55,0.54,False
accounting,high,5,174,3,False,False,0.73,0.53,False
support,high,4,250,3,False,False,0.84,0.72,False
engineering,high,2,189,2,True,False,0.61,0.57,False
management,high,3,204,3,False,False,0.77,0.81,False
marketing,high,4,217,3,False,False,0.57,0.64,False
marketing,high,5,162,3,False,False,0.57,0.77,False
marketing,low,3,257,2,False,False,0.55,0.83,False
sales,low,3,195,2,False,False,0.71,0.6,False
sales,low,5,156,4,False,False,0.87,0.86,False
sales,low,2,128,3,False,False,0.55,0.5,False
sales,low,5,233,3,True,False,0.75,0.6,False
sales,low,4,260,4,False,False,0.73,0.85,False
sales,low,5,250,4,False,False,0.87,0.4,False
sales,low,5,176,3,False,False,0.79,0.38,False
sales,medium,6,133,5,False,False,0.59,0.96,False
sales,medium,4,197,2,False,False,0.57,0.59,False
sales,medium,3,156,3,True,False,0.5,0.56,False
sales,medium,3,162,3,False,False,0.96,0.84,False
sales,medium,3,207,2,False,False,0.99,0.94,False
sales,medium,3,223,2,True,False,0.63,0.72,False
sales,medium,3,149,2,False,False,0.7,0.82,False
sales,medium,3,275,3,True,False,0.95,1.0,False
sales,medium,3,271,2,False,False,0.77,0.62,False
sales,medium,3,273,2,True,False,0.89,0.76,False
sales,medium,5,219,4,False,False,0.74,0.23,False
sales,medium,5,135,4,False,False,0.99,0.7,False
accounting,medium,3,158,3,False,False,0.88,0.71,False
accounting,medium,3,167,3,False,False,0.37,0.32,False
accounting,medium,4,274,4,False,False,0.67,0.69,False
hr,medium,3,145,3,False,False,0.59,0.66,False
hr,medium,6,233,6,False,False,0.67,0.7,False
hr,medium,3,159,3,False,False,0.76,0.91,False
hr,medium,4,221,5,False,False,0.7,0.2,False
engineering,medium,3,132,2,False,False,0.83,0.72,False
engineering,medium,5,140,3,False,False,0.93,0.74,False
engineering,medium,3,206,3,False,False,0.79,0.53,False
engineering,medium,4,229,2,False,False,0.92,0.99,False
engineering,high,4,272,4,False,False,0.85,0.75,False
engineering,low,4,164,2,False,False,0.78,0.86,False
engineering,medium,4,145,3,False,False,0.86,0.93,False
engineering,medium,3,212,3,False,False,0.95,0.81,False
engineering,medium,3,254,2,True,False,0.67,0.49,False
engineering,medium,5,260,4,False,False,0.72,0.97,False
engineering,medium,3,201,3,False,False,0.89,0.62,False
support,medium,4,176,4,True,False,0.79,0.75,False
support,medium,3,140,3,True,False,0.58,0.87,False
support,medium,5,201,3,False,False,0.65,0.93,False
support,medium,3,206,2,True,False,0.68,0.74,False
support,medium,3,197,3,True,False,0.57,0.68,False
support,low,3,245,4,False,False,0.63,0.49,False
support,low,3,145,3,True,False,0.84,0.75,False
support,low,4,131,5,False,False,0.58,0.95,False
support,low,5,235,3,True,False,0.75,0.95,False
support,low,5,242,3,False,False,0.65,0.67,False
support,low,2,251,3,False,False,0.6,0.71,False
engineering,low,4,258,2,False,False,0.73,0.81,False
engineering,high,3,114,3,False,False,0.36,0.79,False
engineering,low,3,143,2,False,False,0.52,0.57,False
management,high,3,187,2,False,False,0.65,0.85,False
IT,high,5,255,3,False,False,0.78,0.15,False
IT,low,3,267,2,False,False,0.87,0.48,False
IT,low,4,247,3,False,False,0.91,0.92,False
IT,high,4,153,3,False,False,0.67,0.73,False
IT,low,3,237,3,False,False,0.71,0.68,False
product_management,medium,5,182,3,False,False,0.55,0.88,False
product_management,high,4,144,5,True,False,0.55,0.8,False
product_management,medium,3,176,2,True,False,0.9,0.66,False
product_management,medium,5,203,6,False,False,0.8,0.19,False
IT,medium,3,148,4,False,False,0.53,0.3,False
r&d,medium,3,175,2,False,False,0.8,0.8,False
r&d,high,3,211,4,False,False,0.84,0.66,False
r&d,medium,6,175,5,False,False,0.67,0.22,False
r&d,medium,4,206,3,False,False,0.59,0.57,False
r&d,medium,4,262,2,False,False,0.73,0.83,False
marketing,high,4,177,2,False,False,0.5,0.57,False
sales,medium,3,134,3,False,False,0.54,0.78,False
accounting,high,2,201,3,False,False,0.89,0.88,False
support,low,3,105,3,False,False,0.69,0.48,False
engineering,medium,4,259,3,False,False,0.82,0.91,False
management,medium,3,171,4,True,False,0.97,0.3,False
marketing,medium,4,228,3,False,False,0.98,0.63,False
marketing,medium,2,137,4,True,False,0.36,0.62,False
marketing,low,5,196,3,False,False,0.72,0.74,False
sales,low,3,207,4,False,False,0.53,0.5,False
sales,low,6,280,3,False,False,0.74,0.36,False
sales,low,4,162,3,True,False,0.65,0.57,False
sales,low,4,267,3,False,False,0.55,0.73,False
sales,low,5,207,2,False,False,0.67,0.77,False
sales,low,4,196,2,False,False,0.5,0.86,False
sales,low,6,231,4,False,False,0.55,0.24,False
sales,low,4,242,3,False,False,0.62,0.83,False
sales,low,4,207,3,False,False,0.63,0.72,False
sales,high,4,206,2,True,False,0.82,0.52,False
sales,low,4,236,4,False,False,0.54,0.99,False
sales,low,5,246,2,False,False,0.68,0.15,False
sales,low,3,204,2,True,False,0.94,0.79,False
sales,low,3,268,4,False,False,0.91,0.19,False
sales,high,3,212,2,True,False,0.62,0.59,False
sales,low,6,178,3,False,False,0.74,0.15,False
sales,low,5,260,3,False,False,0.72,0.75,False
sales,low,2,241,4,False,False,0.71,0.47,False
sales,high,3,234,3,True,False,0.64,0.64,False
accounting,low,3,207,2,False,False,0.76,0.66,False
accounting,medium,5,242,3,True,False,0.91,0.8,False
accounting,high,5,225,2,False,False,0.52,0.82,False
hr,medium,3,161,3,False,False,0.98,0.8,False
hr,high,4,259,2,False,False,0.98,0.98,False
hr,medium,3,250,3,False,False,0.96,0.95,False
hr,medium,3,236,3,False,False,0.61,0.88,False
engineering,medium,4,239,4,False,False,0.97,0.9,False
engineering,medium,4,266,3,True,False,0.83,0.66,False
engineering,medium,5,133,3,False,False,0.62,0.99,False
engineering,medium,5,275,2,False,False,0.95,0.86,False
engineering,medium,5,189,2,False,False,0.95,0.96,False
engineering,medium,5,171,3,False,False,0.63,1.0,False
engineering,high,6,140,3,False,False,0.38,0.46,False
engineering,low,6,116,3,False,False,0.85,0.19,False
engineering,medium,3,145,6,True,False,0.6,0.73,False
engineering,medium,4,167,3,True,False,0.5,0.63,False
engineering,medium,4,227,3,False,False,0.89,0.68,False
support,medium,4,245,3,False,False,0.96,0.78,False
support,medium,4,132,3,False,False,0.56,0.79,False
support,medium,3,254,2,False,False,0.99,0.86,False
support,medium,4,166,2,False,False,0.53,0.98,False
support,medium,2,208,3,True,False,0.79,0.89,False
support,medium,3,197,4,True,False,0.87,0.86,False
support,high,4,263,3,True,False,0.83,0.65,False
support,low,4,272,2,False,False,0.98,0.52,False
support,low,3,147,3,True,False,0.65,0.54,False
support,low,4,197,3,False,False,0.73,0.68,False
support,high,3,268,2,False,False,0.65,0.88,False
engineering,low,4,181,3,False,False,0.85,0.75,False
engineering,low,6,192,4,False,False,0.93,0.17,False
engineering,low,5,270,3,False,False,0.83,0.92,False
management,high,3,183,3,False,False,0.66,0.79,False
IT,low,5,184,3,False,False,0.66,0.52,False
IT,low,4,238,3,True,False,0.73,0.95,False
IT,low,4,148,2,False,False,0.49,0.72,False
IT,low,4,127,3,False,False,0.41,0.4,False
IT,low,3,162,2,True,False,0.59,0.61,False
product_management,low,4,166,5,False,False,0.97,0.49,False
product_management,low,4,283,4,False,False,0.55,0.32,False
product_management,medium,3,108,6,False,False,0.77,0.82,False
product_management,medium,3,154,2,False,False,0.79,0.9,False
IT,medium,3,139,2,False,False,0.74,0.95,False
r&d,medium,5,271,3,True,False,0.6,0.55,False
r&d,medium,4,153,3,False,False,0.78,0.91,False
r&d,medium,3,216,6,True,False,0.41,0.45,False
r&d,medium,3,218,4,False,False,0.6,0.65,False
r&d,medium,3,171,2,False,False,0.89,0.88,False
marketing,medium,3,238,3,False,False,0.76,0.78,False
marketing,medium,3,134,3,False,False,0.71,0.77,False
sales,medium,3,255,4,False,False,0.75,0.32,False
accounting,medium,4,140,6,False,False,0.38,0.98,False
support,high,2,239,3,False,False,0.76,0.51,False
engineering,low,4,187,2,False,False,0.59,0.81,False
management,medium,5,279,5,False,False,0.9,0.64,False
marketing,medium,4,213,3,True,False,0.94,0.73,False
marketing,medium,5,202,2,False,False,0.56,0.49,False
marketing,medium,3,265,2,False,False,0.54,0.84,False
sales,low,4,249,3,False,False,0.86,0.81,False
sales,low,4,281,2,False,False,0.5,0.77,False
sales,low,3,208,5,False,False,0.83,0.24,False
sales,low,3,165,2,False,False,0.78,0.77,False
sales,low,3,146,5,False,False,0.88,0.13,False
sales,low,4,230,2,False,False,0.66,0.94,False
sales,low,3,209,2,False,False,0.82,0.61,False
sales,low,4,178,2,False,False,0.49,0.95,False
sales,low,6,220,4,True,False,0.92,0.22,False
sales,low,3,142,3,False,False,0.56,0.65,False
sales,low,3,153,2,False,False,0.67,0.95,False
sales,low,5,254,5,True,False,0.62,0.98,False
sales,low,3,193,4,False,False,0.72,0.88,False
sales,low,3,248,3,False,False,0.69,0.94,False
sales,low,4,216,2,False,False,0.75,0.62,False
sales,low,3,226,3,False,False,0.96,0.81,False
sales,low,4,140,2,False,False,0.51,0.56,False
sales,low,6,103,4,False,False,0.86,0.52,False
sales,low,4,185,2,False,False,0.57,0.88,False
accounting,low,5,160,3,False,False,0.92,0.56,False
accounting,low,3,130,5,False,False,0.63,0.36,False
accounting,medium,5,230,3,False,False,0.85,0.56,False
hr,medium,4,248,5,True,False,0.46,0.89,False
hr,medium,3,189,2,True,False,0.42,0.95,False
hr,medium,3,280,2,False,False,0.52,0.48,False
hr,medium,4,266,3,False,False,0.75,0.75,False
engineering,medium,4,260,3,False,False,0.54,0.65,False
engineering,medium,2,264,5,False,False,0.86,0.4,False
engineering,medium,5,182,2,False,False,0.53,0.52,False
engineering,medium,4,233,2,False,False,0.68,0.52,False
engineering,medium,3,230,3,False,False,0.49,0.68,False
engineering,medium,5,170,3,False,False,0.61,0.72,False
engineering,medium,4,258,3,False,False,0.72,0.78,False
engineering,high,3,164,3,False,False,0.9,0.54,False
engineering,low,4,249,4,False,False,0.46,0.18,False
engineering,medium,2,235,2,False,False,0.5,0.51,False
engineering,medium,6,206,6,False,False,0.86,0.63,False
support,medium,4,139,3,False,False,0.86,0.83,False
support,medium,3,145,3,True,False,0.82,0.91,False
support,low,4,139,4,False,False,0.66,0.79,False
support,low,3,171,3,True,False,0.95,0.52,False
support,low,3,160,3,False,False,0.94,0.83,False
support,low,3,137,2,False,False,0.74,0.92,False
support,low,4,254,4,False,False,0.72,0.14,False
support,low,3,215,6,False,False,0.38,0.8,False
support,low,3,216,4,False,False,0.72,0.79,False
support,low,3,229,2,True,False,0.6,0.86,False
support,low,6,215,4,False,False,0.47,0.95,False
engineering,low,4,163,3,False,False,0.9,0.77,False
engineering,low,4,273,3,False,False,0.72,0.55,False
engineering,low,2,176,3,False,False,0.91,0.42,False
management,low,5,270,2,False,False,0.86,0.79,False
IT,low,3,182,2,False,False,0.48,0.41,False
IT,low,4,223,4,False,False,0.72,0.66,False
IT,low,4,237,3,False,False,0.65,1.0,False
IT,low,5,248,2,False,False,0.74,0.87,False
IT,low,3,233,4,False,False,0.99,0.51,False
product_management,low,2,206,5,False,False,0.79,0.63,False
product_management,low,4,227,2,False,False,0.86,0.86,False
product_management,low,4,154,3,False,False,0.98,0.4,False
product_management,medium,6,113,2,True,False,0.97,0.79,False
IT,medium,4,254,3,False,False,0.9,0.7,False
r&d,medium,5,231,3,False,False,0.91,0.49,False
r&d,medium,4,190,3,False,False,0.62,0.76,False
r&d,medium,3,190,3,False,False,0.52,0.89,False
r&d,medium,3,179,2,False,False,0.86,0.83,False
r&d,medium,4,269,6,False,False,0.69,0.19,False
r&d,medium,3,228,2,False,False,0.67,0.68,False
marketing,medium,4,251,4,False,False,0.68,0.62,False
sales,medium,2,251,3,False,False,0.49,0.87,False
accounting,medium,4,200,4,False,False,0.75,0.66,False
support,medium,2,146,2,False,False,0.41,0.37,False
engineering,high,3,159,4,True,False,0.49,0.57,False
management,low,5,135,2,False,False,0.81,0.66,False
marketing,medium,5,260,3,False,False,0.88,0.63,False
marketing,medium,5,226,2,True,False,0.96,0.65,False
marketing,medium,2,127,3,False,False,0.85,0.33,False
sales,medium,6,278,3,False,False,0.57,0.66,False
sales,low,3,242,5,False,False,0.95,0.87,False
sales,low,3,182,3,False,False,0.85,0.85,False
sales,low,2,182,3,False,False,0.51,0.49,False
sales,low,4,197,3,False,False,0.8,0.87,False
sales,low,4,286,5,True,False,0.49,0.17,False
sales,low,4,226,5,False,False,0.46,0.55,False
sales,low,5,156,3,False,False,0.71,0.91,False
sales,low,5,185,3,False,False,0.62,0.96,False
sales,low,3,231,3,False,False,0.5,0.53,False
sales,low,4,166,5,False,False,0.59,0.25,False
sales,low,3,229,3,False,False,0.57,0.98,False
sales,low,4,242,3,False,False,0.36,0.83,False
sales,low,5,206,3,False,False,0.83,0.71,False
sales,low,4,206,3,False,False,0.77,0.74,False
sales,low,4,135,2,False,False,0.7,0.56,False
sales,low,5,234,3,True,False,0.9,0.23,False
sales,low,4,147,2,False,False,0.64,0.35,False
sales,low,4,174,3,False,False,0.98,0.48,False
accounting,low,3,259,3,True,False,0.74,0.83,False
accounting,low,3,227,4,False,False,0.87,0.73,False
accounting,low,4,104,5,False,False,0.97,0.85,False
hr,medium,3,247,3,False,False,0.95,0.8,False
hr,medium,4,139,3,False,False,0.74,0.98,False
hr,medium,3,186,2,False,False,0.85,0.96,False
hr,medium,3,194,3,False,False,0.75,0.67,False
engineering,medium,3,124,2,False,False,0.91,0.58,False
engineering,medium,3,273,3,False,False,0.86,0.83,False
engineering,medium,4,186,4,False,False,0.57,0.9,False
engineering,medium,4,252,3,False,False,0.66,0.89,False
engineering,medium,3,154,3,False,False,0.92,0.99,False
engineering,medium,4,238,3,False,False,0.5,0.89,False
engineering,medium,4,151,3,True,False,0.5,0.79,False
engineering,medium,3,231,6,False,False,0.41,0.64,False
engineering,high,5,174,6,False,False,0.57,0.22,False
engineering,low,5,278,2,False,False,0.6,0.94,False
engineering,medium,3,270,3,True,False,0.97,0.56,False
support,medium,4,158,3,False,False,0.8,0.85,False
support,medium,3,191,3,False,False,0.62,0.8,False
support,medium,3,163,3,False,False,0.53,0.86,False
support,low,5,152,4,False,False,1.0,0.96,False
support,low,4,251,2,True,False,0.61,0.51,False
support,low,3,149,2,False,False,0.95,0.73,False
support,low,4,220,3,False,False,0.75,0.31,False
support,low,4,175,3,False,False,0.51,0.62,False
support,low,3,179,3,True,False,0.91,0.55,False
support,low,4,257,2,False,False,0.8,0.51,False
support,low,3,196,3,False,False,0.54,0.54,False
engineering,low,3,190,3,False,False,0.95,0.65,False
engineering,low,4,270,2,False,False,0.75,0.65,False
engineering,low,5,226,2,False,False,0.64,0.9,False
management,low,3,211,2,False,False,0.71,0.55,False
IT,low,3,192,2,False,False,0.89,0.59,False
IT,low,5,96,2,True,False,0.67,0.34,False
IT,low,5,197,5,False,False,0.92,0.31,False
IT,low,3,243,2,True,False,0.71,0.83,False
IT,low,3,168,2,False,False,0.73,0.8,False
product_management,low,5,271,4,False,False,0.85,0.66,False
product_management,medium,5,158,4,True,False,0.39,0.98,False
product_management,medium,4,243,5,False,False,0.52,0.89,False
product_management,medium,3,148,2,False,False,0.94,0.64,False
IT,medium,3,165,3,False,False,0.68,0.95,False
r&d,medium,5,171,2,False,False,0.85,0.96,False
r&d,medium,5,164,2,False,False,0.82,0.96,False
r&d,medium,4,265,2,False,False,0.81,0.63,False
r&d,medium,4,196,2,False,False,0.71,0.83,False
r&d,medium,4,182,2,True,False,0.72,0.61,False
r&d,medium,3,272,3,False,False,0.66,0.89,False
marketing,medium,3,241,3,False,False,0.63,0.67,False
sales,medium,5,139,2,False,False,1.0,0.61,False
accounting,high,3,180,2,False,False,0.77,0.58,False
support,low,4,206,2,True,False,0.76,0.56,False
engineering,medium,6,227,4,False,False,0.49,0.13,False
management,medium,5,204,5,True,False,1.0,0.39,False
marketing,medium,4,218,3,False,False,0.48,0.94,False
marketing,medium,3,205,2,False,False,0.61,0.63,False
marketing,low,4,261,3,True,False,0.63,0.75,False
sales,low,3,159,3,False,False,0.83,0.7,False
sales,low,4,162,3,False,False,0.83,0.28,False
sales,low,4,98,2,False,False,0.42,0.77,False
sales,low,4,263,2,False,False,0.64,0.79,False
sales,low,3,176,3,False,False,0.46,0.51,False
sales,low,4,233,3,False,False,0.99,0.96,False
sales,low,4,156,2,True,False,0.99,0.72,False
sales,low,3,198,2,False,False,1.0,0.97,False
sales,low,4,191,3,False,False,0.9,0.55,False
sales,low,2,188,3,False,False,0.45,0.32,False
sales,low,3,157,2,False,False,0.65,0.78,False
sales,low,5,286,3,False,False,0.57,0.17,False
sales,low,4,216,2,False,False,0.5,0.88,False
sales,low,3,188,3,True,False,0.5,0.97,False
sales,low,5,153,2,False,False,0.86,0.74,False
sales,low,5,187,2,False,False,0.45,0.26,False
sales,low,4,141,3,False,False,0.92,0.87,False
sales,low,5,139,4,False,False,0.47,0.29,False
sales,low,3,189,2,False,False,0.95,0.91,False
accounting,low,3,193,3,True,False,0.77,0.71,False
accounting,medium,3,182,3,False,False,0.63,0.6,False
accounting,medium,4,135,3,False,False,0.61,0.5,False
hr,medium,4,238,2,False,False,0.85,0.49,False
hr,medium,3,199,2,False,False,0.92,0.53,False
hr,medium,2,115,3,False,False,0.38,0.42,False
hr,medium,3,133,3,False,False,0.82,0.53,False
engineering,medium,4,158,2,False,False,0.62,0.34,False
engineering,medium,5,158,3,False,False,0.51,0.68,False
engineering,medium,5,238,4,False,False,0.77,0.56,False
engineering,medium,3,242,2,False,False,0.71,0.72,False
engineering,medium,4,250,3,False,False,0.55,0.76,False
engineering,medium,4,175,2,False,False,0.57,0.87,False
engineering,high,3,270,4,True,False,0.63,0.97,False
engineering,low,3,171,3,False,False,0.62,0.8,False
engineering,medium,5,175,6,True,False,0.81,0.67,False
engineering,medium,5,145,2,False,False,0.97,0.6,False
engineering,medium,3,170,3,False,False,0.5,0.88,False
support,medium,3,267,2,False,False,0.74,0.64,False
support,low,3,188,2,False,False,0.7,0.85,False
support,low,3,213,3,False,False,0.48,0.9,False
support,low,5,249,3,False,False,0.84,0.76,False
support,low,3,134,3,False,False,0.66,0.55,False
support,low,5,234,3,False,False,0.77,0.76,False
support,low,3,201,3,False,False,0.72,0.87,False
support,low,3,178,3,False,False,0.82,0.8,False
support,low,4,183,2,False,False,0.68,0.54,False
support,low,4,207,3,False,False,0.91,0.84,False
support,low,4,147,3,False,False,0.64,0.85,False
engineering,low,3,188,3,False,False,0.49,0.95,False
engineering,low,3,229,3,False,False,0.56,0.48,False
engineering,low,2,271,2,False,False,0.77,0.53,False
management,low,4,175,2,False,False,0.82,0.8,False
IT,low,2,109,3,False,False,0.46,0.4,False
IT,low,4,253,3,False,False,0.69,0.76,False
IT,low,3,174,4,False,False,0.64,0.99,False
IT,low,3,142,4,False,False,0.64,0.49,False
IT,low,3,175,3,False,False,0.71,0.94,False
product_management,low,4,266,3,False,False,0.73,0.54,False
product_management,low,4,253,5,True,False,0.93,0.13,False
product_management,medium,3,237,2,False,False,0.84,0.91,False
product_management,medium,3,215,3,False,False,0.56,0.73,False
IT,medium,3,171,3,False,False,0.97,0.65,False
r&d,medium,6,194,4,True,False,0.51,0.23,False
r&d,medium,5,238,6,False,False,0.88,0.23,False
r&d,medium,3,249,3,False,False,0.51,0.89,False
r&d,medium,3,183,2,True,False,0.8,0.81,False
r&d,medium,3,271,4,False,False,0.74,0.51,False
r&d,medium,6,256,3,False,False,0.81,0.35,False
marketing,medium,3,169,3,False,False,0.66,0.49,False
sales,medium,3,254,2,False,False,0.8,0.51,False
accounting,medium,4,112,6,False,False,0.86,0.66,False
support,high,5,222,2,False,False,0.96,0.74,False
engineering,low,4,177,2,False,False,0.96,0.57,False
management,medium,5,181,4,True,False,0.74,0.8,False
marketing,medium,4,144,2,True,False,0.84,0.79,False
marketing,medium,4,255,4,False,False,0.94,0.74,False
marketing,medium,3,219,2,False,False,0.8,0.74,False
sales,low,6,206,2,False,False,1.0,0.4,False
sales,low,2,155,3,False,False,0.71,0.14,False
sales,low,5,248,3,False,False,0.87,0.83,False
sales,low,4,259,2,False,False,0.52,0.76,False
sales,low,3,271,4,False,False,0.8,0.8,False
sales,low,2,103,3,False,False,0.38,0.95,False
sales,low,4,159,4,True,False,0.76,0.88,False
sales,low,4,184,3,False,False,0.85,0.92,False
sales,medium,4,201,6,False,False,0.88,0.16,False
sales,medium,3,157,4,False,False,0.63,0.7,False
sales,medium,3,287,5,False,False,0.93,0.71,False
sales,medium,2,242,3,False,False,0.82,0.52,False
sales,medium,5,246,3,True,False,0.58,0.49,False
sales,medium,3,219,3,False,False,0.57,0.5,False
sales,medium,3,212,3,False,False,0.94,0.86,False
sales,medium,5,262,2,True,False,0.99,0.49,False
sales,medium,4,128,3,True,False,0.91,0.69,False
sales,medium,3,231,6,False,False,1.0,0.96,False
sales,medium,3,260,2,False,False,0.54,0.87,False
accounting,medium,3,160,3,False,False,0.4,0.36,False
accounting,medium,3,166,3,True,False,1.0,0.86,False
accounting,medium,4,222,2,False,False,0.74,0.79,False
hr,medium,4,171,4,False,False,0.52,1.0,False
hr,medium,3,220,4,False,False,0.88,0.88,False
hr,medium,4,176,3,True,False,0.65,0.49,False
hr,medium,3,160,2,False,False,0.62,0.52,False
engineering,medium,3,162,3,False,False,0.78,0.76,False
engineering,medium,3,167,2,False,False,0.91,0.69,False
engineering,medium,5,217,2,False,False,0.81,0.69,False
engineering,medium,3,159,3,False,False,0.58,0.75,False
engineering,medium,4,191,3,False,False,0.47,0.47,False
engineering,medium,3,125,3,False,False,1.0,0.88,False
engineering,medium,5,210,4,True,False,0.43,0.49,False
engineering,high,4,241,3,False,False,0.67,0.92,False
engineering,high,4,145,3,True,False,0.48,0.24,False
engineering,high,5,237,3,False,False,1.0,0.69,False
engineering,high,4,213,4,False,False,0.57,0.81,False
support,high,4,257,2,False,False,0.48,0.61,False
support,high,6,114,4,False,False,0.86,0.75,False
support,high,4,214,2,False,False,0.86,0.69,False
support,high,3,191,3,False,False,0.49,0.53,False
support,high,4,223,3,True,False,0.96,0.93,False
support,high,5,249,5,False,False,0.67,0.15,False
support,high,5,286,3,False,False,0.41,0.48,False
support,high,4,251,3,False,False,0.73,0.67,False
support,low,3,162,5,False,False,0.93,0.36,False
support,low,3,138,4,False,False,0.54,0.35,False
support,low,4,235,3,False,False,0.62,0.65,False
engineering,low,4,125,3,False,False,0.5,0.8,False
engineering,low,5,210,6,True,False,0.96,0.97,False
engineering,low,4,136,3,False,False,0.64,0.67,False
management,low,3,223,3,False,False,0.78,0.58,False
IT,low,3,188,5,False,False,0.67,0.61,False
IT,low,4,214,2,True,False,0.66,0.97,False
IT,low,4,160,3,False,False,0.97,0.87,False
IT,low,4,200,2,False,False,0.71,0.8,False
IT,low,3,223,3,False,False,0.55,0.91,False
product_management,low,3,272,2,False,False,0.73,0.63,False
product_management,low,4,170,2,False,False,0.96,0.79,False
product_management,low,2,235,3,True,False,0.57,0.89,False
product_management,medium,3,274,3,False,False,0.87,1.0,False
IT,medium,5,203,2,False,False,0.73,0.6,False
r&d,medium,4,236,2,False,False,0.8,0.7,False
r&d,medium,4,203,3,False,False,0.81,0.79,False
r&d,medium,4,249,3,True,False,0.72,0.88,False
r&d,medium,4,133,2,False,False,0.48,0.87,False
r&d,medium,3,203,2,False,False,0.58,0.52,False
r&d,medium,3,168,3,False,False,0.75,0.59,False
marketing,medium,4,172,4,False,False,0.75,0.64,False
sales,medium,3,177,2,False,False,0.83,0.81,False
accounting,medium,3,149,2,False,False,0.57,0.87,False
support,medium,3,231,2,False,False,0.61,0.74,False
engineering,high,3,226,3,True,False,0.89,0.73,False
management,high,4,187,4,True,False,0.58,0.97,False
marketing,high,3,145,2,False,False,0.81,0.54,False
marketing,high,4,138,2,False,False,0.55,0.59,False
marketing,high,3,153,4,False,False,0.95,0.99,False
sales,high,4,168,3,False,False,0.75,0.79,False
sales,high,3,111,2,False,False,0.37,0.96,False
sales,high,3,154,2,False,False,0.67,0.54,False
sales,low,4,171,3,False,False,0.84,0.79,False
sales,low,3,253,2,False,False,0.79,0.64,False
sales,low,4,160,3,False,False,0.53,0.65,False
sales,low,3,196,4,False,False,0.86,0.87,False
sales,low,4,178,3,False,False,0.59,0.7,False
sales,low,3,268,3,False,False,0.81,0.89,False
sales,low,6,146,3,False,False,0.58,0.61,False
sales,low,4,185,2,False,False,0.49,0.9,False
sales,medium,4,247,3,True,False,0.54,0.49,False
sales,medium,4,210,2,False,False,0.97,0.85,False
sales,medium,3,234,3,False,False,0.58,0.54,False
sales,medium,4,271,2,False,False,0.57,0.64,False
sales,medium,5,102,5,False,False,0.77,0.81,False
sales,medium,3,163,3,False,False,0.66,0.49,False
sales,medium,3,144,4,True,False,0.57,0.58,False
sales,medium,3,172,3,False,False,0.49,0.62,False
accounting,medium,3,203,3,True,False,0.84,0.8,False
accounting,medium,3,192,3,True,False,0.64,0.64,False
accounting,medium,5,159,2,False,False,0.86,0.81,False
hr,medium,3,159,2,False,False,0.74,0.8,False
hr,medium,4,206,2,False,False,0.81,0.92,False
hr,medium,4,225,2,True,False,0.98,0.66,False
hr,medium,3,252,2,False,False,0.89,0.79,False
engineering,medium,6,113,3,False,False,0.54,0.74,False
engineering,medium,3,238,2,False,False,0.74,0.79,False
engineering,medium,3,217,3,False,False,0.94,0.87,False
engineering,medium,4,145,2,False,False,0.57,0.49,False
engineering,medium,5,128,4,True,False,0.44,0.3,False
engineering,medium,4,177,3,False,False,0.89,0.85,False
engineering,medium,4,256,4,False,False,0.97,0.61,False
engineering,medium,3,182,3,True,False,0.55,0.68,False
engineering,high,4,226,2,False,False,0.67,0.67,False
engineering,low,5,168,3,False,False,0.73,0.63,False
engineering,medium,4,145,3,False,False,0.94,0.63,False
support,medium,4,172,4,False,False,0.88,0.5,False
support,medium,4,233,2,False,False,0.55,0.7,False
support,medium,5,202,4,False,False,0.46,0.18,False
support,medium,5,255,2,False,False,0.55,0.77,False
support,medium,3,257,3,False,False,0.61,0.78,False
support,medium,3,185,3,False,False,0.77,0.54,False
support,medium,3,231,4,False,False,0.69,0.9,False
support,medium,3,207,2,False,False,0.76,0.56,False
support,medium,3,215,3,False,False,0.81,0.63,False
support,low,5,243,3,True,False,0.75,0.68,False
support,low,3,198,3,False,False,0.54,0.96,False
engineering,low,6,232,6,False,False,0.87,0.85,False
engineering,low,4,150,3,False,False,0.66,0.82,False
engineering,low,2,188,3,False,False,0.39,0.44,False
management,low,4,155,3,False,False,0.97,0.86,False
IT,low,3,109,3,False,False,0.68,0.56,False
IT,high,3,170,3,False,False,0.94,0.69,False
IT,low,5,214,2,False,False,0.85,0.91,False
IT,high,3,244,3,False,False,0.94,0.99,False
IT,high,5,137,4,False,False,0.84,0.76,False
product_management,low,5,250,2,False,False,0.67,0.63,False
product_management,low,4,247,3,True,False,0.62,0.21,False
product_management,high,2,222,4,False,False,0.43,0.63,False
product_management,low,2,100,2,False,False,0.51,0.58,False
IT,medium,4,212,3,False,False,0.84,0.52,False
r&d,high,3,184,5,False,False,0.64,0.89,False
r&d,medium,4,177,3,False,False,0.81,0.81,False
r&d,medium,3,138,3,False,False,0.73,0.62,False
r&d,medium,4,167,3,True,False,0.5,0.83,False
r&d,medium,3,201,3,False,False,0.99,0.85,False
marketing,high,5,162,3,False,False,0.61,0.52,False
sales,medium,5,126,5,False,False,0.97,0.57,False
accounting,medium,4,145,3,False,False,1.0,0.93,False
support,medium,3,211,3,False,False,0.89,0.78,False
engineering,high,3,167,2,False,False,0.59,0.65,False
management,medium,5,256,6,False,False,0.74,0.42,False
marketing,high,6,237,5,False,False,0.61,0.22,False
marketing,low,5,135,4,True,False,0.96,0.71,False
marketing,medium,5,209,4,False,False,0.68,0.44,False
sales,medium,4,190,3,False,False,0.52,0.6,False
sales,medium,3,134,4,False,False,0.61,0.68,False
sales,medium,2,148,2,True,False,0.41,0.53,False
sales,low,4,202,3,False,False,0.82,0.8,False
sales,low,4,176,2,False,False,0.82,0.97,False
sales,low,2,221,6,False,False,0.47,0.47,False
sales,low,3,156,3,False,False,0.93,0.96,False
sales,low,6,98,3,False,False,0.45,0.81,False
sales,low,4,134,4,False,False,0.65,0.86,False
sales,low,4,203,4,True,False,0.82,0.59,False
sales,low,3,189,3,False,False,0.97,0.53,False
sales,low,3,258,2,False,False,0.86,0.57,False
sales,low,4,237,3,False,False,0.48,0.7,False
sales,high,4,224,3,False,False,0.59,0.58,False
sales,low,5,125,3,True,False,0.86,0.43,False
sales,low,4,207,4,False,False,0.82,0.92,False
sales,low,5,194,3,False,False,0.7,0.24,False
sales,low,3,273,3,False,False,0.52,0.67,False
sales,high,3,209,3,False,False,0.84,0.68,False
accounting,low,3,181,3,False,False,0.75,0.54,False
accounting,low,3,172,4,True,False,0.63,0.73,False
accounting,low,4,139,3,False,False,0.41,0.59,False
hr,high,6,260,4,False,False,0.64,0.22,False
hr,low,3,168,4,True,False,0.83,0.49,False
hr,medium,6,242,3,True,False,1.0,0.91,False
hr,high,4,206,3,False,False,0.97,0.18,False
engineering,medium,5,107,4,False,False,0.41,0.71,False
engineering,high,5,216,2,False,False,0.66,0.56,False
engineering,medium,4,152,3,False,False,0.62,0.84,False
engineering,medium,5,122,5,False,False,0.49,0.59,False
engineering,medium,4,138,3,False,False,0.62,0.88,False
engineering,medium,3,182,2,False,False,0.52,0.8,False
engineering,medium,3,205,2,False,False,0.63,0.53,False
engineering,medium,3,267,4,False,False,0.83,0.53,False
engineering,medium,3,150,2,False,False,0.67,0.3,False
engineering,medium,4,134,2,False,False,0.7,0.91,False
engineering,high,5,116,5,True,False,0.66,0.32,False
support,low,3,181,3,False,False,0.87,0.73,False
support,medium,3,268,3,False,False,0.54,0.87,False
support,medium,3,129,3,False,False,0.73,0.57,False
support,medium,3,151,4,False,False,0.94,0.62,False
support,medium,3,243,4,False,False,0.91,0.55,False
support,medium,5,143,2,False,False,0.57,0.93,False
support,medium,6,156,2,True,False,0.47,0.3,False
support,medium,3,210,2,False,False,0.7,0.57,False
support,medium,4,279,6,False,False,0.85,0.9,False
support,medium,4,270,3,True,False,0.79,0.83,False
support,high,5,160,3,False,False,0.64,0.38,False
engineering,low,4,173,2,False,False,0.95,0.97,False
engineering,low,4,261,3,False,False,1.0,0.7,False
engineering,low,4,178,6,False,False,0.73,0.26,False
management,high,3,122,3,False,False,0.58,0.58,False
IT,low,5,227,4,False,False,0.57,0.69,False
IT,low,2,168,3,False,False,0.6,0.88,False
IT,low,4,252,4,False,False,0.91,0.57,False
IT,high,5,170,4,False,False,0.8,0.94,False
IT,low,3,135,3,False,False,0.58,0.94,False
product_management,low,5,286,5,False,False,0.49,0.46,False
product_management,low,2,213,3,True,False,0.57,0.49,False
product_management,low,5,148,3,False,False,1.0,0.96,False
product_management,low,5,117,4,False,False,0.95,0.29,False
IT,low,3,164,2,False,False,0.69,0.94,False
r&d,low,3,262,2,True,False,0.64,0.56,False
r&d,medium,5,250,5,True,False,0.49,0.18,False
r&d,medium,4,222,3,False,False,0.83,0.84,False
r&d,medium,3,192,4,False,False,0.96,0.58,False
r&d,medium,5,151,6,False,False,0.6,0.21,False
marketing,medium,4,216,2,False,False,0.53,0.59,False
marketing,medium,3,234,2,False,False,0.65,0.66,False
sales,medium,4,268,3,False,False,0.82,0.58,False
accounting,medium,4,194,5,False,False,0.49,0.66,False
support,medium,3,200,2,False,False,0.78,0.56,False
engineering,medium,3,194,3,False,False,0.78,0.92,False
management,medium,3,176,3,False,False,0.69,0.56,False
marketing,medium,4,158,3,False,False,0.59,0.57,False
marketing,high,3,271,4,False,False,0.79,0.99,False
marketing,low,4,187,4,False,False,0.93,0.76,False
sales,medium,4,202,2,False,False,0.91,0.78,False
sales,medium,5,202,2,False,False,0.48,0.99,False
sales,medium,6,204,3,True,False,0.95,0.71,False
sales,medium,4,204,3,True,False,0.96,0.51,False
sales,low,3,244,3,False,False,0.82,0.88,False
sales,low,3,234,3,False,False,0.83,0.96,False
sales,low,4,217,3,False,False,0.64,0.9,False
sales,low,4,142,4,False,False,0.51,0.77,False
sales,low,4,186,3,True,False,0.5,0.95,False
sales,low,3,267,2,True,False,0.67,0.85,False
sales,low,2,108,3,False,False,0.79,0.46,False
sales,low,3,274,4,False,False,0.95,0.57,False
sales,low,3,148,4,False,False,1.0,0.93,False
sales,low,5,168,3,False,False,0.68,0.78,False
sales,low,4,185,2,True,False,1.0,0.68,False
sales,low,3,257,2,False,False,0.78,0.83,False
sales,low,5,256,4,True,False,0.51,0.56,False
sales,low,2,188,2,False,False,0.78,0.93,False
sales,low,6,173,4,False,False,0.53,0.13,False
accounting,low,5,208,2,True,False,0.99,0.71,False
accounting,low,4,202,3,False,False,0.74,0.98,False
accounting,low,3,134,3,False,False,0.82,0.83,False
hr,low,3,154,2,False,False,0.65,0.78,False
hr,low,3,103,3,False,False,0.58,0.35,False
hr,low,4,256,6,False,False,0.55,0.67,False
hr,medium,4,274,3,False,False,0.88,0.86,False
engineering,medium,2,163,3,False,False,0.61,0.33,False
engineering,medium,6,232,3,False,False,0.86,0.3,False
engineering,medium,4,268,3,False,False,0.63,0.75,False
engineering,medium,3,209,3,False,False,0.98,0.8,False
engineering,medium,5,238,3,False,False,0.53,0.98,False
engineering,medium,3,155,2,False,False,0.48,0.72,False
engineering,medium,5,270,3,False,False,0.52,0.82,False
engineering,medium,3,134,2,True,False,0.59,0.91,False
engineering,medium,3,221,3,True,False,0.78,0.84,False
engineering,medium,4,258,3,False,False,0.74,0.95,False
engineering,medium,6,272,5,False,False,0.51,0.53,False
support,high,4,184,3,False,False,0.5,0.5,False
support,low,6,276,2,False,False,0.95,0.36,False
support,medium,4,186,3,False,False,0.38,0.33,False
support,medium,3,189,5,False,False,0.47,0.38,False
support,medium,3,224,3,False,False,0.9,0.7,False
support,medium,6,237,6,False,False,0.45,0.44,False
support,low,3,144,2,False,False,0.66,0.32,False
support,low,6,171,3,True,False,0.93,0.63,False
support,low,3,232,2,False,False,0.54,0.56,False
support,low,4,193,2,True,False,0.78,0.56,False
support,low,3,166,2,False,False,0.78,0.81,False
engineering,low,3,167,2,False,False,0.75,0.89,False
engineering,low,2,101,3,False,False,0.87,0.63,False
engineering,low,5,266,3,False,False,0.66,0.64,False
management,low,3,135,2,False,False,0.53,0.46,False
IT,low,4,137,3,False,False,0.56,0.76,False
IT,low,3,191,3,False,False,0.71,0.99,False
IT,low,4,262,2,False,False,0.76,0.85,False
IT,low,3,174,3,False,False,0.99,0.78,False
IT,low,4,241,2,False,False,0.56,0.91,False
product_management,low,5,144,4,True,False,0.57,0.16,False
product_management,low,3,218,3,False,False,0.57,0.71,False
product_management,low,5,210,2,False,False,0.68,0.92,False
product_management,low,6,208,5,True,False,0.98,0.21,False
IT,low,3,232,3,False,False,0.6,0.74,False
r&d,low,3,140,2,False,False,0.6,0.76,False
r&d,low,3,189,4,False,False,0.95,0.62,False
r&d,medium,5,264,3,False,False,0.61,1.0,False
r&d,medium,5,157,2,False,False,0.54,0.67,False
r&d,medium,4,161,2,False,False,0.87,0.81,False
marketing,medium,4,149,3,False,False,0.69,0.84,False
sales,medium,3,144,4,False,False,0.99,0.84,False
accounting,medium,4,242,2,False,False,0.97,0.97,False
support,medium,6,214,5,False,False,0.5,0.7,False
engineering,medium,4,174,3,False,False,0.74,0.52,False
management,medium,5,169,3,False,False,0.88,0.46,False
marketing,medium,4,268,2,False,False,0.87,1.0,False
marketing,medium,3,257,3,False,False,0.58,0.91,False
marketing,medium,4,187,5,False,False,0.69,0.16,False
sales,high,5,270,2,False,False,0.62,0.58,False
sales,low,5,173,4,False,False,0.61,0.75,False
sales,medium,6,193,4,False,False,0.62,0.96,False
sales,medium,4,212,2,False,False,0.78,0.92,False
sales,medium,3,156,3,False,False,0.63,0.35,False
sales,medium,3,244,3,False,False,0.96,0.56,False
sales,low,3,255,4,False,False,0.96,0.27,False
sales,low,5,152,3,True,False,0.72,0.66,False
sales,low,4,163,3,True,False,0.98,0.66,False
sales,low,3,150,2,False,False,0.69,0.98,False
sales,low,4,169,2,False,False,0.58,0.51,False
sales,low,3,133,3,False,False,0.83,0.51,False
sales,low,4,202,3,True,False,0.94,0.53,False
sales,low,4,169,2,False,False,0.7,0.69,False
sales,low,4,270,2,True,False,0.74,0.66,False
sales,low,3,251,2,True,False,0.76,0.89,False
sales,low,3,267,5,False,False,0.64,0.74,False
sales,low,4,224,3,False,False,0.75,0.82,False
sales,low,3,250,2,False,False,0.9,0.66,False
accounting,low,3,258,2,False,False,0.97,0.59,False
accounting,low,2,209,5,False,False,0.65,0.13,False
accounting,low,4,215,3,False,False,0.74,0.68,False
hr,low,3,183,3,False,False,0.81,0.5,False
hr,low,3,143,3,False,False,0.82,0.6,False
hr,low,3,174,3,False,False,0.98,0.87,False
hr,low,6,170,4,False,False,0.89,0.51,False
engineering,low,3,202,2,False,False,0.63,0.78,False
engineering,medium,4,160,2,False,False,0.96,0.66,False
engineering,medium,5,211,2,False,False,0.73,0.72,False
engineering,medium,3,236,3,True,False,0.98,0.57,False
engineering,medium,4,236,3,False,False,0.49,0.5,False
engineering,medium,4,252,2,True,False,0.62,0.72,False
engineering,medium,3,155,2,True,False,0.48,0.41,False
engineering,medium,5,138,2,False,False,0.65,0.55,False
engineering,medium,4,195,3,True,False,0.94,0.49,False
engineering,medium,3,150,3,False,False,0.94,0.8,False
engineering,medium,3,172,3,False,False,0.51,0.78,False
support,medium,3,240,2,False,False,0.56,0.69,False
support,medium,3,229,6,False,False,0.98,0.83,False
support,high,3,169,3,False,False,0.73,0.89,False
support,low,3,246,3,False,False,0.82,0.94,False
support,medium,4,260,2,True,False,0.53,0.51,False
support,medium,4,101,6,False,False,0.9,0.89,False
support,medium,3,190,3,False,False,0.69,0.99,False
support,medium,3,154,4,False,False,0.66,0.79,False
support,low,4,196,4,False,False,0.97,0.98,False
support,low,3,209,3,False,False,0.97,0.98,False
support,low,4,223,3,False,False,0.67,0.97,False
engineering,low,4,221,3,False,False,0.71,0.71,False
engineering,low,4,141,3,False,False,0.6,0.49,False
engineering,low,3,135,3,False,False,0.71,0.72,False
management,low,2,191,3,True,False,0.61,0.58,False
IT,low,4,195,3,False,False,1.0,0.65,False
IT,low,5,217,4,False,False,0.55,0.18,False
IT,low,4,184,3,False,False,0.99,0.83,False
IT,low,5,188,3,False,False,0.76,0.2,False
IT,low,6,240,6,False,False,0.93,0.96,False
product_management,low,4,226,3,False,False,0.69,0.59,False
product_management,low,3,196,3,False,False,0.99,0.97,False
product_management,low,6,251,4,False,False,0.99,0.14,False
product_management,low,4,150,2,False,False,0.96,0.75,False
IT,low,3,249,3,False,False,0.63,0.71,False
r&d,low,4,251,3,False,False,0.52,0.84,False
r&d,medium,5,252,3,False,False,0.75,0.57,False
r&d,medium,5,261,5,False,False,0.55,0.46,False
r&d,medium,4,225,2,False,False,0.94,0.77,False
r&d,medium,2,151,3,False,False,0.65,0.44,False
marketing,medium,4,147,2,False,False,0.59,0.68,False
sales,medium,4,159,3,False,False,0.58,0.94,False
accounting,medium,4,241,2,True,False,0.91,0.73,False
support,medium,5,176,5,False,False,0.5,0.51,False
engineering,medium,4,218,4,False,False,0.87,0.93,False
management,medium,4,219,3,False,False,1.0,0.74,False
marketing,medium,3,227,3,False,False,0.9,0.82,False
marketing,medium,4,182,2,False,False,0.91,0.86,False
marketing,high,4,196,2,True,False,0.86,0.99,False
sales,low,4,257,3,False,False,0.86,0.58,False
sales,medium,5,182,5,False,False,0.6,0.96,False
sales,medium,4,192,3,False,False,0.67,0.72,False
sales,medium,4,142,4,False,False,0.94,0.23,False
sales,medium,4,172,2,False,False,0.79,0.99,False
sales,low,4,188,3,False,False,0.58,0.95,False
sales,low,5,281,3,True,False,0.55,0.75,False
sales,low,4,255,2,False,False,0.54,0.95,False
sales,low,3,223,3,False,False,0.84,0.97,False
sales,low,2,219,4,False,False,0.86,0.98,False
sales,low,3,195,2,False,False,0.98,0.79,False
sales,low,2,156,3,False,False,0.91,0.54,False
sales,low,5,259,4,False,False,0.51,0.51,False
sales,low,4,266,3,True,False,0.91,0.83,False
sales,low,3,147,2,False,False,0.7,0.6,False
sales,low,4,207,3,False,False,0.83,0.58,False
sales,low,3,185,2,False,False,0.68,0.55,False
sales,low,5,195,2,False,False,0.64,0.5,False
sales,low,6,148,4,False,False,0.41,0.46,False
accounting,low,3,157,2,False,False,0.82,0.61,False
accounting,low,4,146,3,False,False,0.98,0.91,False
accounting,low,3,262,4,False,False,0.94,0.5,False
hr,low,3,169,3,False,False,0.82,0.75,False
hr,low,3,192,3,True,False,0.87,0.74,False
hr,low,4,147,2,False,False,0.53,0.62,False
hr,low,5,254,2,True,False,0.76,0.87,False
engineering,medium,3,244,4,False,False,0.72,0.13,False
engineering,medium,2,100,6,False,False,0.43,0.71,False
engineering,medium,3,173,2,False,False,0.9,0.7,False
engineering,medium,2,197,2,True,False,0.87,0.32,False
engineering,medium,3,256,4,False,False,0.72,0.84,False
engineering,medium,4,253,2,False,False,0.87,0.79,False
engineering,medium,4,152,2,False,False,0.64,0.97,False
engineering,medium,5,136,3,False,False,0.58,0.76,False
engineering,medium,3,141,3,False,False,0.63,0.97,False
engineering,medium,5,212,3,True,False,0.4,0.53,False
engineering,medium,4,144,3,False,False,0.57,0.61,False
support,medium,2,118,4,False,False,0.89,0.94,False
support,high,5,265,3,True,False,0.79,0.52,False
support,low,3,143,3,False,False,0.67,0.91,False
support,medium,3,230,2,False,False,0.63,0.52,False
support,medium,5,243,2,False,False,0.68,0.59,False
support,medium,3,152,4,True,False,0.71,0.61,False
support,medium,3,252,3,False,False,0.78,0.78,False
support,low,3,113,2,False,False,0.67,0.44,False
support,low,4,259,2,False,False,0.97,0.8,False
support,low,4,139,5,False,False,0.6,0.54,False
support,low,4,228,3,True,False,0.91,0.96,False
engineering,low,4,214,3,False,False,0.49,0.98,False
engineering,low,4,210,4,False,False,0.91,0.83,False
engineering,low,4,146,3,False,False,0.89,0.64,False
management,low,3,155,2,False,False,0.78,0.51,False
IT,low,2,169,5,False,False,0.42,0.31,False
IT,low,3,258,3,False,False,0.68,0.53,False
IT,low,3,258,2,False,False,0.53,0.81,False
IT,low,3,168,4,False,False,0.85,0.17,False
IT,low,3,211,2,False,False,0.98,0.72,False
product_management,low,2,245,3,False,False,0.49,0.49,False
product_management,low,3,204,2,False,False,0.95,0.81,False
product_management,low,2,161,3,False,False,0.98,0.75,False
product_management,low,3,267,3,False,False,0.73,0.74,False
IT,low,3,183,3,False,False,0.73,0.82,False
r&d,low,2,105,3,False,False,0.4,0.36,False
r&d,low,3,260,2,False,False,0.55,0.89,False
r&d,low,3,183,4,False,False,0.87,0.78,False
r&d,medium,4,262,3,False,False,0.56,0.81,False
r&d,medium,4,244,4,False,False,0.78,0.61,False
marketing,medium,4,242,6,False,False,0.96,0.23,False
sales,medium,4,146,3,False,False,1.0,0.73,False
accounting,medium,4,252,6,False,False,0.65,0.4,False
support,medium,5,229,2,False,False,0.63,0.99,False
engineering,medium,4,170,3,False,False,0.54,0.62,False
management,medium,3,250,4,False,False,0.93,0.61,False
marketing,medium,2,243,3,False,False,0.98,0.9,False
marketing,medium,4,135,3,True,False,0.67,0.93,False
marketing,medium,4,266,3,False,False,0.75,0.52,False
sales,medium,4,223,3,False,False,0.72,0.77,False
sales,high,4,234,3,False,False,0.76,0.59,False
sales,low,4,187,3,False,False,0.59,0.51,False
sales,medium,3,229,3,False,False,0.95,0.67,False
sales,medium,3,155,2,True,False,0.65,0.95,False
sales,medium,3,246,3,False,False,0.76,0.75,False
sales,medium,3,152,3,False,False,0.61,0.54,False
sales,low,2,172,2,False,False,0.71,0.45,False
sales,low,4,255,5,False,False,0.66,0.66,False
sales,low,3,98,2,False,False,0.69,0.36,False
sales,low,6,141,6,False,False,0.47,0.3,False
sales,low,4,146,4,True,False,0.63,0.61,False
sales,low,4,213,3,False,False,0.7,0.71,False
sales,low,4,160,3,False,False,0.99,0.6,False
sales,low,3,272,4,False,False,0.61,0.19,False
sales,medium,4,125,4,False,False,1.0,0.91,False
sales,medium,3,152,2,False,False,0.69,0.98,False
sales,medium,3,162,2,False,False,0.78,0.9,False
sales,medium,3,251,6,False,False,0.94,0.73,False
accounting,medium,3,225,3,False,False,0.56,0.52,False
accounting,medium,3,236,3,True,False,0.56,0.77,False
accounting,medium,3,203,2,False,False,0.62,0.98,False
hr,medium,4,252,3,True,False,0.5,0.79,False
hr,medium,3,135,2,False,False,0.91,0.73,False
hr,medium,3,257,2,False,False,0.95,0.97,False
hr,medium,5,145,5,False,False,0.6,0.38,False
engineering,medium,5,267,3,False,False,0.48,0.59,False
engineering,medium,4,208,5,False,False,0.79,0.73,False
engineering,medium,4,206,3,False,False,0.53,0.84,False
engineering,medium,4,247,2,False,False,0.59,0.61,False
engineering,medium,2,228,2,False,False,0.78,0.79,False
engineering,medium,4,248,2,True,False,0.91,0.73,False
engineering,medium,4,209,5,False,False,0.9,0.22,False
engineering,medium,5,171,3,False,False,0.52,0.84,False
engineering,medium,6,221,5,False,False,0.85,0.21,False
engineering,medium,2,173,2,False,False,0.69,0.44,False
engineering,medium,5,218,5,False,False,0.52,0.2,False
support,medium,4,223,3,True,False,0.86,0.51,False
support,medium,3,169,2,False,False,0.98,0.55,False
support,medium,6,109,2,False,False,0.38,0.24,False
support,high,4,273,2,False,False,0.77,0.65,False
support,high,3,178,3,False,False,0.42,0.44,False
support,high,4,189,4,False,False,0.67,0.98,False
support,high,5,203,2,True,False,0.8,0.69,False
support,high,3,177,4,False,False,0.56,0.71,False
support,high,5,253,2,True,False,0.71,0.54,False
support,high,3,273,3,False,False,0.98,0.77,False
support,high,2,139,3,False,False,0.43,0.53,False
engineering,high,3,185,2,True,False,0.72,0.64,False
engineering,high,5,182,4,False,False,0.59,0.69,False
engineering,high,5,270,2,False,False,0.71,0.93,False
management,high,3,139,4,False,False,0.65,0.58,False
IT,low,5,261,6,True,False,0.46,0.33,False
IT,low,3,238,3,False,False,0.57,0.95,False
IT,low,3,241,3,False,False,0.9,0.65,False
IT,low,3,223,2,False,False,0.7,0.9,False
IT,low,3,258,3,True,False,0.8,0.59,False
product_management,low,4,205,4,False,False,0.55,0.88,False
product_management,low,4,243,4,False,False,0.83,0.63,False
product_management,low,4,198,2,False,False,0.61,0.53,False
product_management,low,4,178,3,False,False,0.64,0.63,False
IT,low,4,158,3,False,False,0.76,0.96,False
r&d,low,3,194,2,False,False,0.73,0.7,False
r&d,low,4,253,2,True,False,0.36,0.73,False
r&d,low,4,228,2,False,False,0.8,0.94,False
r&d,low,5,227,3,False,False,0.58,0.82,False
r&d,low,3,162,2,False,False,0.63,0.44,False
marketing,medium,5,257,3,False,False,0.9,0.58,False
sales,medium,2,140,2,False,False,0.97,0.55,False
accounting,medium,3,164,2,False,False,0.84,0.92,False
support,medium,4,177,4,False,False,0.59,0.91,False
engineering,medium,4,260,4,False,False,0.61,0.69,False
management,medium,4,233,2,False,False,0.7,0.23,False
marketing,medium,4,227,5,False,False,0.81,0.21,False
marketing,medium,4,140,3,False,False,0.6,0.51,False
marketing,medium,3,254,4,True,False,0.74,0.73,False
sales,medium,3,245,3,False,False,0.67,0.65,False
sales,medium,2,157,2,False,False,0.48,0.64,False
sales,medium,3,265,3,False,False,0.49,0.77,False
sales,high,4,261,3,False,False,0.79,0.71,False
sales,high,6,212,6,False,False,0.38,0.2,False
sales,high,4,216,3,False,False,0.57,0.99,False
sales,high,4,238,3,False,False,0.57,0.77,False
sales,high,2,204,3,False,False,0.56,0.8,False
sales,high,4,216,2,False,False,0.5,0.97,False
sales,high,4,208,3,False,False,0.53,0.89,False
sales,high,4,218,2,False,False,0.7,0.97,False
sales,low,5,176,4,True,False,0.99,0.23,False
sales,low,4,144,2,False,False,0.75,0.6,False
sales,low,5,241,3,False,False,0.63,0.52,False
sales,low,3,271,2,False,False,0.63,0.86,False
sales,low,4,184,3,False,False,0.95,0.86,False
sales,low,3,262,2,False,False,0.58,0.76,False
sales,low,6,233,6,False,False,0.77,0.79,False
sales,low,3,155,3,False,False,0.52,0.35,False
accounting,medium,5,141,2,False,False,0.97,1.0,False
accounting,medium,6,251,5,False,False,0.8,0.2,False
accounting,medium,5,141,3,False,False,0.62,0.57,False
hr,medium,4,274,5,True,False,0.46,0.23,False
hr,medium,3,160,2,False,False,0.97,0.82,False
hr,medium,3,166,2,False,False,0.8,0.98,False
hr,medium,4,219,3,False,False,0.7,0.52,False
engineering,medium,4,158,6,False,False,0.61,0.96,False
engineering,medium,4,190,4,False,False,0.64,0.69,False
engineering,medium,5,191,2,False,False,0.77,0.92,False
engineering,medium,4,117,5,True,False,0.43,0.91,False
engineering,medium,4,240,6,False,False,0.96,0.85,False
engineering,medium,4,239,2,False,False,0.77,0.91,False
engineering,medium,4,145,3,False,False,0.55,0.79,False
engineering,medium,3,157,4,False,False,0.95,0.74,False
engineering,medium,3,166,3,False,False,0.72,0.73,False
engineering,medium,4,137,2,False,False,0.98,0.55,False
engineering,medium,5,208,4,True,False,0.97,0.79,False
support,medium,4,174,2,False,False,0.51,0.53,False
support,medium,3,267,3,False,False,0.6,0.7,False
support,medium,3,125,6,False,False,0.56,0.74,False
support,medium,4,220,3,False,False,0.76,0.95,False
support,medium,4,141,3,False,False,0.57,0.49,False
support,high,5,146,3,True,False,0.9,0.79,False
support,low,3,166,2,False,False,0.86,0.99,False
support,medium,4,197,2,False,False,0.79,0.56,False
support,medium,4,240,2,False,False,0.79,0.7,False
support,medium,4,258,3,False,False,0.65,0.93,False
support,medium,6,229,3,False,False,0.66,0.46,False
engineering,medium,5,252,4,False,False,0.61,0.24,False
engineering,medium,3,138,3,True,False,0.41,0.32,False
engineering,medium,4,208,3,True,False,0.78,0.5,False
management,medium,3,113,3,True,False,0.72,0.58,False
IT,medium,4,209,4,False,False,0.81,0.83,False
IT,medium,2,248,4,False,False,0.42,0.57,False
IT,low,5,161,3,False,False,0.83,0.51,False
IT,low,2,246,2,True,False,0.96,0.65,False
IT,low,3,283,3,False,False,0.41,0.52,False
product_management,low,3,145,2,False,False,0.7,0.77,False
product_management,low,3,270,3,False,False,0.77,0.42,False
product_management,low,4,273,4,False,False,0.79,0.68,False
product_management,low,4,187,6,True,False,0.92,0.83,False
IT,high,3,166,3,False,False,0.63,0.66,False
r&d,low,3,158,2,True,False,0.57,0.75,False
r&d,high,4,229,3,False,False,0.48,0.65,False
r&d,high,3,191,3,True,False,0.6,0.49,False
r&d,low,3,232,2,True,False,0.96,0.77,False
r&d,low,3,198,3,False,False,0.97,0.65,False
marketing,high,5,238,4,False,False,0.49,0.65,False
sales,low,2,157,2,False,False,0.58,0.44,False
accounting,medium,4,134,2,False,False,0.72,0.61,False
support,high,3,150,3,False,False,0.89,0.98,False
engineering,medium,5,256,2,False,False,0.88,0.68,False
management,medium,3,208,3,False,False,0.5,0.58,False
marketing,medium,3,136,3,False,False,0.92,0.81,False
marketing,medium,4,136,3,False,False,0.5,0.76,False
marketing,high,4,180,4,False,False,0.93,0.14,False
sales,medium,3,227,3,False,False,0.91,0.49,False
sales,medium,5,156,3,False,False,0.78,0.97,False
sales,medium,4,133,4,True,False,0.6,0.91,False
sales,high,2,96,2,False,False,0.98,0.15,False
sales,medium,3,171,3,False,False,0.63,0.82,False
sales,high,3,177,4,False,False,0.87,0.67,False
sales,low,4,274,3,False,False,0.96,0.5,False
sales,medium,2,145,3,False,False,0.39,0.57,False
sales,medium,5,221,2,False,False,0.94,0.99,False
sales,medium,3,202,2,False,False,0.94,0.97,False
sales,medium,5,238,2,False,False,0.58,0.93,False
sales,low,4,170,2,False,False,0.6,0.62,False
sales,low,4,208,2,True,False,0.51,0.62,False
sales,low,4,199,3,False,False,0.61,0.96,False
sales,low,4,253,3,False,False,0.96,0.98,False
sales,low,4,239,3,False,False,0.57,0.52,False
sales,low,5,279,4,False,False,0.77,0.56,False
sales,low,6,114,3,False,False,0.41,0.14,False
sales,low,6,105,5,False,False,0.38,0.29,False
accounting,low,4,193,3,True,False,0.81,0.76,False
accounting,low,3,152,3,True,False,0.58,0.39,False
accounting,high,4,228,2,False,False,0.72,0.96,False
hr,low,3,242,4,False,False,0.93,0.84,False
hr,low,4,197,3,False,False,0.62,0.81,False
hr,low,5,222,4,False,False,0.51,0.51,False
hr,low,3,222,3,False,False,0.75,0.87,False
engineering,high,5,233,4,False,False,0.77,0.94,False
engineering,low,4,264,3,False,False,0.97,0.69,False
engineering,low,3,132,3,True,False,0.53,0.44,False
engineering,low,5,182,3,False,False,0.55,0.85,False
engineering,high,6,264,3,False,False,0.86,0.18,False
engineering,low,6,253,2,False,False,0.74,0.91,False
engineering,medium,3,193,3,False,False,0.83,0.81,False
engineering,high,5,143,2,True,False,0.59,0.82,False
engineering,medium,3,180,2,False,False,0.79,0.48,False
engineering,high,3,220,3,True,False,0.84,0.92,False
engineering,medium,5,150,4,False,False,0.88,0.94,False
support,medium,3,182,3,False,False,0.56,1.0,False
support,medium,3,257,3,False,False,0.91,0.96,False
support,medium,3,269,4,True,False,0.74,0.24,False
support,medium,5,243,3,False,False,0.89,0.62,False
support,medium,4,257,3,False,False,0.76,0.55,False
support,medium,5,233,2,False,False,0.52,0.82,False
support,medium,4,267,4,False,False,0.56,0.62,False
support,high,4,160,2,True,False,0.69,0.61,False
support,low,3,143,4,True,False,0.52,0.72,False
support,medium,4,143,2,True,False,0.76,0.45,False
support,medium,3,162,4,False,False,0.93,0.51,False
engineering,medium,3,181,5,False,False,0.53,0.42,False
engineering,medium,3,286,3,False,False,0.64,0.69,False
engineering,medium,2,111,3,False,False,0.66,0.61,False
management,medium,5,177,4,False,False,0.98,0.5,False
IT,medium,4,279,5,True,False,0.68,0.25,False
IT,medium,4,135,3,False,False,0.89,0.88,False
IT,medium,3,160,2,False,False,0.66,0.81,False
IT,high,3,178,4,False,False,0.77,0.75,False
IT,low,3,147,3,False,False,0.8,0.77,False
product_management,low,3,204,2,False,False,0.72,0.55,False
product_management,low,5,151,2,False,False,0.73,0.7,False
product_management,high,3,209,2,False,False,0.78,0.96,False
product_management,low,6,225,4,False,False,0.73,0.18,False
IT,low,6,142,3,False,False,0.62,0.22,False
r&d,low,3,158,2,False,False,0.49,0.95,False
r&d,high,2,139,4,False,False,0.71,0.37,False
r&d,low,3,263,2,False,False,0.45,0.84,False
r&d,low,3,160,3,False,False,0.68,0.8,False
r&d,low,2,173,2,False,False,0.55,0.57,False
marketing,low,3,169,2,False,False,0.63,0.98,False
sales,low,3,161,3,False,False,0.62,0.95,False
accounting,low,4,172,3,True,False,0.65,0.8,False
support,low,3,257,3,False,False,0.7,0.52,False
engineering,medium,2,139,3,False,False,0.62,0.31,False
management,medium,5,245,2,False,False,0.59,0.71,False
marketing,medium,3,260,3,False,False,0.85,0.71,False
marketing,medium,5,229,4,False,False,0.96,0.5,False
marketing,medium,2,129,5,False,False,0.9,0.95,False
sales,medium,3,184,4,False,False,0.77,0.95,False
sales,medium,4,204,3,False,False,0.85,0.65,False
sales,medium,3,152,2,True,False,0.72,0.94,False
sales,medium,4,142,3,False,False,0.85,0.72,False
sales,medium,4,136,2,False,False,0.79,0.94,False
sales,medium,4,216,4,False,False,0.94,0.79,False
sales,medium,3,201,3,False,False,0.58,0.6,False
sales,high,4,163,3,False,False,0.76,0.62,False
sales,low,4,224,5,False,False,0.74,0.94,False
sales,medium,4,209,3,False,False,0.5,0.24,False
sales,medium,5,257,4,True,False,0.71,0.17,False
sales,medium,4,234,4,False,False,0.83,0.66,False
sales,medium,3,221,2,False,False,0.56,0.65,False
sales,low,2,186,2,False,False,0.62,0.51,False
sales,low,4,199,3,False,False,0.75,0.41,False
sales,low,3,235,3,False,False,0.99,0.98,False
sales,low,5,211,2,False,False,0.55,0.96,False
sales,low,4,136,4,False,False,0.97,0.55,False
sales,low,4,155,3,False,False,0.71,0.99,False
accounting,low,4,269,3,False,False,0.98,0.51,False
accounting,low,3,285,3,False,False,0.9,0.74,False
accounting,low,5,241,3,False,False,0.87,0.81,False
hr,low,3,180,4,False,False,0.87,0.51,False
hr,low,5,224,2,True,False,0.55,0.53,False
hr,low,6,107,2,True,False,0.48,0.67,False
hr,low,2,167,2,False,False,0.64,0.68,False
engineering,low,3,137,3,False,False,0.63,0.69,False
engineering,low,4,239,3,False,False,0.65,0.71,False
engineering,low,3,239,3,False,False,0.56,0.64,False
engineering,low,3,148,2,True,False,0.58,0.62,False
engineering,low,4,231,3,True,False,0.5,0.81,False
engineering,low,4,179,2,False,False,0.54,0.84,False
engineering,low,3,181,2,False,False,0.67,1.0,False
engineering,low,5,184,4,True,False,0.73,0.72,False
engineering,medium,3,207,2,False,False,0.67,0.57,False
engineering,medium,4,152,4,False,False,0.99,0.73,False
engineering,medium,4,133,4,False,False,0.59,0.91,False
support,medium,4,178,3,False,False,0.85,0.98,False
support,medium,4,173,3,False,False,0.95,0.58,False
support,medium,2,113,5,True,False,0.52,0.73,False
support,medium,3,236,2,False,False,0.95,0.96,False
support,medium,3,188,5,False,False,0.98,0.57,False
support,medium,3,269,2,False,False,0.73,0.77,False
support,medium,2,203,3,False,False,0.85,0.3,False
support,medium,3,214,3,False,False,0.75,0.85,False
support,medium,2,185,6,False,False,0.83,0.49,False
support,high,4,265,6,False,False,0.43,0.77,False
support,low,4,184,4,False,False,0.99,1.0,False
engineering,medium,3,157,3,False,False,0.74,0.85,False
engineering,medium,3,258,3,False,False,0.75,0.87,False
engineering,medium,3,222,6,True,False,0.79,0.9,False
management,medium,5,248,4,False,False,0.8,0.71,False
IT,low,5,162,4,False,False,0.56,0.59,False
IT,low,3,250,3,True,False,0.74,0.85,False
IT,low,4,231,3,False,False,0.82,0.72,False
IT,low,3,165,3,False,False,0.65,0.73,False
IT,low,3,272,2,False,False,0.54,0.9,False
product_management,low,4,177,2,False,False,0.65,0.59,False
product_management,low,3,133,3,False,False,0.9,0.52,False
product_management,low,4,159,3,False,False,0.49,0.85,False
product_management,low,3,130,3,False,False,0.4,0.35,False
IT,low,3,185,4,False,False,0.68,0.7,False
r&d,low,3,182,3,False,False,0.86,0.58,False
r&d,low,2,238,4,False,False,0.5,0.89,False
r&d,low,3,211,3,False,False,0.63,0.54,False
r&d,low,4,209,3,False,False,0.89,0.55,False
r&d,low,5,190,3,False,False,0.62,0.77,False
marketing,low,4,272,4,True,False,0.61,0.55,False
sales,low,3,202,3,False,False,0.77,0.6,False
accounting,low,4,185,3,False,False,0.9,0.75,False
support,low,3,176,3,False,False,0.88,0.57,False
engineering,low,4,239,3,False,False,0.94,0.69,False
management,low,4,238,3,True,False,0.98,0.87,False
marketing,medium,5,269,6,True,False,0.36,0.69,False
marketing,medium,3,232,5,False,False,0.92,0.58,False
marketing,medium,2,148,6,True,False,0.64,0.87,False
sales,medium,3,149,2,False,False,0.77,0.71,False
sales,medium,4,203,2,False,False,0.78,0.74,False
sales,medium,5,235,3,False,False,0.53,0.75,False
sales,medium,2,269,2,True,False,0.54,0.5,False
sales,medium,4,260,2,False,False,0.86,0.59,False
sales,medium,3,216,3,False,False,0.84,0.81,False
sales,medium,3,136,2,True,False,0.55,0.34,False
sales,medium,5,158,3,False,False,0.87,0.53,False
sales,medium,4,180,4,False,False,0.85,0.94,False
sales,high,5,133,2,False,False,0.77,0.76,False
sales,low,5,199,4,False,False,0.58,0.2,False
sales,medium,3,169,2,True,False,0.67,0.97,False
sales,medium,3,195,2,False,False,0.72,0.96,False
sales,medium,5,205,3,False,False,0.5,0.81,False
sales,medium,4,156,4,True,False,0.48,0.2,False
sales,low,3,125,2,True,False,0.71,0.53,False
sales,low,3,171,4,False,False,0.76,0.75,False
sales,low,4,199,3,False,False,0.91,0.55,False
sales,low,5,187,2,False,False,0.65,0.58,False
accounting,low,4,218,4,False,False,0.64,0.99,False
accounting,low,4,268,3,False,False,0.86,0.96,False
accounting,low,3,257,2,False,False,0.92,0.82,False
hr,low,4,224,5,True,False,0.77,0.88,False
hr,low,4,221,4,False,False,0.97,0.78,False
hr,low,6,101,5,False,False,0.47,0.46,False
hr,low,3,224,2,False,False,0.59,0.88,False
engineering,low,3,223,4,True,False,0.55,0.91,False
engineering,low,4,271,4,False,False,0.68,0.6,False
engineering,low,3,210,2,False,False,0.51,0.82,False
engineering,low,4,241,3,False,False,0.56,0.67,False
engineering,low,3,209,3,False,False,0.61,0.55,False
engineering,low,5,186,4,False,False,0.62,0.73,False
engineering,low,4,273,2,False,False,0.68,0.59,False
engineering,low,6,172,2,True,False,0.65,0.4,False
engineering,low,3,209,2,False,False,0.99,0.56,False
engineering,low,4,175,2,True,False,0.57,0.87,False
engineering,medium,5,239,3,False,False,0.53,0.5,False
support,medium,4,231,4,False,False,0.79,0.98,False
support,medium,4,131,3,False,False,0.96,0.71,False
support,medium,4,217,3,False,False,0.89,0.72,False
support,medium,4,242,2,False,False,0.83,0.5,False
support,medium,3,224,2,False,False,0.56,0.89,False
support,medium,3,208,3,True,False,0.68,0.56,False
support,medium,4,167,5,False,False,0.55,0.32,False
support,medium,5,269,2,False,False,0.88,0.96,False
support,medium,4,156,2,False,False,0.92,0.67,False
support,medium,3,238,6,False,False,0.7,0.26,False
support,medium,5,193,4,False,False,0.9,0.51,False
engineering,high,4,196,5,False,False,0.78,0.16,False
engineering,low,5,233,2,False,False,0.71,0.77,False
engineering,medium,2,152,5,False,False,0.52,0.67,False
management,medium,4,252,2,False,False,0.77,0.36,False
IT,medium,3,262,5,True,False,0.82,0.69,False
IT,medium,3,261,4,False,False,0.76,0.72,False
IT,low,4,144,2,False,False,0.81,0.72,False
IT,low,4,234,3,False,False,0.95,0.88,False
IT,low,2,234,2,False,False,0.55,0.91,False
product_management,low,4,170,2,True,False,0.6,0.96,False
product_management,low,3,238,4,False,False,0.8,0.49,False
product_management,low,5,242,3,False,False,0.97,0.59,False
product_management,low,4,209,3,False,False,0.87,0.8,False
IT,low,4,206,3,False,False,0.67,0.91,False
r&d,low,4,240,5,False,False,0.79,0.18,False
r&d,low,5,215,2,False,False,0.58,0.94,False
r&d,low,3,147,4,False,False,0.61,0.44,False
r&d,low,2,265,2,False,False,0.59,0.96,False
r&d,low,4,162,3,False,False,0.97,0.55,False
marketing,low,4,239,3,False,False,0.54,0.99,False
sales,low,3,224,2,False,False,0.88,0.75,False
accounting,low,4,256,3,False,False,0.78,0.66,False
support,low,3,263,3,False,False,0.57,0.96,False
engineering,low,6,272,4,False,False,0.86,0.6,False
management,medium,4,159,4,False,False,0.78,0.64,False
marketing,medium,4,219,2,False,False,0.8,0.85,False
marketing,medium,3,210,6,False,False,0.53,0.3,False
marketing,medium,4,237,3,True,False,0.95,0.74,False
sales,medium,5,226,3,False,False,0.8,0.14,False
sales,medium,3,212,3,False,False,0.76,0.93,False
sales,medium,3,250,5,False,False,0.48,0.75,False
sales,medium,4,171,3,False,False,0.63,0.58,False
sales,medium,3,149,4,False,False,0.6,0.59,False
sales,medium,5,228,6,False,False,0.9,0.2,False
sales,medium,3,215,2,False,False,0.84,1.0,False
sales,medium,3,272,3,False,False,0.51,0.51,False
sales,high,4,192,6,False,False,0.72,0.16,False
sales,low,5,226,4,False,False,0.56,0.77,False
sales,medium,2,149,3,False,False,0.47,0.61,False
sales,medium,3,244,2,False,False,0.51,0.73,False
sales,medium,4,193,3,False,False,0.85,0.52,False
sales,medium,4,247,3,False,False,0.72,0.13,False
sales,low,3,181,3,False,False,0.62,0.73,False
sales,low,2,137,3,True,False,0.68,0.39,False
sales,low,3,211,4,False,False,0.8,0.92,False
sales,low,5,137,4,False,False,0.78,0.34,False
sales,low,4,229,2,True,False,0.51,0.94,False
accounting,low,4,168,3,False,False,0.65,0.82,False
accounting,low,4,180,3,True,False,0.69,0.26,False
accounting,low,4,177,2,False,False,0.53,0.78,False
hr,low,4,191,2,False,False,0.95,0.61,False
hr,low,3,191,2,True,False,0.53,0.5,False
hr,low,4,125,3,False,False,0.96,0.52,False
hr,low,4,152,3,False,False,0.79,0.89,False
engineering,low,4,174,2,False,False,0.52,0.85,False
engineering,low,4,135,3,False,False,0.86,0.62,False
engineering,low,2,117,3,False,False,0.67,0.38,False
engineering,low,2,180,5,True,False,0.49,0.55,False
engineering,low,4,146,3,False,False,0.84,0.83,False
engineering,low,3,249,3,False,False,0.65,0.62,False
engineering,low,3,136,3,True,False,0.54,0.6,False
engineering,low,4,198,3,True,False,0.5,0.62,False
engineering,low,5,201,3,False,False,0.88,0.23,False
engineering,medium,6,132,4,True,False,0.74,0.13,False
engineering,medium,4,142,4,False,False,0.63,0.96,False
support,medium,5,256,3,True,False,0.74,0.5,False
support,medium,3,135,2,False,False,0.72,0.66,False
support,medium,4,209,2,False,False,0.72,0.61,False
support,medium,5,287,5,False,False,0.48,0.45,False
support,medium,4,222,3,True,False,0.95,0.5,False
support,medium,3,227,2,False,False,0.82,0.75,False
support,medium,4,162,2,False,False,0.5,0.88,False
support,medium,5,206,2,False,False,0.79,0.49,False
support,medium,5,273,6,False,False,0.87,0.82,False
support,medium,4,135,3,False,False,0.65,0.92,False
support,high,5,99,2,True,False,0.85,0.4,False
engineering,low,4,166,4,False,False,0.61,0.36,False
engineering,medium,5,187,3,True,False,0.99,0.8,False
engineering,medium,4,134,3,False,False,0.65,0.68,False
management,medium,4,137,3,True,False,0.45,0.54,False
IT,medium,3,175,2,False,False,0.69,0.73,False
IT,low,5,188,2,False,False,0.49,0.64,False
IT,low,5,161,4,False,False,0.39,0.12,False
IT,low,4,145,6,False,False,0.7,0.6,False
IT,low,4,111,6,False,False,0.62,0.36,False
product_management,low,3,176,2,False,False,0.76,0.63,False
product_management,low,2,192,3,False,False,0.94,0.67,False
product_management,low,3,179,2,True,False,0.9,0.83,False
product_management,low,4,224,3,False,False,0.9,0.48,False
IT,low,4,241,5,False,False,0.56,0.89,False
r&d,low,3,201,3,False,False,0.96,0.71,False
r&d,low,4,138,2,False,False,0.59,0.31,False
r&d,low,5,168,2,False,False,0.84,0.89,False
r&d,low,2,120,3,False,False,0.51,0.38,False
r&d,low,3,179,3,False,False,0.92,0.88,False
marketing,low,3,250,3,False,False,0.85,0.64,False
sales,low,4,237,3,True,False,0.74,0.65,False
accounting,low,4,192,3,False,False,0.81,0.65,False
support,low,4,258,3,False,False,0.97,0.54,False
engineering,low,4,257,4,False,False,0.76,0.69,False
management,low,2,271,3,False,False,0.78,0.77,False
marketing,low,3,184,2,False,False,0.66,0.28,False
marketing,medium,6,214,6,False,False,0.4,0.33,False
marketing,medium,4,198,3,False,False,0.68,0.83,False
sales,medium,3,274,2,False,False,0.73,0.89,False
sales,medium,5,279,2,False,False,0.6,0.76,False
sales,medium,5,272,2,False,False,0.64,0.83,False
sales,medium,4,152,3,False,False,0.85,0.57,False
sales,medium,2,287,4,False,False,0.89,0.61,False
sales,medium,2,239,6,True,False,0.89,0.96,False
sales,medium,4,274,6,False,False,0.5,0.17,False
sales,medium,4,121,2,False,False,0.6,0.61,False
sales,medium,5,199,2,False,False,0.74,0.73,False
sales,medium,3,175,3,False,False,0.39,0.3,False
sales,high,2,115,3,False,False,0.67,0.42,False
sales,low,3,194,4,True,False,0.75,0.65,False
sales,medium,2,119,3,False,False,0.45,0.17,False
sales,medium,5,162,4,True,False,0.82,0.12,False
sales,medium,5,264,2,False,False,0.78,0.7,False
sales,medium,3,179,2,False,False,0.88,0.87,False
sales,low,5,213,3,False,False,0.44,0.43,False
sales,low,3,269,2,False,False,0.65,0.84,False
sales,low,3,160,3,False,False,0.55,0.94,False
accounting,low,4,133,2,False,False,0.76,0.89,False
accounting,low,5,201,3,False,False,0.75,0.69,False
accounting,low,4,160,5,False,False,0.99,0.18,False
hr,low,3,274,3,False,False,0.69,0.98,False
hr,low,5,245,4,False,False,0.88,0.3,False
hr,medium,3,237,3,False,False,0.53,0.51,False
hr,medium,3,279,6,False,False,0.9,0.76,False
engineering,medium,4,207,3,False,False,0.96,0.67,False
engineering,medium,4,218,6,False,False,0.84,0.12,False
engineering,medium,5,240,2,False,False,0.41,0.42,False
engineering,medium,3,153,3,False,False,0.76,0.69,False
engineering,medium,3,144,2,False,False,0.96,0.63,False
engineering,medium,2,159,3,True,False,0.62,0.66,False
engineering,medium,3,237,2,False,False,0.5,0.5,False
engineering,medium,5,148,2,True,False,0.82,0.67,False
engineering,medium,4,205,3,False,False,0.62,0.59,False
engineering,medium,2,264,3,True,False,0.78,0.75,False
engineering,medium,5,189,2,False,False,0.89,0.88,False
support,medium,3,243,3,False,False,0.75,0.99,False
support,medium,2,199,2,False,False,0.42,0.44,False
support,medium,4,205,2,False,False,0.78,0.65,False
support,medium,3,184,4,False,False,0.63,0.88,False
support,medium,2,274,4,False,False,0.79,0.58,False
support,medium,4,181,3,False,False,0.9,0.99,False
support,medium,3,205,2,False,False,0.71,0.76,False
support,medium,5,172,5,False,False,0.98,0.14,False
support,medium,3,164,2,False,False,0.86,0.57,False
support,medium,3,138,2,True,False,0.82,0.52,False
support,medium,5,262,3,False,False,0.55,0.71,False
engineering,medium,5,264,3,False,False,0.75,0.27,False
engineering,high,3,225,2,False,False,0.52,0.49,False
engineering,high,3,199,2,False,False,0.5,0.59,False
management,high,6,210,5,False,False,0.65,0.24,False
IT,high,6,226,4,False,False,0.87,0.18,False
IT,high,5,134,3,False,False,0.62,0.73,False
IT,high,6,111,6,False,False,0.63,0.78,False
IT,high,5,142,2,True,False,0.73,0.94,False
IT,high,3,213,3,False,False,0.53,0.86,False
product_management,high,4,139,2,False,False,0.88,0.97,False
product_management,high,3,145,3,False,False,0.54,0.49,False
product_management,high,4,149,6,False,False,0.48,0.82,False
product_management,high,4,147,2,True,False,0.64,0.86,False
IT,low,3,193,3,True,False,0.39,0.3,False
r&d,low,4,270,2,False,False,0.38,0.7,False
r&d,low,5,266,3,False,False,0.78,0.8,False
r&d,low,2,278,4,False,False,0.63,0.36,False
r&d,low,3,165,2,False,False,0.61,0.4,False
r&d,low,4,175,2,False,False,0.58,0.8,False
marketing,low,4,140,4,False,False,0.73,0.98,False
sales,low,3,149,3,False,False,0.67,0.92,False
accounting,low,3,205,4,False,False,1.0,0.68,False
support,low,3,253,3,False,False,0.59,1.0,False
engineering,low,3,222,4,False,False,0.54,0.8,False
management,low,4,216,4,False,False,0.69,0.85,False
marketing,low,3,139,2,False,False,0.6,0.69,False
marketing,low,4,252,2,False,False,0.52,0.57,False
marketing,low,2,173,2,False,False,0.72,0.33,False
sales,medium,6,178,3,True,False,0.48,0.19,False
sales,medium,3,160,2,False,False,0.63,0.5,False
sales,medium,3,261,4,False,False,0.88,0.52,False
sales,medium,6,188,3,False,False,0.52,0.13,False
sales,medium,4,219,5,False,False,0.73,0.18,False
sales,medium,4,263,3,False,False,0.64,0.86,False
sales,medium,4,165,3,False,False,0.59,0.86,False
sales,medium,6,218,6,False,False,0.76,0.16,False
sales,medium,2,239,3,True,False,0.46,0.43,False
sales,medium,3,212,2,True,False,0.63,0.79,False
sales,medium,4,133,3,False,False,0.67,0.51,False
sales,medium,5,250,3,True,False,0.55,0.83,False
sales,high,3,114,3,False,False,0.45,0.61,False
sales,high,3,168,2,False,False,0.57,0.65,False
sales,high,4,252,2,False,False,0.83,0.95,False
sales,high,5,189,4,False,False,0.64,0.63,False
sales,high,3,265,2,True,False,0.6,0.72,False
sales,high,3,176,3,False,False,0.57,0.8,False
sales,high,4,150,4,False,False,0.57,0.7,False
accounting,high,5,97,6,True,False,0.79,0.45,False
accounting,low,4,265,2,False,False,0.85,0.64,False
accounting,low,4,260,4,False,False,0.48,0.94,False
hr,low,4,164,2,False,False,0.76,0.57,False
hr,low,4,142,2,False,False,0.56,0.35,False
hr,low,2,247,4,False,False,0.81,0.75,False
hr,low,5,182,3,False,False,0.92,0.7,False
engineering,low,2,238,3,False,False,0.47,0.7,False
engineering,low,3,191,3,False,False,0.62,0.61,False
engineering,medium,4,178,3,False,False,0.87,0.78,False
engineering,medium,4,208,2,False,False,0.77,0.97,False
engineering,medium,3,256,2,False,False,0.76,0.51,False
engineering,medium,5,243,3,False,False,0.71,0.56,False
engineering,medium,3,233,3,False,False,0.55,0.87,False
engineering,medium,5,200,3,False,False,0.78,0.64,False
engineering,medium,2,226,2,True,False,0.85,0.6,False
engineering,medium,2,150,2,False,False,0.76,0.9,False
engineering,medium,2,141,2,False,False,0.62,0.54,False
support,medium,5,139,3,False,False,0.8,0.23,False
support,medium,3,199,4,True,False,0.81,0.8,False
support,medium,4,154,6,True,False,0.78,0.23,False
support,medium,3,247,2,False,False,0.51,0.81,False
support,medium,5,239,5,False,False,0.6,0.35,False
support,medium,4,137,2,False,False,0.8,0.67,False
support,medium,4,119,5,False,False,0.6,0.46,False
support,medium,4,134,5,True,False,0.98,0.84,False
support,medium,3,243,4,False,False,0.79,0.92,False
support,medium,5,210,3,False,False,0.93,0.75,False
support,medium,4,265,2,False,False,0.57,0.7,False
engineering,medium,4,204,3,False,False,0.75,0.7,False
engineering,medium,6,273,5,False,False,0.81,0.9,False
engineering,medium,3,177,2,False,False,1.0,0.8,False
management,high,5,285,6,False,False,0.65,0.5,False
IT,low,4,222,2,False,False,0.72,0.84,False
IT,medium,3,185,2,True,False,0.94,0.48,False
IT,medium,5,151,6,False,False,0.87,0.98,False
IT,medium,3,109,4,False,False,0.96,0.64,False
IT,medium,4,192,4,False,False,0.53,0.58,False
product_management,medium,4,139,3,False,False,0.89,0.66,False
product_management,medium,4,191,2,False,False,0.98,0.76,False
product_management,medium,6,114,3,False,False,0.42,0.32,False
product_management,medium,3,212,2,False,False,0.87,0.49,False
IT,medium,3,162,2,False,False,0.51,0.81,False
r&d,medium,5,191,5,False,False,0.48,0.42,False
r&d,low,3,234,3,False,False,0.85,0.17,False
r&d,low,4,265,3,False,False,0.59,0.49,False
r&d,low,6,283,2,False,False,0.69,0.34,False
r&d,low,3,232,4,False,False,0.81,0.86,False
marketing,low,4,208,3,True,False,0.71,0.51,False
sales,low,4,258,3,True,False,0.99,0.49,False
accounting,low,3,175,2,False,False,0.63,0.49,False
support,high,3,238,3,False,False,0.59,0.51,False
engineering,low,3,166,3,False,False,0.52,0.64,False
management,high,4,225,2,False,False,0.85,0.62,False
marketing,high,4,221,6,False,False,0.52,0.81,False
marketing,low,2,263,3,False,False,0.57,0.95,False
marketing,low,4,218,4,True,False,0.66,0.88,False
sales,high,5,236,4,False,False,0.68,0.87,False
sales,low,5,133,2,False,False,0.68,0.73,False
sales,medium,2,237,3,False,False,0.73,0.98,False
sales,high,3,204,6,False,False,0.48,0.77,False
sales,medium,3,166,3,False,False,0.99,0.76,False
sales,medium,4,189,2,True,False,0.93,0.21,False
sales,medium,4,251,3,False,False,0.63,0.72,False
sales,medium,2,121,2,False,False,0.56,0.41,False
sales,high,3,149,2,False,False,0.56,0.9,False
sales,medium,5,198,2,False,False,0.9,0.96,False
sales,medium,4,163,3,False,False,0.48,0.61,False
sales,medium,4,222,2,False,False,0.8,0.6,False
sales,high,2,107,4,False,False,0.76,0.5,False
sales,medium,4,162,2,False,False,0.61,0.79,False
sales,high,6,192,3,False,False,0.69,0.32,False
sales,low,5,236,3,False,False,0.59,0.85,False
sales,medium,5,225,2,False,False,0.62,0.9,False
sales,medium,4,167,2,False,False,0.54,0.74,False
sales,medium,6,219,4,True,False,0.76,0.21,False
accounting,medium,3,255,3,False,False,0.61,0.91,False
accounting,low,5,137,2,False,False,0.66,0.9,False
accounting,low,4,193,3,False,False,0.99,0.74,False
hr,low,3,239,2,False,False,0.75,0.76,False
hr,low,5,179,5,False,False,0.61,0.45,False
hr,low,3,205,2,True,False,0.63,0.73,False
hr,low,3,140,5,True,False,0.73,0.6,False
engineering,low,5,256,2,False,False,0.77,0.8,False
engineering,low,4,243,3,False,False,0.7,0.53,False
engineering,low,5,163,3,False,False,0.63,0.97,False
engineering,low,3,167,2,False,False,0.99,0.64,False
engineering,high,4,190,5,False,False,0.59,0.92,False
engineering,low,5,145,3,True,False,0.57,0.6,False
engineering,low,4,265,4,False,False,0.6,1.0,False
engineering,low,4,272,2,False,False,0.63,0.69,False
engineering,low,5,140,5,False,False,0.45,0.53,False
engineering,high,4,236,2,False,False,0.58,0.63,False
engineering,low,4,255,3,True,False,0.89,0.57,False
support,low,5,131,6,False,False,0.45,0.79,False
support,low,4,209,6,False,False,0.92,0.68,False
support,high,3,250,2,False,False,0.61,0.56,False
support,low,3,201,2,True,False,0.51,0.48,False
support,medium,4,271,2,False,False,0.67,0.59,False
support,high,6,237,5,False,False,0.76,0.34,False
support,medium,3,239,4,False,False,0.87,0.98,False
support,high,2,135,3,True,False,0.45,0.36,False
support,medium,2,182,2,False,False,0.58,0.6,False
support,medium,6,193,4,False,False,0.54,0.24,False
support,medium,4,192,3,True,False,0.72,0.67,False
engineering,medium,5,144,6,False,False,0.6,0.17,False
engineering,medium,3,251,3,False,False,0.58,0.57,False
engineering,medium,3,161,2,False,False,0.85,0.7,False
management,medium,3,171,3,False,False,0.62,0.73,False
IT,medium,4,153,5,False,False,0.86,0.61,False
IT,high,4,161,2,False,False,0.96,0.95,False
IT,low,3,226,4,False,False,0.55,0.85,False
IT,medium,3,193,3,False,False,0.9,0.72,False
IT,medium,4,204,3,False,False,0.66,0.84,False
product_management,medium,2,158,2,False,False,0.47,0.57,False
product_management,medium,3,236,4,False,False,0.69,0.69,False
product_management,medium,4,191,3,False,False,0.68,0.57,False
product_management,medium,6,104,4,False,False,0.59,0.52,False
IT,medium,3,245,2,False,False,0.55,0.56,False
r&d,medium,3,186,3,True,False,0.74,0.75,False
r&d,medium,5,168,4,True,False,0.75,0.98,False
r&d,high,4,262,3,True,False,0.55,0.48,False
r&d,low,2,116,3,False,False,0.67,0.35,False
r&d,low,4,187,2,False,False,0.93,0.66,False
marketing,low,5,184,3,False,False,0.9,0.79,False
marketing,high,4,155,3,False,False,0.53,0.86,False
sales,low,5,190,2,False,False,1.0,0.88,False
accounting,low,3,242,3,False,False,0.64,0.83,False
support,low,5,204,2,False,False,0.64,0.8,False
engineering,high,4,232,3,False,False,0.69,0.64,False
management,low,4,245,2,False,False,0.59,0.72,False
marketing,low,3,251,2,False,False,0.61,0.67,False
marketing,low,4,179,2,False,False,0.7,0.75,False
marketing,low,4,153,2,False,False,0.95,0.65,False
sales,low,5,210,6,False,False,0.98,0.98,False
sales,low,2,257,2,True,False,0.8,0.68,False
sales,low,3,137,4,False,False,0.37,0.52,False
sales,medium,4,179,2,False,False,0.93,0.68,False
sales,medium,4,213,3,False,False,0.74,0.92,False
sales,medium,3,106,6,True,False,0.79,0.86,False
sales,medium,4,272,2,False,False,0.99,0.5,False
sales,medium,4,153,2,False,False,0.37,0.35,False
sales,medium,5,172,3,False,False,0.97,0.76,False
sales,medium,4,224,2,False,False,0.95,0.66,False
sales,medium,3,230,3,True,False,0.71,0.58,False
sales,medium,4,222,4,False,False,0.97,0.55,False
sales,medium,3,270,3,False,False,0.53,0.9,False
sales,medium,4,205,3,False,False,0.71,0.75,False
sales,medium,4,134,3,True,False,0.63,0.9,False
sales,high,5,275,4,True,False,0.54,0.14,False
sales,low,4,183,3,False,False,0.57,0.86,False
sales,medium,4,143,4,False,False,0.84,0.56,False
sales,medium,5,259,2,False,False,0.63,0.54,False
accounting,medium,5,186,4,False,False,0.8,0.36,False
accounting,medium,3,155,3,False,False,0.59,0.82,False
accounting,low,2,266,3,False,False,0.42,0.49,False
hr,low,3,215,2,False,False,0.97,0.77,False
hr,low,4,179,3,False,False,0.83,0.64,False
hr,low,3,217,3,False,False,0.53,0.93,False
hr,low,5,235,3,False,False,0.94,0.96,False
engineering,low,3,164,2,False,False,0.97,0.6,False
engineering,low,3,178,5,False,False,0.55,0.58,False
engineering,low,5,170,3,False,False,0.49,0.52,False
engineering,low,5,241,3,False,False,0.79,0.74,False
engineering,low,4,222,2,False,False,0.99,0.64,False
engineering,low,3,233,3,False,False,0.59,0.93,False
engineering,low,5,243,3,False,False,0.49,0.76,False
engineering,low,4,175,2,False,False,0.54,0.5,False
engineering,low,4,266,3,False,False,0.55,0.79,False
engineering,low,5,201,2,False,False,0.95,0.97,False
engineering,low,5,259,4,False,False,0.49,0.6,False
support,low,5,105,5,False,False,0.73,0.84,False
support,low,5,189,3,False,False,0.99,0.75,False
support,low,4,232,2,False,False,0.91,0.24,False
support,low,5,258,6,False,False,0.91,0.24,False
support,low,5,173,3,False,False,0.58,0.51,False
support,medium,4,147,3,False,False,0.88,0.5,False
support,medium,3,256,6,False,False,0.36,0.66,False
support,medium,3,206,4,False,False,0.77,0.97,False
support,medium,4,175,3,False,False,0.5,0.61,False
support,medium,4,274,2,True,False,0.49,0.77,False
support,medium,3,229,3,False,False,0.64,0.74,False
engineering,medium,4,161,3,False,False,0.98,0.92,False
engineering,medium,2,188,2,False,False,0.99,0.78,False
engineering,medium,3,205,3,False,False,0.57,0.56,False
management,medium,3,246,3,False,False,0.63,0.82,False
IT,medium,5,161,5,False,False,0.98,0.26,False
IT,medium,5,246,3,False,False,0.85,0.69,False
IT,high,4,158,3,False,False,0.83,0.78,False
IT,low,3,175,3,False,False,0.86,0.67,False
IT,medium,5,268,3,True,False,0.91,0.77,False
product_management,medium,4,211,2,False,False,0.63,0.8,False
product_management,medium,3,274,2,False,False,0.51,0.51,False
product_management,medium,4,241,3,False,False,0.52,0.77,False
product_management,low,3,170,2,False,False,0.71,0.65,False
IT,low,3,287,5,False,False,0.53,0.58,False
r&d,low,2,235,6,False,False,0.39,0.67,False
r&d,low,3,98,3,True,False,0.39,0.33,False
r&d,low,6,105,5,True,False,0.66,0.78,False
r&d,low,3,226,3,False,False,0.83,0.58,False
r&d,low,4,171,4,False,False,0.59,0.63,False
r&d,low,4,153,4,False,False,0.51,0.63,False
marketing,low,3,183,4,False,False,0.55,0.59,False
sales,low,5,139,3,False,False,0.9,0.6,False
accounting,low,5,210,3,False,False,0.9,0.93,False
support,low,2,177,4,False,False,0.77,0.78,False
engineering,low,3,148,2,False,False,0.6,0.65,False
management,low,4,198,2,False,False,0.61,1.0,False
marketing,low,3,137,4,True,False,1.0,0.96,False
marketing,low,5,233,3,True,False,0.97,0.54,False
marketing,low,2,204,4,False,False,0.69,0.98,False
sales,low,2,164,2,False,False,0.59,0.34,False
sales,low,5,162,2,False,False,0.53,0.71,False
sales,low,3,180,2,True,False,0.64,0.64,False
sales,low,2,199,2,False,False,0.93,0.71,False
sales,medium,4,190,2,False,False,0.63,0.58,False
sales,medium,4,151,3,True,False,0.96,0.87,False
sales,medium,4,162,3,False,False,0.85,0.58,False
sales,medium,3,139,2,False,False,0.67,0.87,False
sales,medium,3,231,3,True,False,0.86,0.72,False
sales,medium,5,269,2,False,False,0.83,0.67,False
sales,medium,4,249,3,False,False,0.97,0.53,False
sales,medium,3,148,2,False,False,0.61,0.78,False
sales,medium,4,233,5,False,False,0.63,0.19,False
sales,medium,4,240,4,False,False,0.88,1.0,False
sales,medium,5,229,2,True,False,0.75,0.75,False
sales,medium,3,256,2,True,False,0.66,0.29,False
sales,high,2,188,2,False,False,0.7,0.37,False
sales,low,3,167,2,False,False,0.5,0.78,False
sales,medium,5,190,4,False,False,0.64,0.24,False
accounting,medium,4,168,3,False,False,0.7,0.49,False
accounting,medium,6,154,5,False,False,0.64,0.18,False
accounting,medium,4,135,3,False,False,0.85,0.76,False
hr,low,4,217,3,False,False,0.97,0.5,False
hr,low,3,253,2,False,False,0.94,0.82,False
hr,low,3,180,3,False,False,0.94,0.97,False
hr,low,4,225,2,False,False,0.9,0.72,False
engineering,low,4,134,3,True,False,0.64,0.98,False
engineering,low,3,192,2,False,False,0.73,0.76,False
engineering,low,3,224,3,False,False,0.88,0.72,False
engineering,low,3,260,5,False,False,0.91,0.96,False
engineering,low,3,178,3,True,False,0.78,0.62,False
engineering,low,4,166,5,True,False,0.98,0.25,False
engineering,low,5,180,3,False,False,0.56,0.82,False
engineering,low,3,189,2,False,False,0.9,0.59,False
engineering,low,3,154,3,False,False,0.73,0.94,False
engineering,low,3,236,3,False,False,0.88,0.72,False
engineering,low,5,198,3,False,False,0.78,0.53,False
support,low,3,148,3,False,False,0.83,0.67,False
support,low,4,205,2,False,False,0.52,0.99,False
support,low,4,133,3,False,False,0.53,0.64,False
support,low,4,160,3,True,False,0.57,0.61,False
support,low,4,201,2,True,False,0.85,0.89,False
support,low,5,157,4,False,False,0.7,0.61,False
support,medium,3,260,2,False,False,0.74,0.9,False
support,medium,5,152,3,False,False,0.51,0.96,False
support,medium,4,218,3,False,False,0.55,0.62,False
support,medium,3,252,2,False,False,0.57,0.89,False
support,medium,4,216,3,False,False,0.67,0.52,False
engineering,medium,3,183,2,False,False,0.99,0.66,False
engineering,medium,5,269,2,False,False,0.6,0.96,False
engineering,medium,5,132,4,False,False,0.89,0.95,False
management,medium,4,170,4,False,False,0.98,0.75,False
IT,medium,5,257,5,True,False,0.87,0.39,False
IT,medium,3,138,2,False,False,0.69,0.93,False
IT,medium,3,115,3,False,False,0.54,0.44,False
IT,high,3,165,2,False,False,0.67,0.9,False
IT,low,3,214,3,False,False,0.81,0.75,False
product_management,medium,2,246,2,False,False,0.75,0.45,False
product_management,medium,2,188,3,False,False,0.6,0.42,False
product_management,medium,3,255,2,False,False,0.82,0.99,False
product_management,medium,4,190,2,False,False,0.91,0.89,False
IT,low,4,164,4,False,False,0.9,0.96,False
r&d,low,3,165,3,False,False,0.46,0.5,False
r&d,low,3,141,3,False,False,0.59,0.59,False
r&d,low,3,154,2,False,False,0.69,0.57,False
r&d,low,3,165,2,False,False,0.87,1.0,False
r&d,low,5,266,2,False,False,0.59,0.6,False
r&d,low,6,235,6,False,False,0.85,0.21,False
marketing,low,4,159,2,False,False,0.83,0.63,False
sales,low,3,218,3,False,False,0.82,0.8,False
accounting,low,3,149,4,False,False,0.96,0.51,False
support,low,5,239,3,False,False,0.96,0.89,False
engineering,low,4,225,3,False,False,0.58,0.83,False
management,low,6,247,3,False,False,0.74,0.77,False
marketing,low,4,183,2,False,False,0.99,0.79,False
marketing,low,5,214,2,False,False,0.85,0.63,False
marketing,low,5,113,2,False,False,0.48,0.68,False
sales,low,4,244,2,False,False,0.69,0.74,False
sales,low,6,286,4,False,False,0.67,0.49,False
sales,medium,3,139,2,False,False,0.55,0.46,False
sales,medium,5,176,3,False,False,0.91,0.9,False
sales,medium,5,136,3,False,False,0.67,0.7,False
sales,medium,4,222,2,False,False,0.71,0.84,False
sales,medium,4,269,4,False,False,0.77,0.89,False
sales,medium,4,183,2,False,False,0.87,0.59,False
sales,medium,3,206,3,False,False,0.72,0.57,False
sales,medium,3,158,3,False,False,0.49,0.53,False
sales,medium,4,136,3,False,False,0.89,0.83,False
sales,medium,4,182,2,False,False,0.66,0.51,False
sales,medium,4,268,3,False,False,0.61,0.78,False
sales,medium,3,144,3,False,False,0.69,0.52,False
sales,high,5,286,4,False,False,0.5,0.42,False
sales,low,2,268,3,False,False,0.38,0.61,False
sales,medium,3,255,3,False,False,1.0,0.85,False
sales,medium,6,245,5,False,False,0.85,0.17,False
sales,medium,3,134,2,True,False,0.52,0.79,False
accounting,medium,3,251,3,True,False,0.98,0.56,False
accounting,low,5,165,2,False,False,0.73,0.5,False
accounting,low,3,223,2,True,False,0.53,0.51,False
hr,low,4,225,4,False,False,0.67,0.77,False
hr,low,3,196,3,True,False,0.9,0.84,False
hr,low,3,253,3,False,False,0.49,0.21,False
hr,low,5,222,3,False,False,0.57,0.65,False
engineering,low,4,135,3,False,False,0.87,0.95,False
engineering,low,4,217,2,False,False,0.75,0.8,False
engineering,low,5,192,2,False,False,0.85,0.77,False
engineering,low,3,172,3,False,False,0.7,0.57,False
engineering,low,4,183,3,False,False,0.55,0.92,False
engineering,low,5,186,2,False,False,0.71,1.0,False
engineering,low,4,163,3,False,False,0.67,0.85,False
engineering,low,4,262,3,False,False,0.8,0.57,False
engineering,low,3,202,3,False,False,0.68,0.66,False
engineering,low,4,248,3,False,False,0.8,0.85,False
engineering,low,5,214,2,False,False,0.5,0.99,False
support,low,4,260,4,False,False,0.82,0.91,False
support,low,4,260,3,False,False,0.97,0.96,False
support,low,4,251,2,False,False,0.52,0.49,False
support,low,5,179,5,False,False,0.85,0.39,False
support,medium,4,178,2,True,False,0.74,0.87,False
support,medium,6,210,4,False,False,0.85,0.19,False
support,medium,3,273,4,False,False,0.83,0.9,False
support,medium,5,166,2,False,False,0.5,0.5,False
support,medium,5,246,2,False,False,0.9,0.7,False
support,medium,5,192,3,False,False,0.55,0.52,False
support,medium,3,274,3,False,False,0.69,0.71,False
engineering,medium,3,232,3,False,False,0.41,0.4,False
engineering,medium,3,158,4,False,False,0.53,0.96,False
engineering,medium,5,137,3,False,False,0.92,0.86,False
management,medium,3,209,2,False,False,0.85,0.68,False
IT,medium,3,206,2,False,False,0.64,0.56,False
IT,high,3,230,2,False,False,0.56,0.65,False
IT,low,5,239,3,False,False,0.61,0.98,False
IT,medium,5,159,6,False,False,0.51,0.18,False
IT,medium,4,244,2,False,False,0.65,0.66,False
product_management,medium,5,259,5,False,False,0.51,0.14,False
product_management,medium,5,245,3,True,False,0.8,0.94,False
product_management,low,3,141,2,True,False,1.0,0.56,False
product_management,low,5,202,4,False,False,0.8,0.56,False
IT,low,5,143,3,True,False,0.89,0.59,False
r&d,low,4,286,5,True,False,0.62,0.63,False
r&d,low,5,173,3,False,False,0.88,0.97,False
r&d,low,5,195,3,False,False,0.7,0.76,False
r&d,low,4,167,4,False,False,0.58,0.85,False
r&d,low,5,197,4,True,False,0.73,0.23,False
r&d,low,3,255,5,False,False,0.62,0.68,False
marketing,low,3,274,3,False,False,0.73,0.71,False
sales,low,3,192,2,False,False,0.59,0.5,False
accounting,low,3,225,3,False,False,0.7,0.61,False
support,low,3,209,2,True,False,0.65,0.99,False
engineering,low,5,222,3,False,False,0.86,0.97,False
management,low,5,208,2,False,False,0.71,0.82,False
marketing,low,5,162,5,False,False,0.68,0.72,False
marketing,low,3,135,2,False,False,0.74,0.53,False
marketing,low,4,200,3,False,False,0.87,0.55,False
sales,low,4,159,4,False,False,0.53,0.52,False
sales,low,5,156,2,False,False,0.81,0.8,False
sales,low,4,169,3,True,False,0.95,0.51,False
sales,medium,4,154,3,False,False,0.65,0.66,False
sales,medium,2,169,3,False,False,0.43,0.56,False
sales,medium,3,233,3,True,False,0.84,0.5,False
sales,medium,3,218,2,True,False,0.78,0.94,False
sales,medium,4,279,6,False,False,0.8,0.42,False
sales,medium,3,195,3,False,False,0.61,0.6,False
sales,medium,4,223,3,False,False,0.71,0.55,False
sales,medium,3,275,4,True,False,0.72,0.76,False
sales,medium,3,234,3,True,False,0.74,0.84,False
sales,medium,4,113,6,False,False,0.62,0.33,False
sales,medium,3,133,5,False,False,0.95,0.61,False
sales,medium,5,158,4,False,False,0.93,0.91,False
sales,high,4,214,3,False,False,0.74,0.73,False
sales,low,4,272,4,False,False,0.67,0.87,False
sales,medium,2,127,4,False,False,0.42,0.38,False
sales,medium,4,141,3,True,False,0.51,0.8,False
accounting,medium,5,263,3,True,False,0.8,0.69,False
accounting,medium,5,174,5,False,False,0.92,0.99,False
accounting,low,5,246,2,True,False,0.76,0.92,False
hr,low,3,201,2,False,False,0.88,0.6,False
hr,low,3,181,3,False,False,0.93,0.89,False
hr,low,3,238,2,False,False,0.93,0.91,False
hr,low,3,167,2,False,False,0.52,0.35,False
engineering,low,5,224,2,False,False,0.68,0.88,False
engineering,low,3,182,3,True,False,0.69,0.66,False
engineering,low,4,189,2,False,False,0.55,0.21,False
engineering,medium,3,169,2,True,False,0.64,0.78,False
engineering,medium,4,287,5,False,False,0.96,0.21,False
engineering,medium,3,150,2,False,False,0.94,0.64,False
engineering,medium,4,146,2,False,False,0.95,0.68,False
engineering,medium,4,162,4,False,False,0.87,0.99,False
engineering,medium,4,158,5,False,False,0.55,0.85,False
engineering,medium,3,185,2,False,False,0.51,0.86,False
engineering,medium,3,214,3,False,False,0.98,0.89,False
support,medium,4,200,3,False,False,0.85,0.49,False
support,medium,4,219,2,False,False,0.97,0.76,False
support,medium,3,218,3,False,False,0.87,0.79,False
support,medium,4,237,2,False,False,0.64,0.89,False
support,medium,3,105,3,False,False,0.51,0.34,False
support,medium,3,251,3,True,False,0.92,0.81,False
support,medium,3,227,2,False,False,0.7,0.96,False
support,medium,3,158,2,False,False,0.87,0.7,False
support,medium,4,252,2,False,False,0.61,0.92,False
support,medium,4,198,3,False,False,0.76,0.5,False
support,medium,2,192,3,False,False,0.72,0.75,False
engineering,medium,2,139,4,False,False,0.38,0.42,False
engineering,medium,6,205,3,False,False,0.4,0.29,False
engineering,medium,3,224,3,False,False,0.48,0.91,False
management,medium,4,267,4,False,False,0.97,0.55,False
IT,medium,4,200,3,True,False,0.81,0.57,False
IT,medium,3,97,6,False,False,0.48,0.27,False
IT,high,6,253,3,False,False,0.43,0.7,False
IT,high,4,191,2,False,False,0.68,0.63,False
IT,high,5,199,2,True,False,0.63,0.97,False
product_management,high,3,127,4,False,False,0.52,0.28,False
product_management,high,3,187,2,False,False,0.6,0.7,False
product_management,high,4,215,3,False,False,0.51,0.83,False
product_management,high,4,176,6,True,False,0.76,0.22,False
IT,high,3,194,2,False,False,0.47,0.55,False
r&d,high,3,216,3,False,False,0.77,0.33,False
r&d,high,4,185,3,False,False,0.78,0.5,False
r&d,high,5,140,3,False,False,0.88,0.93,False
r&d,high,3,260,4,False,False,0.66,0.77,False
r&d,low,5,137,4,False,False,0.97,0.93,False
r&d,low,4,151,2,False,False,1.0,0.72,False
marketing,low,3,152,2,False,False,0.53,0.78,False
sales,low,4,166,2,False,False,0.75,0.55,False
accounting,low,3,261,2,False,False,0.86,0.39,False
support,low,3,235,3,False,False,0.78,0.67,False
engineering,low,3,201,2,False,False,0.89,0.61,False
management,low,6,250,5,True,False,0.69,0.6,False
marketing,low,4,146,2,False,False,0.64,0.48,False
marketing,low,4,195,3,False,False,0.84,0.75,False
marketing,low,4,259,3,False,False,0.58,0.87,False
sales,low,4,166,4,True,False,0.54,0.51,False
sales,low,4,188,4,True,False,0.9,0.63,False
sales,low,3,203,2,False,False,0.57,0.6,False
sales,low,3,167,3,False,False,0.99,0.7,False
sales,medium,2,258,3,True,False,0.99,0.5,False
sales,medium,2,126,3,False,False,0.51,0.59,False
sales,medium,6,246,4,False,False,0.39,0.52,False
sales,medium,3,205,3,False,False,0.49,0.55,False
sales,medium,5,201,3,True,False,0.62,0.81,False
sales,medium,4,197,3,False,False,0.98,0.94,False
sales,medium,3,272,3,False,False,0.61,0.98,False
sales,medium,4,206,2,False,False,0.84,0.83,False
sales,medium,3,184,3,False,False,0.62,0.93,False
sales,medium,3,199,2,False,False,0.54,0.99,False
sales,medium,4,220,3,False,False,0.57,0.55,False
sales,medium,3,233,3,False,False,0.83,0.96,False
sales,high,3,221,3,False,False,0.77,0.28,False
sales,high,6,168,5,True,False,0.6,0.97,False
sales,high,3,251,3,False,False,0.78,0.8,False
accounting,high,2,188,3,False,False,0.55,0.75,False
accounting,high,3,203,3,False,False,0.88,0.89,False
accounting,high,5,168,2,True,False,0.76,0.6,False
hr,high,3,227,2,True,False,0.98,0.73,False
hr,high,4,159,2,False,False,0.75,0.88,False
hr,low,3,159,3,False,False,0.7,0.5,False
hr,low,5,275,5,False,False,0.78,0.53,False
engineering,low,6,283,2,False,False,0.43,0.95,False
engineering,low,5,169,3,False,False,0.53,0.94,False
engineering,low,3,227,4,True,False,0.8,0.49,False
engineering,low,3,147,4,False,False,0.57,0.59,False
engineering,low,3,227,2,False,False,0.91,0.51,False
engineering,low,4,166,3,False,False,0.66,0.66,False
engineering,medium,4,168,6,False,False,0.94,0.76,False
engineering,medium,3,229,6,False,False,0.59,0.12,False
engineering,medium,3,134,3,False,False,0.65,0.84,False
engineering,medium,3,196,3,False,False,0.81,0.94,False
engineering,medium,4,181,3,False,False,0.84,0.63,False
support,medium,4,177,3,True,False,0.99,0.79,False
support,medium,3,272,2,True,False,0.68,0.85,False
support,medium,3,213,3,False,False,0.52,0.74,False
support,medium,6,220,3,False,False,0.75,0.23,False
support,medium,4,274,2,False,False,0.51,0.62,False
support,medium,6,242,6,False,False,0.56,0.36,False
support,medium,4,182,3,False,False,0.83,0.7,False
support,medium,5,172,4,False,False,0.75,0.57,False
support,medium,3,226,3,False,False,0.99,0.83,False
support,medium,3,132,2,False,False,0.96,0.71,False
support,medium,6,121,3,False,False,0.72,0.23,False
engineering,medium,4,207,2,False,False,0.69,0.59,False
engineering,medium,2,141,3,False,False,0.61,0.69,False
engineering,medium,5,189,3,False,False,0.81,0.63,False
management,medium,6,269,4,True,False,0.59,0.9,False
IT,medium,4,200,4,False,False,0.57,0.31,False
IT,medium,3,199,2,False,False,0.62,0.92,False
IT,medium,4,213,3,False,False,0.87,0.96,False
IT,high,6,105,4,False,False,0.51,0.66,False
IT,low,4,141,2,False,False,0.97,0.48,False
product_management,medium,3,255,3,True,False,0.55,0.15,False
product_management,medium,3,217,4,False,False,0.79,0.59,False
product_management,medium,6,165,5,False,False,0.85,0.66,False
product_management,medium,5,220,2,False,False,0.92,0.69,False
IT,medium,4,241,4,False,False,0.79,0.65,False
r&d,medium,5,274,3,False,False,0.94,0.58,False
r&d,medium,4,224,4,False,False,0.57,0.72,False
r&d,medium,5,240,5,False,False,0.99,0.65,False
r&d,medium,5,210,3,False,False,0.77,0.63,False
r&d,medium,3,215,2,False,False,0.87,0.55,False
marketing,low,4,254,2,False,False,0.56,0.74,False
sales,low,4,150,4,True,False,0.84,0.58,False
accounting,low,4,177,3,False,False,0.72,0.71,False
support,low,5,101,4,True,False,0.37,0.83,False
engineering,low,3,183,2,False,False,0.52,0.63,False
management,low,3,224,3,False,False,0.61,0.56,False
marketing,low,3,263,3,False,False,0.55,0.88,False
marketing,high,3,207,2,False,False,0.55,0.82,False
marketing,low,3,243,3,False,False,0.72,0.69,False
sales,high,3,157,4,True,False,0.54,0.57,False
sales,high,3,242,3,False,False,0.69,0.75,False
sales,low,4,265,2,False,False,0.98,0.6,False
sales,low,3,196,4,False,False,0.92,0.96,False
sales,high,4,135,2,False,False,0.67,0.75,False
sales,low,6,270,3,False,False,0.61,1.0,False
sales,medium,4,201,2,False,False,0.97,0.92,False
sales,high,5,225,4,False,False,0.93,0.84,False
sales,medium,4,205,3,False,False,0.77,0.82,False
sales,medium,3,131,3,False,False,0.42,0.74,False
sales,medium,2,118,4,False,False,0.39,0.21,False
sales,medium,5,187,3,False,False,0.64,0.62,False
sales,high,3,275,2,False,False,0.48,0.54,False
sales,medium,5,125,4,False,False,0.97,0.55,False
sales,medium,4,270,3,True,False,0.55,0.84,False
sales,medium,2,123,2,False,False,0.56,0.61,False
sales,high,3,281,3,False,False,0.53,0.64,False
sales,medium,3,223,2,False,False,0.51,0.92,False
sales,high,3,268,2,False,False,0.87,0.86,False
accounting,low,4,174,3,False,False,0.74,0.6,False
accounting,medium,3,162,3,True,False,0.92,0.86,False
accounting,medium,3,192,3,False,False,0.51,0.55,False
hr,medium,4,178,3,False,False,0.58,0.54,False
hr,medium,3,250,2,False,False,0.9,0.49,False
hr,low,3,262,4,False,False,0.72,0.98,False
hr,low,5,194,3,True,False,0.55,0.55,False
engineering,low,3,146,3,False,False,0.5,0.64,False
engineering,low,4,245,2,False,False,0.53,0.54,False
engineering,low,3,131,2,False,False,0.45,0.58,False
engineering,low,3,108,4,False,False,0.37,0.57,False
engineering,low,5,206,3,False,False,0.64,0.65,False
engineering,low,3,146,4,True,False,0.4,0.6,False
engineering,low,2,171,2,False,False,0.45,0.59,False
engineering,low,4,173,2,True,False,0.5,0.77,False
engineering,high,5,240,3,False,False,0.49,0.55,False
engineering,low,4,199,2,False,False,0.6,0.5,False
engineering,low,3,237,3,True,False,0.77,0.43,False
support,low,3,258,4,False,False,0.84,0.58,False
support,low,4,269,3,True,False,0.68,0.66,False
support,high,5,245,4,False,False,0.8,0.7,False
support,low,4,164,3,False,False,0.54,0.82,False
support,low,4,256,3,True,False,0.49,0.49,False
support,low,4,213,3,False,False,0.79,0.99,False
support,high,3,193,3,True,False,0.73,0.96,False
support,low,3,179,2,False,False,0.57,0.7,False
support,medium,6,278,5,True,False,0.89,0.22,False
support,high,3,256,2,False,False,0.52,0.91,False
support,medium,5,173,4,False,False,0.76,0.18,False
engineering,high,4,179,3,False,False,0.68,0.84,False
engineering,medium,4,145,5,False,False,0.38,0.66,False
engineering,medium,3,168,4,False,False,0.65,0.49,False
management,medium,4,213,3,False,False,0.89,0.88,False
IT,medium,6,150,5,False,False,0.91,0.69,False
IT,medium,3,262,3,False,False,0.75,0.83,False
IT,medium,4,149,4,True,False,0.84,0.56,False
IT,medium,5,139,2,False,False,0.77,0.95,False
IT,medium,3,272,2,False,False,1.0,0.56,False
product_management,high,3,252,4,False,False,0.73,0.93,False
product_management,low,3,232,4,False,False,0.52,0.84,False
product_management,medium,3,266,2,False,False,0.48,0.84,False
product_management,medium,4,264,3,False,False,0.65,0.52,False
IT,medium,4,142,2,False,False,0.8,0.98,False
r&d,medium,5,208,4,False,False,0.64,0.66,False
r&d,medium,5,178,2,True,False,0.49,0.92,False
r&d,medium,5,192,3,False,False,0.8,0.71,False
r&d,medium,4,242,2,False,False,0.92,0.65,False
r&d,medium,4,277,5,False,False,0.47,0.23,False
marketing,medium,3,173,2,True,False,0.97,0.71,False
marketing,high,4,276,6,False,False,0.65,0.21,False
sales,low,2,189,3,False,False,0.72,0.7,False
accounting,low,4,139,2,False,False,0.5,0.9,False
support,low,5,140,3,False,False,0.52,0.6,False
engineering,high,5,191,3,True,False,0.63,0.58,False
management,low,5,178,2,False,False,0.72,0.73,False
marketing,low,4,184,3,False,False,0.67,0.56,False
marketing,low,3,144,3,False,False,0.57,0.97,False
marketing,high,3,160,2,False,False,0.91,0.92,False
sales,low,3,225,2,False,False,0.68,0.77,False
sales,low,5,266,2,False,False,0.81,0.97,False
sales,low,5,154,2,False,False,0.69,0.7,False
sales,low,4,142,2,True,False,0.82,0.78,False
sales,low,3,207,4,True,False,0.87,0.77,False
sales,low,4,162,3,False,False,0.53,0.66,False
sales,low,6,287,5,True,False,0.98,0.25,False
sales,medium,2,270,6,True,False,0.87,0.89,False
sales,medium,5,160,4,True,False,0.66,0.15,False
sales,medium,6,113,2,False,False,0.91,0.26,False
sales,medium,4,178,4,False,False,0.58,0.74,False
sales,medium,3,153,2,False,False,0.83,0.52,False
sales,medium,4,255,2,False,False,0.62,0.95,False
sales,medium,4,257,3,True,False,0.82,0.66,False
sales,medium,4,243,3,False,False,0.66,0.79,False
sales,medium,3,179,3,False,False,0.94,0.98,False
sales,medium,3,123,2,False,False,0.37,0.4,False
sales,medium,3,132,2,False,False,0.68,1.0,False
sales,medium,3,134,3,False,False,0.79,0.71,False
accounting,high,3,277,2,True,False,0.45,0.48,False
accounting,low,5,265,2,False,False,1.0,0.76,False
accounting,medium,4,269,4,False,False,0.62,0.61,False
hr,medium,4,156,4,False,False,0.9,0.74,False
hr,medium,6,237,5,False,False,0.94,0.24,False
hr,medium,3,271,2,False,False,0.97,0.79,False
hr,low,3,206,2,False,False,0.98,0.75,False
engineering,low,4,192,3,False,False,0.98,0.6,False
engineering,low,4,230,3,False,False,0.95,0.72,False
engineering,low,4,261,3,False,False,0.6,1.0,False
engineering,low,3,173,3,True,False,0.88,0.55,False
engineering,low,2,109,4,True,False,0.98,0.3,False
engineering,low,3,247,4,False,False,0.59,0.89,False
engineering,low,5,163,3,False,False,0.84,0.84,False
engineering,low,4,149,4,False,False,0.64,0.67,False
engineering,low,6,218,6,False,False,0.48,0.15,False
engineering,low,4,194,2,False,False,0.75,0.59,False
engineering,low,4,157,2,False,False,0.59,0.5,False
support,low,5,244,3,False,False,0.68,0.23,False
support,low,5,169,2,False,False,0.58,0.95,False
support,low,2,146,3,True,False,0.53,0.31,False
support,low,5,207,3,False,False,0.55,0.47,False
support,low,3,195,5,False,False,0.95,0.26,False
support,low,6,148,4,False,False,0.64,0.55,False
support,low,3,272,2,False,False,0.58,0.89,False
support,low,3,185,2,False,False,0.68,0.88,False
support,low,5,260,2,True,False,0.62,0.98,False
support,medium,3,182,2,True,False,0.48,0.96,False
support,medium,3,195,3,False,False,0.65,0.85,False
engineering,medium,3,168,3,False,False,0.85,0.96,False
engineering,medium,3,198,4,True,False,0.88,0.85,False
engineering,medium,5,172,2,False,False,0.93,0.59,False
management,medium,4,216,2,True,False,0.5,0.51,False
IT,medium,3,232,2,False,False,0.75,0.5,False
IT,medium,3,148,3,False,False,0.59,0.53,False
IT,medium,4,210,2,False,False,0.83,0.44,False
IT,medium,3,197,2,False,False,0.55,0.99,False
IT,medium,4,241,3,False,False,0.83,0.73,False
product_management,medium,5,154,2,False,False,0.71,0.51,False
product_management,high,3,259,2,False,False,0.84,0.5,False
product_management,low,4,106,2,True,False,0.76,0.52,False
product_management,medium,5,262,2,False,False,0.74,0.74,False
IT,medium,2,202,2,False,False,0.89,0.69,False
r&d,medium,5,174,5,True,False,0.65,0.22,False
r&d,medium,4,240,2,False,False,0.89,0.49,False
r&d,low,5,247,3,False,False,0.57,0.7,False
r&d,low,4,148,3,False,False,0.63,0.68,False
r&d,low,5,187,2,True,False,0.84,0.66,False
marketing,low,4,183,3,False,False,0.58,0.99,False
sales,low,4,240,2,False,False,0.59,0.88,False
accounting,low,4,149,3,False,False,0.54,0.2,False
support,low,2,130,3,False,False,0.44,0.56,False
engineering,low,4,203,2,False,False,0.85,0.68,False
management,low,3,218,3,False,False,0.6,0.85,False
marketing,low,4,204,3,True,False,0.95,0.95,False
marketing,low,4,163,3,True,False,0.77,0.6,False
marketing,low,4,183,3,False,False,0.53,0.61,False
sales,low,4,211,4,False,False,0.55,0.55,False
sales,low,5,156,5,True,False,0.78,0.64,False
sales,low,3,196,3,False,False,0.6,0.64,False
sales,low,4,162,2,False,False,0.54,0.87,False
sales,low,3,218,4,False,False,0.9,0.2,False
sales,low,4,135,2,True,False,0.64,0.99,False
sales,low,2,273,3,False,False,0.7,0.96,False
sales,low,3,241,3,False,False,0.65,0.53,False
sales,low,6,285,4,False,False,0.39,0.7,False
sales,medium,6,236,3,False,False,0.61,0.68,False
sales,medium,4,222,3,False,False,0.48,0.96,False
sales,medium,4,242,3,False,False,0.64,0.64,False
sales,medium,5,166,3,False,False,0.65,0.86,False
sales,medium,3,172,3,False,False,0.84,0.87,False
sales,medium,4,249,2,False,False,0.56,0.53,False
sales,medium,4,180,2,False,False,0.98,0.72,False
sales,medium,4,197,4,False,False,0.59,0.83,False
sales,medium,5,185,2,False,False,0.54,0.97,False
sales,medium,3,171,2,False,False,0.76,0.92,False
accounting,medium,6,191,6,False,False,0.95,0.82,False
accounting,medium,4,250,2,False,False,0.56,0.59,False
accounting,high,5,199,3,False,False,0.95,0.84,False
hr,low,3,139,2,False,False,0.84,0.71,False
hr,medium,3,224,3,False,False,0.98,0.49,False
hr,medium,3,227,3,False,False,0.61,0.78,False
hr,medium,4,198,2,False,False,0.81,0.84,False
engineering,medium,5,165,5,False,False,0.96,0.85,False
engineering,low,4,199,3,False,False,0.93,0.87,False
engineering,low,5,203,3,False,False,0.84,0.94,False
engineering,low,4,243,3,True,False,0.97,0.82,False
engineering,low,3,135,3,False,False,0.78,0.78,False
engineering,low,4,100,4,True,False,0.55,0.47,False
engineering,low,2,150,3,True,False,0.48,0.5,False
engineering,low,4,252,3,False,False,0.82,0.75,False
engineering,low,3,98,3,False,False,0.39,0.36,False
engineering,low,3,262,3,False,False,0.61,0.91,False
engineering,low,3,257,3,False,False,0.68,0.87,False
support,low,3,160,3,False,False,0.94,0.97,False
support,low,3,190,3,False,False,0.65,0.71,False
support,low,3,231,2,False,False,0.65,0.83,False
support,low,3,190,4,False,False,0.51,0.42,False
support,low,4,181,3,False,False,0.51,0.53,False
support,low,4,273,3,False,False,0.88,0.56,False
support,low,5,214,6,True,False,0.7,0.26,False
support,low,4,192,2,False,False,0.49,0.53,False
support,low,4,224,2,False,False,0.73,0.99,False
support,low,3,96,3,False,False,0.43,0.48,False
support,low,3,276,4,False,False,0.5,0.91,False
engineering,medium,3,162,2,True,False,0.79,0.76,False
engineering,medium,4,190,4,False,False,0.8,0.67,False
engineering,medium,4,147,3,False,False,0.6,0.58,False
management,medium,4,143,3,False,False,0.78,0.57,False
IT,medium,5,280,6,True,False,0.57,0.55,False
IT,medium,3,137,2,False,False,0.49,0.79,False
IT,medium,3,259,6,False,False,0.98,0.48,False
IT,medium,4,176,3,True,False,0.69,0.68,False
IT,medium,5,231,4,True,False,0.64,0.19,False
product_management,medium,3,104,3,False,False,0.48,0.99,False
product_management,medium,5,224,2,False,False,0.76,0.3,False
product_management,medium,4,202,3,True,False,0.85,0.81,False
product_management,high,4,180,3,False,False,0.74,0.58,False
IT,low,3,228,2,True,False,0.61,0.74,False
r&d,medium,5,165,2,False,False,0.74,0.59,False
r&d,medium,2,177,6,False,False,0.63,0.46,False
r&d,medium,3,194,2,True,False,0.43,0.58,False
r&d,medium,3,192,4,True,False,0.95,0.77,False
r&d,low,4,171,2,False,False,0.77,0.79,False
marketing,low,3,187,2,False,False,0.95,0.51,False
sales,low,3,205,3,False,False,0.58,0.7,False
accounting,low,5,230,4,True,False,0.73,0.84,False
support,low,5,172,2,False,False,0.9,0.19,False
engineering,low,4,167,3,True,False,0.52,0.9,False
management,low,5,145,3,False,False,0.91,0.19,False
marketing,low,3,166,3,False,False,0.53,0.96,False
marketing,low,3,148,3,False,False,1.0,0.87,False
marketing,low,5,223,3,False,False,0.89,0.5,False
sales,low,2,123,4,False,False,0.58,0.88,False
sales,low,3,158,3,False,False,0.99,0.55,False
sales,low,3,223,2,False,False,0.86,0.89,False
sales,low,3,252,3,False,False,0.69,0.58,False
sales,low,5,143,2,False,False,0.96,0.58,False
sales,low,5,131,6,False,False,0.88,0.34,False
sales,low,5,206,4,True,False,0.65,0.54,False
sales,low,4,210,3,False,False,0.54,0.59,False
sales,medium,4,262,3,False,False,0.96,0.88,False
sales,medium,4,147,3,False,False,0.69,0.72,False
sales,medium,4,259,3,False,False,0.75,0.79,False
sales,medium,4,174,3,False,False,0.73,0.51,False
sales,medium,3,150,4,False,False,0.84,0.84,False
sales,medium,4,219,2,False,False,0.67,0.95,False
sales,medium,5,178,4,False,False,0.88,0.58,False
sales,medium,3,269,3,True,False,0.98,0.69,False
sales,medium,6,205,5,True,False,0.64,0.17,False
sales,medium,3,232,3,True,False,0.72,0.81,False
sales,medium,3,193,3,False,False,0.5,0.41,False
accounting,medium,3,110,2,False,False,0.42,0.12,False
accounting,high,4,208,3,False,False,0.6,0.71,False
accounting,low,5,157,4,False,False,0.69,0.32,False
hr,medium,5,187,4,False,False,0.98,0.83,False
hr,medium,4,226,3,False,False,0.92,0.74,False
hr,medium,4,266,3,False,False,0.85,0.67,False
hr,medium,3,159,3,False,False,0.56,0.85,False
engineering,low,4,259,3,True,False,0.75,0.49,False
engineering,low,4,150,3,True,False,0.74,0.7,False
engineering,low,4,152,3,False,False,0.58,0.44,False
engineering,low,5,245,2,False,False,0.87,0.5,False
engineering,low,5,227,2,False,False,0.74,0.63,False
engineering,low,4,261,3,False,False,0.77,0.87,False
engineering,low,4,162,3,True,False,0.53,0.82,False
engineering,low,4,193,3,False,False,0.89,0.97,False
engineering,low,4,144,2,False,False,0.81,0.9,False
engineering,low,6,151,2,False,False,0.5,0.41,False
engineering,low,4,225,2,False,False,0.94,0.58,False
support,low,5,170,2,False,False,0.5,0.77,False
support,low,4,246,3,True,False,0.75,0.89,False
support,low,4,254,3,False,False,0.72,0.64,False
support,low,2,193,4,False,False,0.79,0.31,False
support,low,4,175,3,False,False,0.88,0.6,False
support,low,3,123,4,False,False,1.0,0.2,False
support,low,3,178,5,False,False,0.6,0.13,False
support,low,3,259,2,False,False,0.9,0.95,False
support,low,5,201,6,False,False,0.96,0.15,False
support,low,4,185,3,False,False,0.98,0.22,False
support,medium,2,166,3,False,False,0.51,0.33,False
engineering,medium,4,213,4,False,False,0.96,0.23,False
engineering,medium,4,138,2,False,False,0.79,0.85,False
engineering,medium,3,168,2,False,False,0.57,0.79,False
management,medium,4,197,3,False,False,0.6,0.6,False
IT,medium,5,220,3,False,False,0.74,0.89,False
IT,medium,3,101,3,True,False,0.92,0.65,False
IT,medium,4,175,3,True,False,0.7,0.61,False
IT,medium,5,181,5,False,False,0.79,0.4,False
IT,medium,3,157,3,False,False,0.57,0.49,False
product_management,medium,3,247,2,False,False,0.75,0.95,False
product_management,medium,5,244,2,False,False,1.0,0.85,False
product_management,high,4,152,5,False,False,0.39,0.24,False
product_management,low,5,176,4,False,False,0.99,0.85,False
IT,medium,5,241,2,False,False,0.98,0.99,False
r&d,medium,4,240,2,False,False,0.49,0.49,False
r&d,medium,3,226,3,False,False,0.73,0.56,False
r&d,medium,6,240,4,False,False,0.66,0.65,False
r&d,low,3,253,5,True,False,0.68,0.62,False
r&d,low,4,174,3,True,False,0.68,0.78,False
marketing,low,3,213,2,False,False,0.7,0.54,False
sales,low,4,195,2,False,False,0.77,0.61,False
accounting,low,6,230,4,False,False,0.99,0.49,False
support,low,2,248,6,True,False,0.85,0.29,False
engineering,low,4,274,2,True,False,0.79,0.64,False
management,low,4,217,2,False,False,0.94,0.93,False
marketing,low,6,229,6,False,False,0.66,0.16,False
marketing,low,5,173,3,False,False,0.85,0.68,False
marketing,low,2,146,4,False,False,0.8,0.71,False
sales,low,5,151,5,False,False,0.82,0.62,False
sales,low,2,137,3,True,False,0.75,0.74,False
sales,low,3,198,3,False,False,0.5,0.81,False
sales,low,4,190,5,False,False,0.82,0.2,False
sales,low,4,206,3,False,False,0.91,0.51,False
sales,low,4,238,3,False,False,0.99,0.55,False
sales,low,3,193,2,True,False,0.41,0.45,False
sales,low,4,176,3,False,False,0.61,0.91,False
sales,low,6,121,5,False,False,0.59,0.73,False
sales,low,4,145,2,False,False,0.88,0.98,False
sales,medium,4,212,3,True,False,0.65,0.62,False
sales,medium,3,198,4,False,False,0.62,0.57,False
sales,medium,3,189,4,True,False,0.57,0.99,False
sales,medium,2,200,3,False,False,0.68,0.82,False
sales,medium,4,217,5,False,False,0.81,0.24,False
sales,medium,5,245,3,False,False,0.73,0.84,False
sales,medium,3,260,3,False,False,0.55,0.9,False
sales,medium,5,206,5,False,False,0.73,0.13,False
sales,medium,3,249,2,False,False,0.67,0.6,False
accounting,medium,4,154,2,True,False,0.87,0.72,False
accounting,medium,4,147,3,False,False,0.61,0.68,False
accounting,medium,3,148,2,False,False,0.72,0.51,False
hr,high,3,220,2,False,False,0.58,0.74,False
hr,low,3,241,3,False,False,0.73,0.86,False
hr,medium,3,242,3,False,False,0.51,0.85,False
hr,medium,2,156,3,True,False,0.85,0.63,False
engineering,medium,3,155,3,False,False,0.87,0.74,False
engineering,medium,3,211,3,False,False,0.5,0.6,False
engineering,low,4,137,2,True,False,0.82,0.69,False
engineering,low,2,269,2,False,False,0.96,0.56,False
engineering,low,2,142,3,False,False,0.67,0.5,False
engineering,low,5,267,2,False,False,0.5,0.84,False
engineering,low,5,134,6,False,False,0.48,0.93,False
engineering,low,5,287,4,False,False,0.5,0.12,False
engineering,low,4,134,3,False,False,0.58,0.52,False
engineering,low,3,185,2,False,False,0.54,0.6,False
engineering,medium,3,181,4,False,False,1.0,0.71,False
support,medium,5,169,4,False,False,0.81,0.21,False
support,medium,3,201,6,False,False,0.84,0.15,False
support,medium,2,215,6,False,False,0.55,0.38,False
support,medium,3,222,5,False,False,0.86,0.27,False
support,medium,4,137,2,False,False,0.64,0.86,False
support,medium,6,176,5,False,False,0.52,0.17,False
support,medium,3,257,2,False,False,0.69,0.66,False
support,medium,3,224,4,False,False,0.51,0.95,False
support,medium,5,226,3,False,False,0.92,0.59,False
support,medium,5,196,3,False,False,0.61,0.49,False
support,medium,5,256,4,False,False,0.88,0.9,False
engineering,medium,3,153,4,False,False,0.81,0.98,False
engineering,medium,4,221,3,False,False,1.0,0.52,False
engineering,medium,3,236,3,False,False,0.95,0.12,False
management,medium,5,137,3,False,False,0.67,0.91,False
IT,medium,4,256,2,False,False,0.62,0.99,False
IT,medium,4,161,2,False,False,0.8,0.49,False
IT,medium,4,167,3,True,False,0.51,0.92,False
IT,medium,3,194,2,False,False,0.84,0.21,False
IT,medium,3,231,3,False,False,0.9,0.89,False
product_management,medium,4,152,2,True,False,0.81,0.84,False
product_management,medium,3,150,3,True,False,0.68,0.72,False
product_management,medium,3,207,3,False,False,0.46,0.57,False
product_management,medium,4,172,3,False,False,0.69,0.9,False
IT,high,2,273,2,False,False,0.75,0.59,False
r&d,high,4,134,3,False,False,0.69,0.97,False
r&d,high,3,109,2,False,False,0.85,0.56,False
r&d,high,4,124,3,True,False,0.59,0.78,False
r&d,high,4,253,4,False,False,0.72,0.64,False
r&d,high,5,224,3,False,False,0.9,0.58,False
marketing,high,3,217,2,False,False,0.58,0.68,False
sales,high,3,148,4,False,False,0.73,0.82,False
accounting,high,5,240,3,False,False,0.78,0.83,False
support,high,2,226,3,False,False,0.49,0.49,False
engineering,high,4,176,3,False,False,0.95,0.57,False
management,high,4,248,3,False,False,0.93,0.66,False
marketing,low,2,206,2,False,False,0.6,0.78,False
marketing,low,3,192,3,True,False,0.8,0.55,False
marketing,low,3,140,4,False,False,0.62,0.98,False
sales,low,4,141,3,False,False,0.51,0.89,False
sales,low,3,220,3,False,False,0.83,0.67,False
sales,low,4,140,3,False,False,0.49,1.0,False
sales,low,4,194,2,True,False,0.44,0.67,False
sales,low,2,228,3,False,False,0.98,0.2,False
sales,low,4,238,3,False,False,0.87,0.71,False
sales,low,3,207,3,False,False,0.91,0.65,False
sales,low,4,164,2,False,False,0.82,0.82,False
sales,low,3,224,3,False,False,0.89,0.48,False
sales,low,4,201,3,False,False,0.9,0.96,False
sales,low,3,171,2,False,False,0.63,0.52,False
sales,low,5,131,5,False,False,0.78,0.24,False
sales,medium,6,239,4,False,False,0.95,0.92,False
sales,medium,3,202,3,True,False,0.89,0.66,False
sales,medium,3,137,3,True,False,0.68,0.93,False
sales,medium,4,153,3,False,False,0.59,0.77,False
sales,medium,4,219,4,True,False,0.48,0.6,False
sales,medium,3,194,3,True,False,0.49,0.78,False
sales,medium,4,228,3,False,False,0.53,0.6,False
accounting,medium,4,177,5,False,False,1.0,0.31,False
accounting,medium,3,181,3,False,False,0.68,0.49,False
accounting,medium,4,280,3,False,False,0.95,0.33,False
hr,medium,3,133,2,False,False,0.91,0.76,False
hr,medium,3,237,3,False,False,0.63,0.65,False
hr,high,5,152,3,False,False,0.75,0.88,False
hr,high,5,280,6,True,False,0.92,0.52,False
engineering,high,6,253,4,False,False,0.5,0.48,False
engineering,high,5,105,4,False,False,0.59,0.2,False
engineering,high,3,159,3,False,False,0.84,0.93,False
engineering,high,4,257,2,False,False,0.92,0.55,False
engineering,high,3,202,4,False,False,0.64,0.73,False
engineering,high,3,241,3,False,False,0.56,0.57,False
engineering,low,3,267,3,False,False,0.8,0.63,False
engineering,low,4,175,6,False,False,0.88,0.23,False
engineering,low,3,257,2,True,False,0.53,0.93,False
engineering,low,4,240,3,False,False,0.86,0.78,False
engineering,low,5,181,3,True,False,0.73,0.75,False
support,low,3,271,3,False,False,0.82,0.61,False
support,low,5,151,3,False,False,0.97,0.36,False
support,low,2,168,3,False,False,0.67,0.59,False
support,medium,4,265,3,False,False,0.63,0.78,False
support,medium,5,204,2,False,False,0.53,0.93,False
support,medium,4,223,3,False,False,0.72,0.67,False
support,medium,4,136,2,False,False,0.63,0.52,False
support,medium,5,184,2,False,False,0.95,0.69,False
support,medium,5,186,4,True,False,0.8,0.25,False
support,medium,3,128,3,False,False,0.43,0.4,False
support,medium,5,211,3,False,False,0.83,0.98,False
engineering,medium,4,236,4,True,False,0.89,0.92,False
engineering,medium,3,214,2,False,False,0.98,0.57,False
engineering,medium,4,274,3,False,False,0.52,0.81,False
management,medium,5,165,3,True,False,0.67,0.56,False
IT,medium,5,235,4,False,False,0.71,0.86,False
IT,medium,4,189,2,False,False,0.9,0.74,False
IT,medium,3,112,5,False,False,0.61,0.57,False
IT,medium,3,163,3,False,False,0.64,0.9,False
IT,medium,3,162,2,False,False,0.57,0.8,False
product_management,medium,4,149,5,False,False,0.8,0.22,False
product_management,medium,4,238,2,False,False,0.84,0.73,False
product_management,medium,3,160,3,False,False,0.47,0.48,False
product_management,medium,3,263,3,False,False,0.94,0.52,False
IT,medium,4,271,3,False,False,0.71,0.53,False
r&d,medium,4,221,3,False,False,0.48,0.97,False
r&d,high,3,255,2,True,False,0.54,0.97,False
r&d,low,4,170,4,False,False,0.88,0.54,False
r&d,medium,4,190,4,True,False,0.7,0.99,False
r&d,medium,4,216,4,False,False,0.76,0.79,False
marketing,medium,3,249,3,False,False,0.54,0.71,False
sales,medium,3,174,3,False,False,0.76,0.82,False
accounting,medium,4,265,4,True,False,0.7,0.6,False
support,medium,2,206,4,False,False,0.88,0.17,False
engineering,medium,4,222,3,False,False,0.6,0.73,False
management,medium,5,152,3,True,False,0.54,0.69,False
marketing,medium,4,221,2,False,False,0.61,0.86,False
marketing,medium,5,239,2,False,False,0.55,0.67,False
marketing,low,6,217,4,False,False,0.96,0.25,False
sales,low,3,164,2,False,False,0.66,0.65,False
sales,low,3,142,3,False,False,0.56,0.81,False
sales,low,4,181,3,True,False,0.53,0.58,False
sales,low,4,207,5,False,False,0.57,0.14,False
sales,low,2,167,3,False,False,0.37,0.15,False
sales,low,3,243,2,False,False,0.51,0.98,False
sales,high,4,231,3,False,False,0.5,0.91,False
sales,low,4,250,3,True,False,0.71,0.86,False
sales,high,3,145,2,False,False,0.63,0.56,False
sales,high,4,190,6,False,False,0.77,0.58,False
sales,low,2,128,2,False,False,0.64,0.54,False
sales,low,5,254,3,True,False,0.99,0.59,False
sales,high,3,145,4,True,False,0.88,0.92,False
sales,low,4,246,3,False,False,0.8,0.82,False
sales,medium,5,246,2,False,False,0.68,0.86,False
sales,high,5,236,3,False,False,0.77,0.66,False
sales,medium,3,234,3,False,False,0.66,0.85,False
sales,medium,3,247,2,False,False,0.6,0.8,False
sales,medium,3,154,3,False,False,0.61,0.99,False
accounting,medium,3,228,5,False,False,0.45,0.25,False
accounting,high,4,209,3,True,False,0.99,0.93,False
accounting,medium,5,173,2,False,False,0.54,0.5,False
hr,medium,4,206,2,False,False,0.71,0.68,False
hr,medium,3,151,2,True,False,0.87,0.62,False
hr,high,4,196,4,True,False,0.54,0.99,False
hr,medium,3,229,2,True,False,0.52,0.93,False
engineering,high,3,235,4,False,False,0.75,0.2,False
engineering,low,4,200,3,False,False,0.61,0.58,False
engineering,medium,4,261,6,False,False,0.76,0.94,False
engineering,medium,4,165,3,False,False,0.54,0.18,False
engineering,medium,3,165,4,False,False,0.62,0.18,False
engineering,medium,5,255,2,False,False,0.74,0.7,False
engineering,low,5,185,5,False,False,0.92,0.93,False
engineering,low,4,229,3,True,False,0.76,0.5,False
engineering,low,3,153,3,False,False,0.71,0.54,False
engineering,low,4,238,2,False,False,0.63,0.74,False
engineering,low,3,199,2,False,False,0.67,0.66,False
support,low,3,185,2,True,False,0.87,0.61,False
support,low,3,196,6,True,False,0.98,0.74,False
support,low,4,201,4,False,False,0.51,0.48,False
support,low,3,189,2,True,False,0.84,0.65,False
support,low,2,250,5,False,False,0.49,0.94,False
support,high,4,254,2,False,False,0.79,0.91,False
support,low,3,212,3,True,False,0.65,0.87,False
support,low,5,196,5,True,False,0.79,0.23,False
support,low,4,146,3,False,False,0.73,0.4,False
support,low,3,250,3,False,False,0.85,0.68,False
support,high,3,266,2,True,False,0.88,0.95,False
engineering,low,4,133,2,False,False,0.96,0.63,False
engineering,low,4,181,3,False,False,0.53,0.47,False
engineering,low,6,282,6,True,False,0.5,0.2,False
management,high,2,173,2,True,False,0.84,0.72,False
IT,low,5,237,2,False,False,0.57,0.56,False
IT,medium,3,202,2,False,False,0.74,0.7,False
IT,high,3,162,2,False,False,0.82,0.59,False
IT,medium,3,248,3,False,False,0.96,0.78,False
IT,high,3,165,3,False,False,0.64,0.62,False
product_management,medium,2,216,2,False,False,0.61,0.71,False
product_management,medium,4,143,6,False,False,0.45,0.72,False
product_management,medium,3,254,3,False,False,0.77,0.76,False
product_management,medium,3,186,3,False,False,0.56,0.83,False
IT,medium,4,245,4,False,False,0.99,0.92,False
r&d,medium,3,157,3,False,False,0.77,0.67,False
r&d,medium,3,184,3,False,False,0.45,0.56,False
r&d,medium,4,210,3,False,False,0.63,0.91,False
r&d,high,4,137,2,True,False,0.86,0.56,False
r&d,low,3,145,2,False,False,0.95,0.72,False
marketing,medium,4,181,3,False,False,0.86,0.56,False
sales,medium,3,174,3,False,False,0.56,0.92,False
accounting,medium,5,183,3,True,False,0.88,0.74,False
support,medium,4,171,4,True,False,0.84,0.88,False
engineering,medium,2,190,2,False,False,0.72,0.69,False
management,medium,4,142,3,False,False,0.78,0.87,False
marketing,medium,3,198,3,False,False,0.5,0.98,False
marketing,medium,3,185,3,False,False,0.61,0.9,False
marketing,medium,4,171,3,True,False,0.87,0.49,False
sales,high,4,264,3,False,False,0.57,0.78,False
sales,low,3,175,3,False,False,0.98,0.58,False
sales,low,5,210,2,True,False,0.88,0.91,False
sales,low,4,212,3,False,False,0.75,0.92,False
sales,high,4,97,2,False,False,0.66,0.36,False
sales,low,4,214,3,False,False,0.53,0.55,False
sales,low,4,244,3,False,False,0.96,0.95,False
sales,low,3,246,3,False,False,0.67,0.5,False
sales,high,3,115,6,False,False,0.73,0.42,False
sales,low,3,237,5,False,False,0.68,0.75,False
sales,low,4,146,4,False,False,0.7,0.88,False
sales,low,5,159,4,False,False,0.63,0.53,False
sales,low,4,246,3,False,False,0.4,0.84,False
sales,low,3,226,3,False,False,0.93,0.49,False
sales,low,3,261,3,False,False,0.91,0.71,False
sales,low,4,242,2,False,False,0.64,0.83,False
sales,medium,4,177,3,False,False,0.93,0.88,False
sales,medium,4,144,3,False,False,0.53,0.87,False
sales,medium,2,221,5,False,False,0.82,0.43,False
accounting,medium,5,265,3,False,False,0.9,0.8,False
accounting,medium,5,224,4,True,False,0.67,0.32,False
accounting,medium,3,167,4,False,False,0.56,0.77,False
hr,medium,3,245,3,False,False,0.77,0.97,False
hr,medium,4,232,2,False,False,0.63,0.98,False
hr,medium,5,229,2,False,False,0.64,0.62,False
hr,medium,4,128,6,False,False,0.94,0.53,False
engineering,medium,3,211,2,False,False,0.49,0.93,False
engineering,medium,4,194,2,False,False,0.91,0.51,False
engineering,high,4,214,3,False,False,0.76,0.76,False
engineering,low,3,216,4,False,False,0.89,0.69,False
engineering,medium,4,222,3,False,False,0.6,0.58,False
engineering,medium,4,144,4,False,False,0.77,0.98,False
engineering,medium,3,287,6,False,False,0.54,0.58,False
engineering,medium,4,224,4,False,False,0.97,0.57,False
engineering,low,4,157,4,False,False,0.79,0.84,False
engineering,low,5,216,6,False,False,0.67,0.15,False
engineering,low,5,181,4,False,False,0.72,0.88,False
support,low,3,133,3,False,False,0.99,0.69,False
support,low,5,154,2,True,False,0.84,0.56,False
support,low,3,265,3,False,False,0.58,0.49,False
support,low,4,113,3,False,False,0.45,0.4,False
support,low,3,280,4,False,False,0.36,0.67,False
support,low,3,213,3,True,False,0.5,0.79,False
support,low,5,255,5,True,False,0.44,0.47,False
support,low,3,243,4,False,False,0.54,0.82,False
support,low,3,206,2,False,False,0.87,0.82,False
support,low,5,149,3,False,False,0.57,0.63,False
support,low,2,273,3,False,False,0.53,0.91,False
engineering,low,4,226,2,True,False,1.0,0.89,False
engineering,low,3,238,2,False,False,0.93,0.96,False
engineering,low,2,226,3,False,False,0.72,0.83,False
management,low,3,199,3,True,False,0.92,0.75,False
IT,low,5,202,3,True,False,0.82,0.75,False
IT,low,2,152,4,True,False,0.69,0.41,False
IT,low,3,167,3,False,False,0.94,0.96,False
IT,medium,4,130,3,False,False,0.79,0.58,False
IT,medium,3,229,3,False,False,0.89,0.74,False
product_management,medium,4,261,3,True,False,0.74,0.78,False
product_management,medium,3,182,2,True,False,0.72,0.5,False
product_management,medium,4,198,3,False,False,0.52,1.0,False
product_management,medium,3,244,3,False,False,0.91,0.85,False
IT,medium,4,275,3,False,False,0.89,0.82,False
r&d,medium,5,245,5,False,False,0.81,0.19,False
r&d,medium,3,147,3,True,False,0.9,0.9,False
r&d,medium,4,275,3,False,False,1.0,0.59,False
r&d,medium,2,167,2,False,False,0.46,0.53,False
r&d,medium,5,149,5,True,False,0.5,0.57,False
marketing,high,4,233,2,False,False,0.99,0.85,False
sales,low,5,167,2,False,False,0.67,0.64,False
accounting,medium,3,159,3,True,False,0.54,0.57,False
support,medium,2,195,4,False,False,0.85,0.86,False
engineering,medium,5,229,2,False,False,0.7,0.6,False
management,medium,4,199,5,False,False,0.76,0.17,False
marketing,low,3,174,3,False,False,0.63,0.54,False
marketing,low,5,275,4,False,False,0.78,0.35,False
marketing,low,5,217,4,False,False,0.77,0.92,False
sales,low,4,192,2,False,False,1.0,0.66,False
sales,low,4,195,3,False,False,0.9,0.83,False
sales,low,3,261,4,False,False,0.86,0.89,False
sales,low,4,199,3,False,False,0.61,0.94,False
sales,low,4,160,5,False,False,0.85,0.24,False
sales,low,3,177,4,False,False,0.8,0.69,False
sales,low,3,179,2,True,False,0.46,0.45,False
sales,low,4,161,3,False,False,0.93,0.78,False
sales,low,5,279,5,False,False,0.38,0.91,False
sales,low,4,246,6,True,False,0.65,0.63,False
sales,low,4,199,2,False,False,0.8,0.71,False
sales,low,3,161,3,False,False,0.69,0.73,False
sales,low,5,219,3,False,False,0.52,0.69,False
sales,low,5,162,3,False,False,0.57,0.52,False
sales,low,4,258,3,False,False,0.66,0.78,False
sales,low,3,269,3,False,False,0.69,0.94,False
sales,low,4,201,3,False,False,0.73,0.55,False
sales,low,2,278,3,True,False,0.38,0.43,False
sales,medium,3,147,2,False,False,0.66,0.77,False
accounting,medium,5,247,3,False,False,0.8,0.59,False
accounting,medium,4,191,4,False,False,0.54,0.65,False
accounting,medium,2,280,3,False,False,0.37,0.82,False
hr,medium,2,191,3,False,False,0.72,0.31,False
hr,medium,4,264,2,False,False,0.65,0.84,False
hr,medium,3,236,5,False,False,0.4,0.15,False
hr,medium,4,271,2,True,False,0.52,0.64,False
engineering,medium,5,129,5,False,False,0.63,0.48,False
engineering,medium,4,249,5,False,False,0.58,0.82,False
engineering,medium,3,188,3,False,False,0.54,0.99,False
engineering,medium,3,147,3,True,False,0.52,0.8,False
engineering,high,3,273,3,False,False,0.92,0.94,False
engineering,low,4,237,3,True,False,0.81,0.94,False
engineering,medium,3,273,2,False,False,0.79,0.77,False
engineering,medium,3,190,3,False,False,0.54,0.48,False
engineering,medium,3,226,3,False,False,0.68,0.62,False
engineering,medium,4,216,3,False,False,0.9,0.61,False
engineering,low,6,205,5,True,False,0.6,0.27,False
support,low,3,208,2,False,False,0.65,0.89,False
support,low,4,266,2,False,False,0.81,0.58,False
support,low,3,249,2,True,False,0.77,0.64,False
support,low,5,134,2,True,False,0.88,0.73,False
support,low,2,189,3,False,False,0.85,0.74,False
support,low,4,143,2,False,False,0.82,0.75,False
support,low,4,173,3,False,False,0.84,0.78,False
support,low,6,248,3,False,False,0.95,0.18,False
support,low,3,186,6,False,False,0.84,0.8,False
support,low,5,191,3,False,False,0.64,0.89,False
support,low,3,227,2,False,False,0.5,0.84,False
engineering,low,2,269,5,False,False,0.38,0.64,False
engineering,low,3,254,3,True,False,0.82,0.53,False
engineering,low,4,180,4,False,False,0.66,0.15,False
management,low,3,144,3,False,False,0.62,0.66,False
IT,low,5,137,3,True,False,0.78,0.49,False
IT,low,3,223,4,False,False,0.72,0.78,False
IT,low,5,286,5,False,False,0.75,0.39,False
IT,low,3,151,3,False,False,0.83,0.9,False
IT,low,5,244,2,True,False,0.74,0.96,False
product_management,medium,4,216,4,False,False,0.81,0.63,False
product_management,medium,4,173,3,False,False,0.74,0.63,False
product_management,medium,3,186,3,False,False,0.81,0.89,False
product_management,medium,2,205,4,True,False,0.57,0.93,False
IT,medium,4,202,3,False,False,0.59,0.87,False
r&d,medium,3,189,3,False,False,0.53,0.56,False
r&d,medium,4,181,5,True,False,0.55,0.97,False
r&d,medium,3,207,3,False,False,0.51,0.61,False
r&d,medium,4,240,4,True,False,0.46,0.73,False
r&d,medium,2,164,2,False,False,0.69,0.61,False
marketing,medium,4,212,2,False,False,0.71,0.99,False
sales,medium,4,151,2,False,False,0.75,0.57,False
accounting,high,4,197,3,False,False,0.96,0.74,False
support,low,5,265,3,False,False,0.61,0.86,False
engineering,medium,4,274,3,False,False,0.72,0.68,False
management,medium,3,201,4,False,False,0.63,0.66,False
marketing,medium,3,250,2,False,False,0.89,0.86,False
marketing,medium,3,165,4,False,False,0.78,0.85,False
marketing,low,5,186,3,False,False,0.53,0.98,False
sales,low,5,273,4,True,False,0.73,0.14,False
sales,low,5,162,6,False,False,0.54,0.2,False
sales,low,3,141,3,False,False,0.97,0.9,False
sales,low,5,268,4,False,False,0.96,0.51,False
sales,low,3,176,2,True,False,0.77,0.63,False
sales,low,3,223,3,True,False,0.88,0.83,False
sales,low,4,218,2,True,False,0.72,0.67,False
sales,low,4,228,3,False,False,0.52,0.96,False
sales,low,3,204,3,False,False,0.75,0.69,False
sales,low,4,148,2,False,False,0.9,0.69,False
sales,low,3,221,2,False,False,0.94,0.64,False
sales,low,4,271,3,False,False,0.48,0.62,False
sales,low,3,191,3,False,False,0.75,0.55,False
sales,low,4,223,2,False,False,0.51,0.98,False
sales,low,5,250,2,True,False,0.78,0.83,False
sales,low,3,230,2,False,False,0.77,0.73,False
sales,low,3,226,2,False,False,0.86,0.58,False
sales,medium,4,182,3,False,False,0.67,0.52,False
sales,medium,3,195,3,False,False,0.7,0.91,False
accounting,medium,3,231,2,False,False,0.64,0.72,False
accounting,medium,3,224,3,False,False,0.74,0.7,False
accounting,medium,4,229,4,False,False,0.92,0.86,False
hr,medium,2,158,3,True,False,0.57,0.82,False
hr,medium,4,242,3,True,False,0.78,0.83,False
hr,medium,3,183,3,False,False,0.64,0.99,False
hr,medium,5,213,4,False,False,0.58,0.88,False
engineering,medium,4,263,2,True,False,0.74,0.68,False
engineering,medium,3,237,2,False,False,0.49,0.9,False
engineering,medium,6,126,3,False,False,0.67,0.59,False
engineering,high,6,168,2,False,False,0.71,0.76,False
engineering,low,5,151,4,True,False,0.63,0.23,False
engineering,medium,4,239,3,False,False,0.85,0.8,False
engineering,medium,4,174,3,False,False,0.49,0.62,False
engineering,medium,5,277,6,False,False,0.46,0.28,False
engineering,medium,3,133,3,False,False,0.97,0.81,False
engineering,low,4,150,3,False,False,0.91,0.64,False
engineering,low,5,244,3,True,False,0.6,0.76,False
support,low,3,232,2,False,False,0.87,0.79,False
support,low,3,267,2,False,False,0.91,0.72,False
support,low,5,162,2,False,False,0.59,0.22,False
support,low,5,228,5,False,False,0.73,0.18,False
support,low,2,180,3,False,False,0.49,0.91,False
support,low,2,252,3,False,False,0.63,0.69,False
support,low,5,212,3,False,False,0.66,0.91,False
support,low,4,224,3,False,False,0.84,0.67,False
support,low,2,240,3,True,False,0.62,0.98,False
support,low,4,183,4,False,False,0.62,0.69,False
support,low,5,160,5,True,False,0.74,0.96,False
engineering,low,4,225,3,False,False,0.68,0.69,False
engineering,low,3,268,2,True,False,0.68,0.65,False
engineering,low,3,221,3,False,False,0.75,0.7,False
management,low,3,173,2,False,False,0.94,0.48,False
IT,low,4,103,4,False,False,0.51,0.48,False
IT,low,4,196,3,True,False,0.89,0.16,False
IT,low,3,239,3,False,False,0.97,0.72,False
IT,low,3,171,2,False,False,0.71,0.91,False
IT,medium,3,243,3,False,False,0.54,0.74,False
product_management,medium,2,153,2,False,False,0.56,0.56,False
product_management,medium,6,142,3,False,False,0.41,0.56,False
product_management,medium,5,168,2,False,False,0.55,0.88,False
product_management,medium,5,180,4,False,False,0.9,0.86,False
IT,medium,4,186,3,False,False,0.84,0.66,False
r&d,medium,3,236,2,False,False,0.45,0.41,False
r&d,medium,5,267,3,False,False,0.83,0.68,False
r&d,medium,3,129,2,False,False,0.47,0.59,False
r&d,medium,3,181,3,False,False,0.78,0.52,False
r&d,medium,2,99,2,False,False,0.54,0.3,False
marketing,medium,5,170,3,True,False,0.67,0.44,False
sales,high,3,195,3,False,False,0.64,0.75,False
accounting,low,4,149,6,False,False,0.94,0.23,False
support,medium,6,132,2,False,False,0.46,0.34,False
engineering,medium,3,164,3,False,False,0.59,0.52,False
management,medium,4,250,2,False,False,0.83,0.79,False
marketing,medium,3,204,2,False,False,0.77,0.5,False
marketing,low,3,210,3,False,False,0.65,0.89,False
marketing,low,6,98,3,False,False,0.52,0.84,False
sales,low,3,241,4,False,False,0.47,0.26,False
sales,low,5,203,4,False,False,0.96,0.57,False
sales,low,3,257,4,True,False,0.99,0.14,False
sales,low,5,201,2,False,False,0.62,0.94,False
sales,low,2,124,3,False,False,0.58,0.3,False
sales,low,6,175,3,False,False,0.43,0.29,False
sales,low,3,161,3,False,False,0.75,0.82,False
sales,low,4,183,4,True,False,0.75,0.62,False
sales,low,5,262,5,False,False,0.99,0.64,False
sales,low,4,184,4,False,False,0.52,0.17,False
sales,low,3,207,3,False,False,0.56,0.75,False
sales,low,4,185,3,False,False,0.73,0.49,False
sales,low,4,180,2,False,False,0.58,0.84,False
sales,low,4,224,2,True,False,0.96,0.48,False
sales,low,3,184,3,False,False,0.53,0.54,False
sales,low,5,252,3,True,False,0.99,0.76,False
sales,low,4,196,3,False,False,0.84,0.77,False
sales,low,4,203,2,False,False,0.97,0.95,False
sales,low,4,181,3,False,False,0.83,0.72,False
accounting,medium,4,148,3,False,False,0.67,0.74,False
accounting,medium,4,211,3,False,False,0.55,0.9,False
accounting,medium,3,246,3,False,False,0.55,0.67,False
hr,medium,4,258,3,False,False,0.55,0.97,False
hr,medium,3,231,4,False,False,0.59,0.55,False
hr,medium,2,184,5,False,False,0.95,0.32,False
hr,medium,3,146,2,True,False,0.42,0.4,False
engineering,low,2,136,2,False,False,0.54,0.66,False
engineering,low,4,266,2,False,False,0.77,0.7,False
engineering,low,2,220,3,False,False,0.89,0.69,False
engineering,low,2,248,2,False,False,0.57,0.72,False
engineering,low,3,183,3,False,False,0.65,0.21,False
engineering,low,3,169,3,False,False,0.9,0.91,False
engineering,low,3,132,2,True,False,0.71,0.72,False
engineering,low,3,197,3,False,False,0.72,0.96,False
engineering,low,4,152,3,False,False,0.89,1.0,False
engineering,low,3,126,6,False,False,0.51,0.63,False
engineering,low,6,106,5,False,False,0.74,0.24,False
support,low,4,128,2,False,False,0.38,0.44,False
support,low,3,191,3,False,False,0.57,0.92,False
support,low,4,189,3,False,False,0.51,0.51,False
support,low,5,141,3,False,False,0.71,0.77,False
support,low,4,220,3,False,False,0.97,0.8,False
support,low,5,118,3,False,False,0.46,0.84,False
support,low,5,223,3,False,False,0.88,0.91,False
support,low,3,263,3,False,False,0.61,0.64,False
support,medium,5,209,4,True,False,0.59,0.15,False
support,medium,4,193,3,False,False,0.58,0.74,False
support,medium,4,211,3,False,False,0.78,0.94,False
engineering,medium,3,192,3,False,False,0.58,0.57,False
engineering,medium,5,156,3,False,False,0.63,0.92,False
engineering,medium,5,278,2,True,False,0.54,0.76,False
management,medium,3,199,3,True,False,0.92,0.73,False
IT,medium,2,194,6,False,False,0.6,0.24,False
IT,medium,2,125,4,False,False,0.47,0.42,False
IT,medium,4,96,4,False,False,0.82,0.92,False
IT,medium,3,234,2,True,False,0.94,0.92,False
IT,medium,6,181,3,False,False,0.55,0.68,False
product_management,medium,4,246,2,False,False,0.86,0.49,False
product_management,medium,3,171,3,False,False,0.98,0.57,False
product_management,medium,3,198,2,False,False,0.66,0.3,False
product_management,medium,5,280,4,False,False,0.81,0.17,False
IT,medium,3,267,3,False,False,0.49,0.91,False
r&d,medium,3,251,2,False,False,0.91,0.83,False
r&d,medium,5,182,3,False,False,0.76,0.87,False
r&d,medium,4,157,3,False,False,0.8,0.71,False
r&d,medium,3,206,2,False,False,0.5,0.88,False
r&d,medium,3,237,3,True,False,0.94,0.63,False
marketing,medium,2,166,3,False,False,0.58,0.99,False
sales,medium,4,229,2,True,False,0.81,0.99,False
accounting,medium,5,256,3,False,False,0.53,0.77,False
support,medium,5,114,6,False,False,0.69,0.64,False
engineering,medium,5,243,2,False,False,1.0,0.61,False
management,medium,3,199,5,False,False,0.82,0.37,False
marketing,medium,4,188,4,True,False,1.0,0.19,False
marketing,medium,4,187,2,False,False,0.87,0.96,False
marketing,medium,4,216,2,False,False,0.62,0.8,False
sales,low,6,215,5,False,False,0.63,0.14,False
sales,low,6,213,6,False,False,0.69,0.15,False
sales,low,4,198,4,False,False,0.82,0.52,False
sales,low,5,121,3,True,False,0.55,0.27,False
sales,low,3,212,3,False,False,0.96,0.97,False
sales,low,2,271,3,False,False,0.93,0.52,False
sales,low,3,186,2,False,False,0.89,0.98,False
sales,low,4,265,2,False,False,0.95,0.96,False
sales,low,3,151,3,False,False,0.92,0.28,False
sales,low,5,206,3,False,False,0.55,0.65,False
sales,low,4,153,3,True,False,0.63,0.59,False
sales,low,4,267,2,True,False,0.48,0.64,False
sales,low,3,161,3,False,False,0.48,0.71,False
sales,low,2,149,3,False,False,0.84,0.83,False
sales,low,2,269,4,True,False,0.94,0.95,False
sales,low,3,248,3,False,False,0.49,0.73,False
sales,low,4,243,2,False,False,0.75,0.81,False
sales,low,2,207,4,False,False,0.44,0.71,False
sales,low,6,111,6,False,False,0.56,0.8,False
accounting,low,3,226,2,False,False,0.53,0.85,False
accounting,low,2,151,3,True,False,0.7,0.41,False
accounting,medium,4,224,2,False,False,0.84,0.51,False
hr,medium,4,146,4,False,False,0.57,0.49,False
hr,medium,4,163,2,True,False,0.55,0.76,False
hr,medium,4,255,3,False,False,0.69,0.57,False
hr,medium,6,196,2,False,False,0.48,0.54,False
engineering,medium,3,227,2,False,False,0.74,0.68,False
engineering,medium,3,251,2,False,False,0.5,0.7,False
engineering,medium,4,209,3,False,False,0.87,0.77,False
engineering,medium,3,254,4,False,False,0.51,0.95,False
engineering,low,3,249,2,True,False,0.64,0.5,False
engineering,low,4,131,3,True,False,0.53,0.99,False
engineering,low,5,142,2,False,False,0.51,0.94,False
engineering,low,3,239,3,False,False,0.66,0.83,False
engineering,low,3,225,3,True,False,0.81,0.64,False
engineering,low,6,170,3,False,False,0.73,0.16,False
engineering,low,3,254,2,False,False,0.71,0.83,False
support,low,4,156,2,False,False,0.73,0.93,False
support,low,3,151,3,False,False,0.64,0.32,False
support,low,3,200,3,False,False,0.9,0.12,False
support,low,3,184,3,True,False,0.5,0.5,False
support,low,3,257,2,False,False,0.74,0.57,False
support,low,5,194,5,True,False,0.75,0.25,False
support,low,3,139,2,True,False,0.56,0.98,False
support,low,3,273,2,True,False,0.51,0.81,False
support,low,5,261,3,False,False,0.63,0.94,False
support,low,3,135,3,True,False,0.57,0.83,False
support,low,4,207,5,False,False,0.4,0.77,False
engineering,low,4,265,3,False,False,0.65,0.57,False
engineering,medium,5,208,6,False,False,0.96,0.18,False
engineering,medium,4,159,2,True,False,0.71,0.67,False
management,medium,4,151,6,False,False,0.47,0.35,False
IT,medium,3,97,4,False,False,0.44,0.78,False
IT,medium,4,154,3,False,False,0.79,0.72,False
IT,medium,3,264,3,False,False,0.58,0.9,False
IT,medium,3,135,2,False,False,0.49,0.58,False
IT,medium,3,238,2,False,False,0.56,0.64,False
product_management,medium,4,166,3,False,False,0.79,0.91,False
product_management,medium,3,156,3,False,False,0.51,0.59,False
product_management,medium,3,202,3,False,False,0.8,0.76,False
product_management,medium,3,204,2,True,False,0.85,0.76,False
IT,medium,3,135,3,False,False,0.69,0.51,False
r&d,medium,4,252,3,False,False,0.55,0.54,False
r&d,medium,5,254,3,True,False,0.93,0.67,False
r&d,medium,5,165,3,False,False,0.44,0.68,False
r&d,medium,3,200,2,False,False,0.58,0.97,False
r&d,medium,3,155,3,False,False,0.74,0.5,False
marketing,medium,3,162,3,False,False,0.52,0.81,False
sales,medium,4,159,3,True,False,0.73,0.77,False
accounting,medium,4,266,3,False,False,0.75,0.59,False
support,medium,4,155,3,False,False,0.96,1.0,False
engineering,medium,5,170,4,False,False,0.95,0.74,False
management,high,4,172,4,True,False,0.52,0.91,False
marketing,low,3,187,3,False,False,0.65,0.77,False
marketing,medium,4,185,2,False,False,0.98,0.79,False
marketing,medium,5,232,3,False,False,0.51,0.82,False
sales,low,5,260,3,False,False,0.96,0.89,False
sales,low,4,218,3,False,False,0.62,0.83,False
sales,low,4,217,3,False,False,0.7,0.72,False
sales,low,3,212,3,False,False,0.74,0.7,False
sales,low,3,189,3,False,False,0.89,1.0,False
sales,low,4,158,2,False,False,0.66,0.57,False
sales,low,5,168,2,False,False,0.54,0.55,False
sales,low,4,134,3,False,False,0.7,0.47,False
sales,low,4,213,3,True,False,0.77,0.95,False
sales,low,5,149,3,False,False,0.57,0.29,False
sales,low,3,201,2,False,False,0.5,0.71,False
sales,low,4,146,3,False,False,0.68,0.89,False
sales,low,4,212,2,False,False,0.97,0.81,False
sales,low,4,140,2,False,False,0.64,0.72,False
sales,low,4,156,3,False,False,0.85,1.0,False
sales,high,4,163,3,False,False,0.49,0.79,False
sales,low,3,154,2,False,False,0.84,0.69,False
sales,high,4,218,3,False,False,0.66,0.97,False
sales,high,3,157,2,False,False,0.59,0.61,False
accounting,low,3,222,3,False,False,0.89,0.71,False
accounting,low,4,152,3,True,False,0.76,0.96,False
accounting,high,5,263,2,False,False,0.73,0.77,False
hr,low,3,231,3,False,False,0.99,0.57,False
hr,medium,4,258,2,False,False,0.76,0.92,False
hr,high,5,213,2,False,False,0.92,0.99,False
hr,medium,3,159,3,False,False,0.73,0.86,False
engineering,low,4,156,3,True,False,0.66,0.78,False
engineering,low,3,235,3,False,False,0.66,0.85,False
engineering,low,4,190,2,False,False,0.6,0.38,False
engineering,low,4,238,2,False,False,0.93,0.63,False
engineering,low,4,137,3,False,False,0.72,0.66,False
engineering,low,5,171,3,True,False,0.79,0.19,False
engineering,low,4,249,2,False,False,0.59,0.63,False
engineering,low,6,205,3,False,False,0.74,0.32,False
engineering,low,3,149,3,False,False,0.55,0.73,False
engineering,low,4,139,3,False,False,0.89,0.75,False
engineering,low,4,168,3,False,False,0.66,0.7,False
support,low,4,181,2,False,False,0.61,0.77,False
support,low,4,150,3,False,False,0.8,0.83,False
support,low,4,246,3,False,False,0.49,0.75,False
support,medium,3,271,3,False,False,0.54,0.97,False
support,low,5,204,3,False,False,0.55,0.75,False
support,low,3,170,4,False,False,0.84,0.66,False
support,low,3,208,3,False,False,0.49,0.56,False
support,low,2,226,3,False,False,0.98,0.77,False
support,low,3,149,3,False,False,0.81,0.82,False
support,low,2,264,2,False,False,0.59,0.85,False
support,low,5,177,2,False,False,0.79,0.49,False
engineering,low,4,262,3,False,False,0.87,0.24,False
engineering,low,3,211,3,False,False,0.74,0.32,False
engineering,low,4,141,3,True,False,0.51,0.77,False
management,high,5,197,4,False,False,0.83,0.77,False
IT,low,3,154,3,True,False,0.87,0.93,False
IT,low,5,178,5,False,False,0.74,0.22,False
IT,low,5,169,4,False,False,0.89,0.24,False
IT,low,3,228,4,False,False,0.99,0.99,False
IT,high,3,231,3,False,False,0.5,0.61,False
product_management,low,4,185,3,True,False,0.91,0.6,False
product_management,low,3,195,2,False,False,0.7,0.79,False
product_management,low,3,147,3,False,False,0.62,0.94,False
product_management,high,5,192,3,False,False,0.85,0.18,False
IT,low,5,241,3,False,False,0.73,0.51,False
r&d,medium,3,151,3,False,False,0.92,0.55,False
r&d,high,3,221,3,False,False,0.74,0.73,False
r&d,medium,5,263,3,False,False,0.63,0.41,False
r&d,high,3,178,3,False,False,0.66,0.88,False
r&d,medium,5,169,5,False,False,0.56,0.23,False
marketing,medium,3,271,4,False,False,0.56,0.78,False
marketing,medium,3,155,3,False,False,0.69,0.34,False
sales,medium,2,164,4,False,False,0.41,0.51,False
accounting,medium,3,226,2,False,False,0.86,0.8,False
support,medium,4,220,2,True,False,0.57,0.66,False
engineering,medium,5,153,6,False,False,0.63,0.62,False
management,medium,2,252,4,False,False,0.97,0.5,False
marketing,high,3,182,3,False,False,0.94,0.96,False
marketing,low,3,150,2,False,False,0.84,0.5,False
marketing,medium,6,273,4,True,False,0.69,0.73,False
sales,medium,6,215,5,False,False,0.39,0.47,False
sales,medium,3,172,2,False,False,0.83,0.49,False
sales,medium,3,264,2,False,False,0.62,0.92,False
sales,medium,5,158,2,False,False,0.39,0.24,False
sales,medium,4,142,4,False,False,0.58,0.61,False
sales,medium,4,137,3,False,False,0.89,0.83,False
sales,medium,4,275,3,False,False,0.66,0.88,False
sales,medium,3,245,3,False,False,0.55,0.61,False
sales,high,4,165,4,False,False,0.54,0.68,False
sales,low,4,142,4,True,False,0.7,0.51,False
sales,low,4,215,2,False,False,0.58,0.88,False
sales,low,5,240,3,False,False,0.84,0.94,False
sales,high,4,255,3,False,False,0.88,0.58,False
sales,low,4,265,3,False,False,0.98,0.63,False
sales,low,4,285,4,False,False,0.49,0.81,False
sales,low,3,238,2,False,False,0.86,0.61,False
sales,high,3,137,3,False,False,0.63,0.65,False
sales,low,3,270,5,False,False,0.63,0.67,False
sales,low,4,145,3,True,False,0.62,0.64,False
accounting,low,6,182,3,False,False,0.76,0.25,False
accounting,low,3,264,6,False,False,0.62,0.13,False
accounting,low,3,212,6,False,False,0.89,0.14,False
hr,low,5,198,3,False,False,0.51,0.74,False
hr,low,5,200,3,False,False,0.81,0.8,False
hr,medium,3,263,4,False,False,0.56,0.5,False
hr,medium,4,249,4,False,False,0.75,0.69,False
engineering,low,4,212,3,False,False,0.53,0.91,False
engineering,low,3,159,3,False,False,0.51,0.8,False
engineering,low,3,181,3,False,False,0.52,0.93,False
engineering,low,3,100,4,True,False,0.99,0.57,False
engineering,low,2,218,2,True,False,0.58,0.51,False
engineering,low,4,178,3,False,False,0.54,0.98,False
engineering,low,4,219,3,False,False,0.83,0.85,False
engineering,low,5,239,3,False,False,0.56,0.73,False
engineering,low,3,255,2,False,False,0.9,0.97,False
engineering,low,4,163,2,False,False,0.61,0.52,False
engineering,low,3,173,2,False,False,0.38,0.31,False
support,low,3,147,3,False,False,0.77,0.49,False
support,low,4,166,4,True,False,0.44,0.81,False
support,low,5,209,2,False,False,0.8,0.52,False
support,low,5,271,3,False,False,0.56,0.69,False
support,low,3,253,4,True,False,0.74,0.7,False
support,low,4,233,2,False,False,0.85,0.65,False
support,low,2,194,2,False,False,0.71,0.54,False
support,low,2,237,2,False,False,0.49,0.57,False
support,low,4,238,2,False,False,0.9,0.78,False
support,low,4,212,3,False,False,0.92,0.99,False
support,low,5,189,3,False,False,0.83,0.57,False
engineering,low,3,115,3,False,False,0.58,0.33,False
engineering,low,4,159,3,False,False,0.58,0.97,False
engineering,low,5,133,3,False,False,0.58,0.95,False
management,low,5,225,3,False,False,0.83,0.69,False
IT,low,2,112,5,False,False,0.91,0.97,False
IT,low,3,111,4,True,False,0.59,0.4,False
IT,low,4,178,6,False,False,0.71,0.67,False
IT,low,5,178,3,False,False,0.58,0.96,False
IT,low,2,181,4,True,False,0.95,0.49,False
product_management,low,3,139,2,False,False,0.66,0.56,False
product_management,low,2,177,4,False,False,0.78,0.99,False
product_management,low,4,270,3,False,False,0.88,0.49,False
product_management,low,4,135,3,False,False,0.69,0.53,False
IT,low,4,166,4,False,False,0.5,0.75,False
marketing,low,3,230,4,False,False,0.89,0.51,False
marketing,medium,3,163,3,True,False,0.9,0.65,False
marketing,medium,2,236,3,False,False,0.66,0.45,False
marketing,medium,3,264,4,True,False,0.91,0.98,False
marketing,medium,3,185,2,False,False,0.74,0.9,False
marketing,medium,4,253,2,False,False,0.62,0.37,False
marketing,medium,4,253,3,False,False,0.99,0.52,False
sales,medium,3,135,3,False,False,0.78,0.96,False
accounting,medium,2,182,4,False,False,0.7,0.99,False
support,medium,5,202,3,False,False,0.56,0.66,False
engineering,medium,5,186,2,False,False,0.54,0.84,False
management,medium,5,163,3,False,False,0.87,0.16,False
marketing,medium,3,242,3,False,False,0.59,0.75,False
marketing,high,3,160,2,False,False,0.74,0.52,False
marketing,low,3,173,3,False,False,0.86,0.86,False
sales,medium,3,154,2,False,False,0.53,0.75,False
sales,medium,3,160,3,False,False,0.99,0.73,False
sales,medium,3,139,2,False,False,0.84,0.98,False
sales,medium,3,251,3,False,False,0.84,0.8,False
sales,low,4,176,4,True,False,0.48,0.18,False
sales,low,2,163,3,False,False,0.72,0.37,False
sales,low,3,257,4,False,False,0.86,0.97,False
sales,low,4,159,3,False,False,0.68,0.56,False
sales,low,2,183,3,False,False,0.65,0.32,False
sales,low,4,260,2,False,False,0.88,0.63,False
sales,low,6,151,3,False,False,0.78,0.36,False
sales,low,4,246,3,True,False,0.49,0.75,False
sales,low,3,160,4,True,False,0.86,0.42,False
sales,low,3,155,2,False,False,0.66,0.96,False
sales,low,5,250,6,False,False,0.78,0.62,False
sales,low,2,174,3,False,False,0.96,0.78,False
sales,low,3,262,2,False,False,0.89,0.93,False
sales,low,4,257,2,False,False,0.87,0.93,False
sales,low,4,140,2,False,False,0.42,0.45,False
accounting,medium,3,123,3,False,False,0.56,0.44,False
accounting,medium,3,264,2,False,False,0.55,0.57,False
accounting,medium,2,254,5,False,False,0.51,0.77,False
hr,medium,4,205,4,False,False,0.98,0.6,False
hr,medium,6,199,4,False,False,0.94,0.25,False
hr,medium,3,171,3,False,False,0.43,0.59,False
hr,medium,5,98,5,False,False,0.57,0.29,False
engineering,low,3,166,4,True,False,0.95,0.5,False
engineering,low,4,264,4,False,False,0.94,0.91,False
engineering,low,3,176,2,False,False,0.65,0.78,False
engineering,low,2,166,3,False,False,0.76,0.73,False
engineering,low,4,169,3,False,False,0.59,0.51,False
engineering,low,4,257,3,False,False,0.82,0.65,False
engineering,low,3,265,4,False,False,0.87,0.25,False
engineering,low,5,167,2,False,False,0.63,0.5,False
engineering,low,4,134,2,False,False,0.58,0.53,False
engineering,low,2,176,3,False,False,0.76,0.57,False
engineering,low,5,274,3,False,False,0.91,0.77,False
support,low,3,201,3,False,False,0.77,0.94,False
support,low,3,121,4,False,False,0.53,0.5,False
support,low,3,97,4,False,False,0.57,0.47,False
support,low,4,217,4,False,False,0.54,0.92,False
support,low,3,220,3,False,False,0.87,0.9,False
support,low,2,98,4,False,False,0.46,0.54,False
support,low,5,265,3,False,False,0.97,0.58,False
support,low,3,201,3,False,False,0.87,0.95,False
support,low,3,151,3,False,False,0.71,0.52,False
support,low,4,199,3,False,False,0.51,0.83,False
support,low,4,175,3,False,False,0.92,0.54,False
engineering,low,5,253,3,True,False,0.85,0.8,False
engineering,low,3,183,2,False,False,0.57,0.52,False
engineering,low,5,223,3,False,False,0.8,0.83,False
management,low,5,168,4,False,False,0.55,0.74,False
IT,low,5,244,2,False,False,0.71,0.87,False
IT,low,2,268,4,True,False,0.87,0.45,False
IT,low,4,218,4,False,False,0.72,0.72,False
IT,low,2,277,6,True,False,0.85,0.27,False
IT,low,5,225,2,True,False,0.88,0.51,False
product_management,low,4,257,3,False,False,0.55,0.55,False
product_management,low,4,170,3,False,False,0.69,0.89,False
product_management,low,3,179,3,False,False,0.86,0.85,False
product_management,low,4,211,2,False,False,0.85,0.29,False
IT,low,3,217,2,True,False,0.5,0.96,False
r&d,low,3,135,3,False,False,0.68,0.9,False
r&d,low,6,167,3,True,False,0.94,0.28,False
r&d,medium,4,189,3,False,False,0.98,0.93,False
r&d,medium,3,162,3,True,False,0.57,0.51,False
r&d,medium,3,193,3,False,False,0.76,0.97,False
r&d,medium,4,273,3,True,False,0.55,0.71,False
marketing,medium,6,138,5,False,False,0.69,0.52,False
sales,medium,4,237,3,True,False,0.84,0.87,False
accounting,medium,5,260,2,False,False,0.61,0.78,False
support,medium,3,149,5,True,False,0.82,0.57,False
engineering,medium,4,149,3,False,False,0.49,0.34,False
management,medium,4,137,4,False,False,0.95,0.95,False
marketing,medium,5,167,3,False,False,0.73,0.72,False
marketing,medium,4,165,6,False,False,0.37,0.61,False
marketing,high,2,131,2,False,False,0.39,0.39,False
sales,low,5,138,2,False,False,0.59,0.72,False
sales,medium,4,234,3,True,False,0.91,0.86,False
sales,medium,4,141,3,False,False,0.67,0.69,False
sales,medium,4,266,3,True,False,0.65,0.5,False
sales,medium,3,134,2,False,False,0.68,0.62,False
sales,low,4,147,3,False,False,0.55,0.76,False
sales,low,4,237,4,False,False,0.88,0.97,False
sales,low,5,114,4,False,False,0.57,0.78,False
sales,low,4,166,2,True,False,0.89,0.81,False
sales,low,4,173,5,True,False,0.95,0.15,False
sales,low,3,205,3,True,False,0.5,0.72,False
sales,low,3,219,3,False,False,0.5,0.8,False
sales,low,3,173,2,False,False,0.74,0.76,False
sales,low,4,231,3,False,False,0.73,0.19,False
sales,low,5,133,2,False,False,0.75,0.75,False
sales,low,4,220,3,False,False,0.49,0.94,False
sales,low,5,158,3,False,False,0.59,0.93,False
sales,low,3,182,4,False,False,0.92,0.96,False
sales,low,6,275,5,False,False,0.57,0.14,False
accounting,low,3,237,3,True,False,0.71,0.75,False
accounting,low,5,146,4,False,False,0.59,0.6,False
accounting,low,4,144,3,False,False,0.48,0.65,False
hr,low,2,195,3,False,False,0.79,0.59,False
hr,medium,5,191,4,False,False,0.78,0.93,False
hr,medium,3,149,2,False,False,1.0,0.5,False
hr,medium,4,137,3,True,False,0.55,0.62,False
engineering,medium,3,184,5,True,False,0.58,0.24,False
engineering,medium,4,139,3,False,False,0.87,0.66,False
engineering,medium,4,249,4,False,False,0.95,0.55,False
engineering,medium,3,168,3,False,False,0.66,0.91,False
engineering,medium,2,145,5,False,False,0.51,0.59,False
engineering,medium,5,221,3,False,False,0.54,0.74,False
engineering,medium,2,123,3,False,False,0.51,0.43,False
engineering,medium,6,153,6,False,False,0.99,0.85,False
engineering,medium,3,183,4,False,False,0.54,0.46,False
engineering,high,4,271,3,False,False,0.56,0.48,False
engineering,low,4,167,2,True,False,1.0,0.96,False
support,medium,4,177,3,False,False,0.9,0.55,False
support,medium,3,256,3,True,False,0.74,0.82,False
support,medium,3,143,4,False,False,0.65,0.24,False
support,medium,3,241,3,False,False,0.71,0.69,False
support,low,4,210,3,False,False,0.68,0.29,False
support,low,4,155,5,True,False,0.7,0.53,False
support,low,2,248,3,False,False,0.77,0.65,False
support,low,3,162,3,False,False,0.53,0.57,False
support,low,4,137,3,False,False,0.5,0.6,False
support,low,5,242,2,False,False,0.55,0.79,False
support,low,6,257,6,True,False,0.5,0.41,False
engineering,low,5,245,3,True,False,0.72,0.79,False
engineering,low,3,234,3,False,False,0.8,0.5,False
engineering,low,4,135,2,False,False,0.76,0.8,False
management,low,5,269,2,False,False,0.79,0.61,False
IT,low,4,238,3,False,False,0.68,0.99,False
IT,low,3,101,5,False,False,0.86,0.77,False
IT,low,5,200,2,True,False,0.52,0.7,False
IT,low,3,241,4,False,False,0.87,0.55,False
IT,low,3,143,3,True,False,0.63,0.87,False
product_management,low,3,169,2,True,False,0.6,0.97,False
product_management,low,4,270,2,False,False,0.99,0.56,False
product_management,low,4,246,3,True,False,0.81,0.99,False
product_management,low,4,151,2,False,False,0.66,0.57,False
IT,low,3,227,3,False,False,0.84,1.0,False
marketing,high,3,134,3,True,False,0.74,0.97,False
accounting,high,4,155,4,False,False,0.54,0.81,False
accounting,high,5,173,3,False,False,0.48,0.76,False
IT,medium,5,134,3,False,False,0.55,0.95,False
IT,medium,3,195,2,False,False,0.65,0.81,False
management,high,3,264,4,False,False,0.65,0.8,False
marketing,medium,3,203,2,True,False,0.57,0.72,False
sales,medium,3,243,2,False,False,0.65,0.68,False
accounting,medium,6,159,5,True,False,0.61,0.21,False
support,medium,3,145,2,False,False,0.4,0.46,False
engineering,medium,3,238,2,False,False,0.7,0.8,False
management,medium,4,151,2,False,False,0.64,0.57,False
marketing,high,5,205,2,False,False,0.57,0.58,False
marketing,low,4,211,3,False,False,1.0,0.91,False
marketing,medium,5,169,2,False,False,0.67,0.63,False
sales,medium,2,263,4,False,False,0.86,0.95,False
sales,medium,5,143,3,False,False,0.67,0.87,False
sales,medium,5,160,4,True,False,0.53,0.22,False
sales,low,5,142,2,True,False,0.65,0.95,False
sales,low,4,169,4,False,False,0.5,0.18,False
sales,low,5,214,3,False,False,0.63,0.87,False
sales,low,5,131,5,False,False,0.84,0.23,False
sales,low,3,213,4,False,False,0.69,0.93,False
sales,low,4,244,4,False,False,0.75,0.58,False
sales,low,4,169,3,True,False,0.55,0.68,False
sales,low,4,156,3,False,False,0.71,0.76,False
sales,low,5,161,3,False,False,0.84,0.68,False
sales,low,3,152,5,False,False,0.47,0.99,False
sales,low,3,201,2,False,False,0.55,0.64,False
sales,low,5,269,5,True,False,0.83,0.61,False
sales,low,5,242,2,False,False,0.5,0.51,False
sales,low,3,113,4,False,False,0.66,0.69,False
sales,low,3,251,2,False,False,0.6,0.85,False
sales,low,6,99,3,False,False,0.89,0.55,False
accounting,low,4,263,3,False,False,0.89,0.56,False
accounting,low,4,214,4,False,False,0.68,0.69,False
accounting,low,4,172,3,False,False,0.46,0.61,False
hr,low,4,172,2,False,False,0.65,0.47,False
hr,low,4,196,3,True,False,0.79,0.58,False
hr,medium,5,152,5,False,False,0.56,0.16,False
hr,medium,2,109,3,False,False,0.64,0.53,False
engineering,medium,5,193,4,False,False,0.82,0.82,False
engineering,medium,4,227,3,False,False,0.61,0.68,False
engineering,medium,3,181,2,False,False,0.72,0.6,False
engineering,medium,5,190,5,False,False,0.44,0.93,False
engineering,medium,2,107,3,False,False,0.49,0.58,False
engineering,medium,4,161,3,True,False,0.96,0.61,False
engineering,medium,4,243,3,False,False,0.71,0.74,False
engineering,medium,3,157,2,False,False,0.91,0.88,False
engineering,medium,6,147,3,False,False,0.8,0.94,False
engineering,medium,3,121,3,False,False,0.46,0.44,False
engineering,high,3,274,2,False,False,0.52,0.73,False
support,low,4,204,4,True,False,0.68,0.9,False
support,medium,3,199,2,False,False,0.49,0.97,False
support,medium,5,246,3,False,False,0.96,0.86,False
support,medium,3,141,3,False,False,0.98,0.81,False
support,medium,6,213,4,False,False,0.76,0.24,False
support,low,4,199,3,False,False,0.97,0.92,False
support,low,2,257,6,True,False,0.62,0.34,False
support,low,4,143,3,False,False,0.53,0.95,False
support,low,3,150,2,False,False,0.81,0.94,False
support,low,3,284,2,True,False,0.82,0.54,False
support,low,3,149,3,False,False,0.57,0.87,False
engineering,low,4,160,6,False,False,0.74,0.54,False
engineering,low,4,208,4,False,False,0.49,0.75,False
engineering,medium,3,248,3,False,False,1.0,0.88,False
management,medium,3,210,3,False,False,0.86,0.78,False
IT,medium,5,219,2,False,False,0.71,0.88,False
IT,medium,4,155,3,False,False,0.94,0.51,False
IT,medium,4,182,3,False,False,0.7,0.31,False
IT,medium,6,244,3,False,False,1.0,0.22,False
IT,medium,5,157,3,False,False,0.83,0.56,False
product_management,medium,2,182,2,False,False,0.63,0.38,False
product_management,medium,5,185,4,False,False,0.47,0.56,False
product_management,medium,4,206,3,False,False,0.9,0.55,False
product_management,medium,4,156,3,False,False,0.99,0.74,False
IT,medium,5,211,2,True,False,0.92,0.64,False
r&d,medium,6,247,6,False,False,0.91,0.69,False
r&d,medium,3,247,3,False,False,0.54,0.99,False
r&d,medium,4,235,3,False,False,0.75,0.66,False
r&d,medium,5,169,3,False,False,0.93,0.79,False
r&d,medium,3,246,3,False,False,0.54,0.92,False
r&d,medium,3,172,4,False,False,0.49,0.84,False
marketing,medium,4,218,5,False,False,0.59,0.31,False
sales,medium,6,265,6,False,False,0.52,0.34,False
accounting,medium,5,173,4,False,False,0.96,0.88,False
support,medium,3,195,3,False,False,0.84,0.8,False
engineering,medium,3,160,3,True,False,0.92,0.75,False
management,medium,4,237,4,False,False,0.7,0.71,False
marketing,medium,3,206,2,False,False,0.49,0.66,False
marketing,high,6,222,5,False,False,0.72,0.54,False
marketing,high,3,113,3,False,False,0.4,0.47,False
sales,high,3,244,3,False,False,0.79,0.87,False
sales,high,3,162,2,False,False,0.52,0.9,False
sales,high,3,234,2,False,False,0.63,0.51,False
sales,high,4,168,2,False,False,0.71,0.62,False
sales,high,3,120,3,False,False,0.43,0.47,False
sales,high,5,274,2,False,False,0.94,0.59,False
sales,high,4,202,3,False,False,0.62,0.87,False
sales,high,3,209,3,False,False,0.97,0.59,False
sales,high,6,224,6,False,False,0.71,0.87,False
sales,high,3,168,2,False,False,0.93,0.89,False
sales,low,4,227,3,False,False,0.68,0.73,False
sales,low,3,217,3,False,False,0.98,0.79,False
sales,low,2,205,3,True,False,0.74,0.8,False
sales,low,5,223,3,False,False,0.89,0.73,False
sales,low,3,175,3,True,False,0.9,0.96,False
sales,low,3,175,2,False,False,0.96,0.66,False
sales,low,4,254,3,False,False,0.97,0.53,False
sales,low,5,215,2,False,False,0.56,0.86,False
sales,low,3,166,4,False,False,0.86,0.92,False
accounting,low,5,205,3,False,False,0.95,0.31,False
accounting,low,4,233,2,False,False,0.73,0.69,False
accounting,low,3,189,3,False,False,0.83,0.7,False
hr,low,4,202,3,False,False,0.74,0.63,False
hr,low,6,165,5,False,False,0.53,0.24,False
hr,low,4,213,5,True,False,0.94,0.13,False
hr,medium,2,140,3,False,False,0.41,0.47,False
engineering,medium,4,251,2,False,False,0.58,0.53,False
engineering,medium,5,243,3,False,False,0.96,0.96,False
engineering,medium,4,111,4,False,False,0.88,0.92,False
engineering,medium,3,178,2,False,False,0.59,0.56,False
engineering,medium,5,230,4,False,False,0.88,0.51,False
engineering,medium,6,172,6,True,False,0.85,0.22,False
engineering,medium,3,268,2,True,False,0.92,0.83,False
engineering,medium,2,208,4,False,False,0.48,0.85,False
engineering,medium,3,188,4,False,False,0.92,0.85,False
engineering,medium,5,247,2,False,False,0.9,0.85,False
engineering,medium,4,205,4,False,False,0.82,0.73,False
support,high,3,213,4,False,False,0.52,0.18,False
support,high,4,145,3,True,False,0.87,0.63,False
support,high,2,106,2,False,False,0.48,0.5,False
support,high,3,180,3,True,False,0.47,0.63,False
support,high,4,251,5,False,False,0.95,0.15,False
support,high,4,156,5,False,False,0.69,0.96,False
support,high,5,179,2,False,False,0.91,0.96,False
support,high,4,229,6,False,False,0.51,0.31,False
support,low,4,149,4,False,False,0.49,0.59,False
support,low,4,198,3,False,False,0.98,0.75,False
support,low,3,241,6,True,False,0.51,0.96,False
engineering,low,4,156,3,False,False,0.67,0.69,False
engineering,low,3,220,2,False,False,0.89,0.92,False
engineering,low,5,185,3,False,False,0.82,0.96,False
management,low,4,222,3,False,False,0.7,0.67,False
IT,low,3,221,3,True,False,0.56,0.49,False
IT,medium,4,280,3,True,False,0.65,0.85,False
IT,medium,3,250,3,False,False,0.53,0.85,False
IT,medium,4,167,3,True,False,0.77,0.91,False
IT,medium,4,238,3,False,False,0.48,0.7,False
product_management,medium,4,132,2,False,False,0.99,0.98,False
product_management,medium,2,245,5,False,False,0.48,0.48,False
product_management,medium,2,161,2,False,False,0.6,0.39,False
product_management,medium,3,242,3,False,False,0.89,0.66,False
IT,medium,3,104,5,False,False,0.61,0.6,False
r&d,medium,4,152,4,False,False,0.9,0.88,False
r&d,medium,3,226,2,False,False,0.83,0.85,False
r&d,medium,3,175,3,False,False,0.81,0.76,False
r&d,medium,5,241,4,False,False,0.67,1.0,False
r&d,medium,2,158,3,False,False,0.74,0.79,False
marketing,medium,5,226,4,False,False,0.52,0.63,False
sales,medium,2,220,2,True,False,0.83,0.5,False
accounting,medium,4,233,3,False,False,0.74,0.83,False
support,medium,3,141,3,False,False,0.81,0.71,False
engineering,medium,4,157,3,False,False,0.87,0.94,False
management,medium,2,112,4,False,False,0.57,0.56,False
marketing,medium,4,216,2,False,False,0.71,0.78,False
marketing,medium,5,131,3,False,False,0.46,0.34,False
marketing,medium,3,212,3,False,False,0.67,0.62,False
sales,high,3,163,2,False,False,0.74,0.82,False
sales,low,2,151,3,False,False,0.5,0.42,False
sales,medium,3,137,3,False,False,0.79,0.51,False
sales,medium,2,158,5,True,False,0.78,0.63,False
sales,medium,3,102,3,False,False,0.81,0.43,False
sales,medium,5,256,3,False,False,0.49,0.5,False
sales,medium,4,203,2,False,False,0.87,0.81,False
sales,medium,5,177,2,True,False,0.7,0.63,False
sales,medium,4,197,3,False,False,0.7,0.86,False
sales,medium,3,202,2,False,False,0.91,0.92,False
sales,medium,3,229,2,False,False,0.78,0.72,False
sales,medium,4,181,2,False,False,0.63,0.78,False
sales,low,3,254,2,False,False,0.65,0.76,False
sales,low,2,162,3,False,False,0.63,0.84,False
sales,low,4,102,3,False,False,0.54,0.78,False
sales,low,4,197,3,False,False,0.59,0.57,False
sales,low,3,98,3,False,False,0.42,0.15,False
sales,low,3,232,2,False,False,0.77,0.69,False
sales,low,3,252,4,True,False,0.6,0.73,False
accounting,high,5,161,3,True,False,0.54,0.96,False
accounting,low,4,169,4,False,False,0.78,0.91,False
accounting,high,2,216,3,False,False,0.97,0.58,False
hr,high,3,266,3,False,False,0.56,0.84,False
hr,low,3,141,3,False,False,0.58,0.51,False
hr,low,4,249,3,False,False,0.95,0.71,False
hr,high,5,268,3,False,False,0.82,0.63,False
engineering,low,3,192,3,False,False,0.51,0.66,False
engineering,medium,6,201,5,False,False,0.8,0.5,False
engineering,high,3,163,3,True,False,0.89,0.56,False
engineering,medium,3,167,4,False,False,0.46,0.57,False
engineering,medium,5,202,3,True,False,0.65,0.7,False
engineering,medium,5,245,4,False,False,0.62,0.84,False
engineering,medium,3,243,2,False,False,0.59,0.33,False
engineering,high,3,204,2,False,False,0.94,0.64,False
engineering,medium,4,239,2,False,False,0.54,0.93,False
engineering,medium,4,229,2,True,False,0.58,1.0,False
engineering,medium,3,213,4,False,False,0.49,0.91,False
support,high,5,254,4,False,False,0.59,0.56,False
support,medium,6,253,4,False,False,0.52,0.62,False
support,high,4,253,3,False,False,0.68,0.98,False
support,low,5,211,4,False,False,0.85,0.96,False
support,medium,5,98,2,False,False,0.99,0.61,False
support,medium,4,133,3,False,False,0.66,0.92,False
support,medium,5,265,3,False,False,0.67,0.58,False
support,medium,2,112,3,True,False,0.49,0.47,False
support,low,3,224,3,False,False,0.7,0.87,False
support,low,5,180,2,False,False,0.64,0.8,False
support,low,3,203,2,False,False,0.53,0.54,False
engineering,low,6,275,6,False,False,0.83,0.14,False
engineering,low,5,168,3,False,False,0.76,0.98,False
engineering,low,4,203,4,False,False,0.58,0.13,False
management,low,3,209,3,False,False,0.81,0.64,False
IT,low,3,166,2,False,False,0.75,0.91,False
IT,low,3,187,5,False,False,0.71,0.24,False
IT,low,6,287,5,True,False,0.42,0.34,False
IT,high,2,248,4,False,False,0.85,0.51,False
IT,low,3,193,2,False,False,0.7,0.91,False
product_management,low,4,162,3,False,False,0.9,0.86,False
product_management,low,3,188,4,False,False,0.61,1.0,False
product_management,low,6,101,3,False,False,0.41,0.37,False
product_management,high,6,256,4,False,False,0.73,0.46,False
IT,low,5,134,2,False,False,0.8,0.86,False
marketing,high,2,126,4,False,False,0.68,0.36,False
accounting,high,2,243,3,False,False,0.93,0.52,False
accounting,high,3,205,4,False,False,0.73,0.51,False
IT,medium,5,259,2,False,False,0.94,0.69,False
IT,medium,5,219,3,False,False,0.5,0.67,False
management,high,5,161,3,False,False,0.99,0.6,False
marketing,medium,3,207,3,False,False,0.57,0.71,False
sales,high,3,201,3,True,False,0.79,0.65,False
accounting,medium,3,234,3,False,False,0.92,0.48,False
support,medium,4,158,3,False,False,0.58,0.67,False
engineering,medium,5,185,4,False,False,0.63,0.68,False
management,medium,3,176,3,False,False,0.85,0.74,False
marketing,medium,5,163,3,False,False,0.77,0.9,False
marketing,medium,3,171,3,True,False,0.83,0.67,False
marketing,medium,5,163,4,False,False,0.66,0.64,False
sales,medium,4,163,3,False,False,0.87,0.54,False
sales,high,2,180,2,False,False,0.73,0.6,False
sales,low,3,243,3,False,False,0.67,0.72,False
sales,medium,4,213,2,False,False,0.49,0.97,False
sales,medium,3,273,2,False,False,0.89,0.99,False
sales,medium,4,195,3,False,False,0.93,0.75,False
sales,medium,4,246,3,False,False,0.98,0.84,False
sales,medium,3,196,3,True,False,0.5,0.76,False
sales,medium,5,205,2,True,False,0.51,0.96,False
sales,medium,4,287,6,False,False,0.81,0.12,False
sales,medium,3,211,3,False,False,0.79,0.54,False
sales,medium,3,261,4,False,False,0.98,0.69,False
sales,high,5,204,3,False,False,0.71,0.77,False
sales,low,2,163,3,False,False,0.86,0.96,False
sales,low,4,162,2,False,False,0.62,0.53,False
sales,low,4,259,2,True,False,0.72,0.54,False
sales,high,4,151,5,False,False,0.64,0.89,False
sales,low,2,266,2,False,False,0.84,0.52,False
sales,low,5,110,5,True,False,0.65,0.29,False
accounting,low,4,271,3,False,False,0.6,0.93,False
accounting,high,4,208,2,False,False,0.68,0.71,False
accounting,low,2,150,6,False,False,0.5,0.23,False
hr,low,3,122,4,False,False,0.96,0.89,False
hr,low,4,246,3,False,False,0.5,0.51,False
hr,low,2,188,3,False,False,0.64,0.27,False
hr,low,3,167,3,False,False,0.53,0.9,False
engineering,low,4,261,4,False,False,0.57,0.88,False
engineering,low,4,235,3,False,False,0.83,0.91,False
engineering,medium,4,199,2,False,False,0.63,0.65,False
engineering,medium,4,166,4,True,False,0.5,0.68,False
engineering,medium,4,272,3,False,False,0.63,0.58,False
engineering,medium,3,158,3,False,False,0.62,0.68,False
engineering,medium,3,264,3,False,False,0.76,0.59,False
engineering,medium,5,274,3,False,False,0.57,0.56,False
engineering,medium,5,169,3,True,False,0.44,0.74,False
engineering,medium,4,148,2,False,False,0.91,0.5,False
engineering,medium,4,162,2,False,False,0.65,0.85,False
support,medium,5,221,3,False,False,0.48,0.57,False
support,medium,3,167,3,False,False,0.58,0.89,False
support,medium,5,206,2,False,False,0.66,0.76,False
support,high,3,169,3,False,False,0.7,0.96,False
support,low,4,179,3,False,False,0.68,0.81,False
support,medium,4,100,6,False,False,0.85,0.79,False
support,medium,3,177,2,True,False,0.66,0.63,False
support,medium,5,252,3,False,False,0.82,0.92,False
support,medium,4,202,4,False,False,0.74,0.77,False
support,low,4,263,2,False,False,0.87,0.73,False
support,low,4,160,2,False,False,0.98,0.74,False
engineering,low,5,229,3,True,False,0.74,0.8,False
engineering,low,5,195,4,False,False,0.85,0.82,False
engineering,low,3,212,2,False,False,0.81,0.48,False
management,low,6,190,4,False,False,0.54,0.79,False
IT,low,3,219,3,True,False,0.41,0.87,False
IT,low,2,193,2,False,False,0.88,0.96,False
IT,low,5,197,4,True,False,0.58,0.96,False
IT,low,3,206,2,False,False,0.66,0.69,False
IT,low,2,140,3,False,False,0.58,0.42,False
product_management,low,3,173,2,False,False,0.76,0.7,False
product_management,low,6,142,2,False,False,0.76,0.97,False
product_management,low,3,237,4,True,False,0.59,0.6,False
product_management,low,5,252,2,False,False,0.63,0.63,False
IT,low,4,196,2,False,False,0.82,0.65,False
marketing,high,3,205,3,False,False,0.81,0.85,False
accounting,high,3,201,3,False,False,0.83,0.54,False
accounting,high,5,120,4,False,False,0.74,0.23,False
IT,medium,2,187,2,False,False,0.73,0.95,False
IT,medium,5,274,4,False,False,0.51,1.0,False
management,high,3,227,3,False,False,0.93,0.77,False
sales,medium,3,245,3,False,False,0.53,0.8,False
accounting,medium,4,243,4,False,False,0.56,0.88,False
support,medium,3,132,2,False,False,0.68,0.73,False
engineering,medium,3,206,3,False,False,0.9,0.54,False
management,medium,5,205,2,True,False,0.58,0.92,False
marketing,medium,3,162,4,False,False,0.88,0.14,False
marketing,medium,5,266,3,False,False,0.79,0.65,False
marketing,medium,5,261,5,False,False,0.89,0.17,False
sales,medium,5,209,4,False,False,0.67,0.18,False
sales,medium,5,184,4,False,False,0.5,0.58,False
sales,medium,4,229,3,False,False,0.67,0.63,False
sales,high,3,180,2,True,False,0.81,0.68,False
sales,low,5,135,3,False,False,0.98,0.91,False
sales,medium,3,174,3,False,False,0.94,0.95,False
sales,medium,2,278,2,False,False,0.76,0.89,False
sales,medium,3,197,2,False,False,0.76,0.76,False
sales,medium,3,157,3,False,False,0.72,0.96,False
sales,low,4,156,3,False,False,0.63,0.78,False
sales,low,3,186,4,False,False,0.9,0.98,False
sales,low,3,217,2,False,False,0.42,0.76,False
sales,low,5,192,2,False,False,0.49,0.63,False
sales,low,3,127,3,False,False,0.37,0.39,False
sales,low,3,257,2,False,False,0.67,0.91,False
sales,low,4,229,4,False,False,0.8,0.8,False
sales,low,4,274,2,True,False,0.64,0.89,False
sales,low,5,196,4,False,False,0.41,0.75,False
sales,low,3,137,3,False,False,0.85,0.94,False
accounting,low,4,239,2,False,False,0.75,0.5,False
accounting,low,4,177,3,False,False,0.95,0.75,False
accounting,low,5,164,3,False,False,0.78,0.84,False
hr,low,5,229,3,False,False,0.81,0.55,False
hr,low,3,149,3,False,False,0.82,0.59,False
hr,low,3,224,6,False,False,0.43,0.58,False
hr,low,5,179,3,False,False,0.59,0.91,False
engineering,low,5,151,4,False,False,0.92,0.43,False
engineering,low,5,222,2,False,False,0.79,0.51,False
engineering,low,4,219,2,False,False,0.96,0.81,False
engineering,low,3,257,3,False,False,0.39,0.72,False
engineering,medium,4,258,3,True,False,0.99,0.89,False
engineering,medium,5,185,2,True,False,0.74,0.61,False
engineering,medium,3,248,2,False,False,0.7,0.57,False
engineering,medium,5,154,2,False,False,0.82,0.74,False
engineering,medium,3,187,2,False,False,0.64,0.87,False
engineering,medium,3,182,3,False,False,0.62,0.58,False
engineering,medium,3,189,3,False,False,0.59,0.63,False
support,medium,4,195,4,False,False,0.85,0.89,False
support,medium,2,154,3,False,False,0.74,0.49,False
support,medium,4,244,3,False,False,0.59,0.59,False
support,medium,3,228,2,False,False,0.99,0.71,False
support,medium,3,218,3,False,False,0.62,0.58,False
support,high,5,202,3,False,False,0.61,0.84,False
support,low,4,208,3,False,False,0.48,0.92,False
support,medium,3,266,2,False,False,0.59,0.91,False
support,medium,4,177,2,False,False,0.78,0.92,False
support,medium,3,183,3,False,False,0.65,0.95,False
support,medium,4,201,3,False,False,0.62,0.53,False
engineering,low,5,179,2,False,False,0.89,0.89,False
engineering,low,3,198,2,False,False,0.84,0.81,False
engineering,low,5,209,3,False,False,0.67,0.78,False
management,low,3,203,4,True,False,0.48,0.66,False
IT,low,6,266,5,False,False,0.71,0.37,False
IT,low,4,200,4,False,False,0.84,0.55,False
IT,low,3,195,4,False,False,0.88,0.79,False
IT,low,5,269,3,False,False,0.83,0.89,False
IT,low,5,226,2,False,False,0.76,0.54,False
product_management,low,4,200,4,False,False,0.8,0.74,False
product_management,low,2,176,5,False,False,0.47,0.7,False
product_management,low,2,185,3,False,False,0.85,0.37,False
product_management,low,3,179,2,False,False,0.71,0.84,False
IT,low,5,208,3,False,False,0.58,0.55,False
marketing,high,5,241,4,False,False,0.79,0.93,False
accounting,high,4,166,3,True,False,0.55,0.97,False
accounting,high,3,216,3,False,False,0.53,0.64,False
IT,medium,4,185,2,False,False,0.64,0.62,False
IT,medium,5,183,6,False,False,0.91,0.26,False
management,high,4,255,2,False,False,0.49,0.93,False
sales,low,3,213,6,False,False,0.61,0.27,False
accounting,medium,4,173,3,False,False,0.63,0.9,False
support,medium,6,246,4,False,False,0.7,0.16,False
engineering,medium,3,148,4,False,False,0.63,0.75,False
management,medium,2,238,3,False,False,0.74,0.72,False
marketing,medium,3,185,3,False,False,0.51,0.68,False
marketing,medium,4,201,5,False,False,0.77,0.13,False
marketing,medium,3,150,2,False,False,0.92,0.96,False
sales,medium,4,137,3,False,False,0.72,0.71,False
sales,medium,5,189,3,False,False,0.66,0.85,False
sales,medium,3,229,3,True,False,0.91,0.87,False
sales,medium,3,199,3,True,False,0.93,0.86,False
sales,medium,3,250,2,False,False,0.85,0.49,False
sales,high,5,263,3,False,False,0.59,0.99,False
sales,low,3,268,3,True,False,0.95,0.75,False
sales,medium,3,187,2,False,False,0.64,0.61,False
sales,medium,6,196,4,False,False,0.84,0.89,False
sales,medium,4,232,3,False,False,0.7,0.77,False
sales,medium,3,226,4,False,False,0.79,0.7,False
sales,low,4,96,3,False,False,0.58,0.5,False
sales,low,4,133,4,False,False,1.0,0.61,False
sales,low,4,214,2,False,False,0.53,0.98,False
sales,low,4,252,2,False,False,0.77,0.61,False
sales,low,3,199,4,False,False,0.56,0.85,False
sales,low,3,150,3,False,False,0.85,0.42,False
sales,low,4,141,3,False,False,0.75,0.56,False
sales,low,4,239,3,False,False,0.8,0.88,False
accounting,low,3,139,2,False,False,0.69,0.92,False
accounting,low,3,146,4,False,False,0.77,0.85,False
accounting,low,4,179,3,False,False,0.74,0.66,False
hr,low,3,160,3,False,False,0.93,0.82,False
hr,low,6,205,3,False,False,0.58,0.14,False
hr,low,5,213,3,False,False,0.98,0.6,False
hr,low,4,260,2,False,False,0.65,0.92,False
engineering,low,3,242,3,False,False,0.72,0.51,False
engineering,low,3,123,5,True,False,0.46,0.85,False
engineering,low,2,285,5,False,False,0.84,0.43,False
engineering,medium,3,103,5,False,False,0.56,0.98,False
engineering,medium,5,264,3,False,False,0.55,0.84,False
engineering,medium,3,227,2,False,False,0.52,0.7,False
engineering,medium,5,267,2,False,False,0.82,0.82,False
engineering,medium,3,142,3,False,False,0.67,0.94,False
engineering,medium,3,254,3,True,False,0.79,0.55,False
engineering,medium,3,251,3,False,False,0.5,0.98,False
engineering,medium,4,158,3,False,False,0.63,0.78,False
support,medium,5,160,3,False,False,0.77,0.99,False
support,medium,4,215,3,True,False,0.58,0.74,False
support,medium,4,237,2,True,False,0.74,0.5,False
support,medium,5,237,6,False,False,0.8,0.25,False
support,high,4,268,4,False,False,0.55,0.49,False
support,low,4,234,3,False,False,0.74,0.63,False
support,medium,3,250,2,False,False,0.73,0.68,False
support,medium,4,212,4,False,False,0.54,0.62,False
support,medium,4,189,3,False,False,0.52,0.89,False
support,medium,2,104,3,True,False,0.37,0.31,False
support,low,3,211,2,False,False,0.61,0.89,False
engineering,low,3,109,5,True,False,0.65,0.72,False
engineering,low,2,168,2,False,False,0.75,0.84,False
engineering,low,3,184,3,False,False,0.71,0.88,False
management,low,4,242,2,False,False,1.0,0.74,False
IT,low,6,215,4,False,False,0.95,0.96,False
IT,low,5,182,3,False,False,0.89,0.82,False
IT,low,5,260,3,False,False,0.64,0.7,False
IT,low,4,265,2,False,False,0.84,0.61,False
IT,low,5,182,2,True,False,0.83,0.65,False
product_management,low,3,191,3,True,False,0.64,0.77,False
product_management,low,5,167,4,False,False,0.77,0.81,False
product_management,low,3,270,2,False,False,0.66,0.87,False
product_management,low,4,273,2,False,False,0.73,0.96,False
IT,low,3,251,3,False,False,0.7,0.48,False
marketing,high,3,217,3,False,False,0.96,0.78,False
accounting,high,4,222,2,True,False,1.0,0.75,False
accounting,high,5,258,4,True,False,0.87,0.23,False
IT,medium,3,197,5,False,False,0.76,0.85,False
IT,medium,3,193,2,True,False,0.56,0.67,False
management,high,2,182,3,False,False,0.81,0.71,False
sales,medium,3,163,3,True,False,0.7,0.72,False
accounting,medium,4,224,2,False,False,0.77,0.8,False
support,medium,4,143,2,False,False,0.86,0.64,False
engineering,medium,6,218,3,False,False,0.42,0.54,False
management,medium,3,208,4,False,False,0.67,0.73,False
marketing,medium,2,229,3,False,False,1.0,0.73,False
marketing,medium,5,184,4,False,False,0.62,0.55,False
marketing,medium,3,180,5,True,False,0.41,0.63,False
sales,medium,5,121,5,False,False,0.8,0.15,False
sales,medium,5,203,3,False,False,0.5,0.6,False
sales,medium,3,151,2,False,False,0.51,0.38,False
sales,medium,4,239,3,False,False,0.77,0.81,False
sales,high,3,166,3,False,False,0.53,0.75,False
sales,low,3,268,3,False,False,0.92,0.52,False
sales,medium,5,196,4,False,False,1.0,0.51,False
sales,medium,4,241,3,False,False,0.62,0.66,False
sales,medium,5,251,3,False,False,0.87,0.8,False
sales,medium,3,263,3,False,False,0.69,0.85,False
sales,low,3,224,2,True,False,0.73,0.77,False
sales,low,4,138,4,False,False,0.4,0.29,False
sales,low,6,167,6,False,False,0.67,0.15,False
sales,low,5,266,5,False,False,0.83,0.73,False
sales,low,2,116,3,False,False,0.74,0.55,False
sales,low,2,160,4,False,False,0.69,0.2,False
sales,low,3,144,3,True,False,0.68,0.56,False
sales,low,3,190,3,False,False,0.54,0.55,False
sales,low,6,175,4,False,False,0.49,0.9,False
accounting,low,3,206,4,False,False,0.55,0.73,False
accounting,low,5,180,2,False,False,0.99,0.48,False
accounting,low,4,157,4,False,False,0.74,0.64,False
hr,low,4,203,3,False,False,0.75,0.95,False
hr,low,4,238,3,True,False,0.66,0.82,False
hr,low,3,273,4,False,False,0.65,0.95,False
hr,low,4,179,3,False,False,0.9,0.92,False
engineering,low,3,131,5,True,False,0.84,0.22,False
engineering,low,4,151,6,False,False,0.77,0.17,False
engineering,low,3,261,3,False,False,0.55,0.51,False
engineering,low,3,203,2,True,False,0.64,0.67,False
engineering,low,5,143,2,False,False,0.66,0.6,False
engineering,medium,3,97,6,True,False,0.55,0.99,False
engineering,medium,6,204,4,True,False,0.71,0.35,False
engineering,medium,4,154,4,False,False,0.72,0.13,False
engineering,medium,2,160,6,False,False,0.93,0.97,False
engineering,medium,4,232,3,True,False,0.61,0.49,False
engineering,medium,3,255,2,False,False,0.71,0.62,False
support,medium,3,128,3,False,False,0.54,0.35,False
support,medium,4,222,3,False,False,0.79,0.81,False
support,medium,5,171,4,False,False,0.75,0.57,False
support,medium,4,173,2,False,False,0.66,1.0,False
support,medium,4,272,2,False,False,0.71,0.93,False
support,medium,3,166,3,False,False,0.85,0.89,False
support,high,4,143,2,True,False,0.61,0.64,False
support,low,4,149,3,False,False,0.95,0.54,False
support,medium,4,257,2,False,False,0.85,0.52,False
support,medium,5,262,6,False,False,0.65,0.12,False
support,medium,4,115,4,False,False,0.49,0.14,False
engineering,medium,4,142,4,False,False,0.54,0.57,False
engineering,low,4,144,4,False,False,0.64,0.57,False
engineering,low,5,247,3,False,False,0.56,1.0,False
management,low,4,216,3,False,False,0.58,0.94,False
IT,low,3,276,3,False,False,0.48,0.93,False
IT,low,5,123,5,False,False,0.88,0.91,False
IT,low,4,264,3,False,False,0.77,0.85,False
IT,low,3,189,6,False,False,0.98,0.8,False
IT,low,3,148,2,False,False,0.69,0.68,False
product_management,medium,5,150,3,False,False,0.6,0.91,False
product_management,medium,3,172,3,False,False,0.9,0.93,False
product_management,medium,3,236,2,False,False,0.68,0.81,False
product_management,medium,4,151,3,False,False,0.74,0.51,False
IT,medium,3,168,3,False,False,0.52,0.49,False
r&d,medium,5,256,3,False,False,0.55,0.55,False
r&d,medium,6,213,3,False,False,0.51,0.17,False
r&d,medium,4,148,3,False,False,0.79,0.8,False
r&d,medium,3,266,3,False,False,0.67,0.61,False
r&d,medium,3,195,2,False,False,0.73,0.59,False
marketing,medium,4,242,3,False,False,0.77,0.67,False
sales,medium,4,183,3,False,False,0.81,0.96,False
accounting,medium,3,134,3,False,False,0.66,0.72,False
support,medium,4,189,2,False,False,0.76,0.72,False
engineering,medium,5,196,3,False,False,0.61,0.99,False
management,medium,4,150,6,False,False,0.61,0.22,False
marketing,medium,4,191,2,False,False,0.52,0.32,False
marketing,medium,4,248,6,False,False,0.86,0.64,False
marketing,medium,3,256,2,False,False,0.49,0.9,False
sales,medium,3,158,2,False,False,0.9,0.86,False
sales,medium,2,210,2,False,False,0.76,0.67,False
sales,medium,3,247,2,False,False,0.59,0.9,False
sales,medium,3,156,3,False,False,0.8,0.52,False
sales,medium,3,202,2,False,False,0.89,0.57,False
sales,medium,3,157,2,False,False,0.83,0.55,False
sales,high,4,258,4,False,False,0.83,0.2,False
sales,high,4,176,3,False,False,0.66,0.89,False
sales,high,4,214,5,False,False,0.56,0.15,False
sales,high,3,212,3,False,False,0.6,0.8,False
sales,high,4,271,6,True,False,0.48,0.55,False
sales,high,5,281,4,False,False,0.64,0.53,False
sales,high,3,204,4,False,False,0.77,0.62,False
sales,high,3,112,2,False,False,0.58,1.0,False
sales,high,3,120,4,False,False,0.75,0.31,False
sales,high,5,134,3,False,False,0.51,0.62,False
sales,high,5,222,3,False,False,0.61,0.73,False
sales,high,3,203,3,False,False,0.61,0.52,False
sales,low,2,239,5,False,False,0.65,0.33,False
accounting,low,3,142,3,False,False,0.5,0.88,False
accounting,low,2,177,3,False,False,0.54,0.65,False
accounting,low,6,201,2,True,False,0.7,0.91,False
hr,low,3,196,4,False,False,0.91,0.83,False
hr,low,3,140,6,True,False,0.87,0.2,False
hr,low,5,195,4,True,False,0.8,0.96,False
hr,low,5,154,4,False,False,0.89,0.75,False
engineering,low,3,141,2,False,False,0.57,0.93,False
engineering,low,4,213,3,False,False,0.49,0.87,False
engineering,low,5,222,3,False,False,0.58,0.94,False
engineering,low,3,150,2,True,False,0.72,0.85,False
engineering,low,4,172,2,False,False,0.5,0.63,False
engineering,low,5,261,3,False,False,0.63,0.78,False
engineering,low,2,248,3,False,False,0.92,0.87,False
engineering,medium,5,149,2,False,False,0.76,0.77,False
engineering,medium,5,178,3,False,False,0.61,1.0,False
engineering,medium,3,212,3,False,False,0.81,0.93,False
engineering,medium,2,108,2,False,False,0.4,0.5,False
support,medium,4,160,2,True,False,0.66,0.9,False
support,medium,2,160,3,False,False,0.56,0.61,False
support,medium,5,196,2,False,False,0.97,0.57,False
support,medium,4,121,5,True,False,0.5,0.43,False
support,medium,5,268,2,False,False,0.56,0.6,False
support,medium,3,232,2,False,False,0.92,0.56,False
support,medium,5,263,2,False,False,0.62,0.57,False
support,medium,3,208,2,False,False,0.82,0.56,False
support,high,6,143,5,False,False,0.9,0.64,False
support,high,5,236,4,True,False,0.56,0.53,False
support,high,5,198,4,False,False,0.6,0.19,False
engineering,high,4,261,3,False,False,0.8,0.5,False
engineering,high,4,258,3,False,False,0.97,0.86,False
engineering,high,3,230,3,False,False,0.66,0.92,False
management,high,3,137,3,False,False,0.97,0.82,False
IT,high,5,258,3,False,False,0.51,0.54,False
IT,low,5,139,6,False,False,0.51,0.23,False
IT,low,4,186,2,False,False,0.71,0.65,False
IT,low,4,259,3,False,False,0.98,0.99,False
IT,low,4,202,3,False,False,0.59,0.54,False
product_management,low,4,235,3,False,False,0.68,0.99,False
product_management,low,4,224,2,False,False,0.89,0.76,False
product_management,low,4,210,3,False,False,0.54,0.57,False
product_management,low,4,240,4,False,False,0.75,0.53,False
IT,medium,5,149,4,False,False,0.55,0.86,False
r&d,medium,4,250,6,False,False,0.96,0.97,False
r&d,medium,5,171,5,False,False,0.76,0.13,False
r&d,medium,3,139,3,False,False,0.89,0.73,False
r&d,medium,4,132,3,False,False,0.95,0.62,False
r&d,medium,3,125,2,False,False,0.37,0.59,False
marketing,medium,6,141,3,True,False,0.7,0.63,False
sales,medium,3,269,2,False,False,0.52,0.64,False
accounting,medium,5,249,3,True,False,0.85,0.5,False
support,medium,3,256,2,False,False,0.89,0.58,False
engineering,medium,4,179,4,False,False,0.87,0.32,False
management,medium,5,210,2,False,False,0.67,0.72,False
marketing,medium,3,160,3,False,False,0.74,0.61,False
marketing,medium,2,267,4,False,False,0.55,0.97,False
marketing,medium,2,169,3,True,False,0.64,0.87,False
sales,medium,4,235,6,False,False,0.81,0.88,False
sales,medium,3,136,3,False,False,0.99,0.52,False
sales,medium,5,210,4,False,False,0.81,0.95,False
sales,medium,5,230,2,False,False,0.62,0.96,False
sales,medium,5,186,3,False,False,0.58,0.98,False
sales,medium,2,271,3,False,False,0.51,0.51,False
sales,medium,2,105,2,False,False,0.63,1.0,False
sales,medium,2,147,2,False,False,0.67,0.97,False
sales,high,4,177,3,False,False,0.56,0.79,False
sales,low,3,135,6,False,False,0.45,0.64,False
sales,medium,5,243,3,False,False,0.76,0.84,False
sales,medium,3,166,4,False,False,0.57,0.94,False
sales,medium,4,194,3,False,False,0.79,0.7,False
sales,medium,4,201,2,False,False,1.0,0.64,False
sales,medium,4,248,2,False,False,0.88,0.56,False
sales,medium,5,111,4,False,False,0.81,0.32,False
sales,medium,5,174,3,False,False,0.72,0.75,False
sales,medium,3,241,3,True,False,0.58,0.78,False
sales,medium,4,173,3,False,False,0.49,0.7,False
accounting,medium,6,132,5,False,False,0.39,0.21,False
accounting,low,3,274,3,False,False,0.96,0.64,False
accounting,low,3,115,3,False,False,0.52,0.54,False
hr,low,4,170,3,False,False,0.98,0.79,False
hr,low,3,172,3,False,False,0.58,0.91,False
hr,low,4,148,2,True,False,0.73,0.76,False
hr,low,3,246,3,False,False,0.95,0.77,False
engineering,low,4,151,3,False,False,0.88,0.92,False
engineering,high,5,141,3,True,False,0.57,0.53,False
engineering,low,3,269,4,False,False,0.52,0.44,False
engineering,high,5,170,4,False,False,0.52,0.54,False
engineering,high,2,135,3,False,False,0.5,0.93,False
engineering,low,4,254,3,False,False,0.68,0.67,False
engineering,low,3,228,2,False,False,0.99,0.66,False
engineering,high,3,266,2,False,False,0.6,0.7,False
engineering,low,4,152,3,False,False,0.57,0.79,False
engineering,medium,5,178,6,False,False,0.75,0.5,False
engineering,high,3,237,3,False,False,0.75,1.0,False
support,medium,5,255,3,False,False,0.52,0.61,False
support,medium,4,245,3,False,False,0.5,0.72,False
support,medium,3,155,3,True,False,0.95,0.78,False
support,medium,5,216,3,True,False,0.84,0.87,False
support,high,3,251,2,False,False,0.58,0.57,False
support,medium,2,260,3,False,False,0.96,0.85,False
support,medium,5,132,2,True,False,0.67,0.83,False
support,medium,3,169,3,True,False,0.37,0.4,False
support,high,4,259,3,False,False,0.69,0.91,False
support,medium,3,257,2,False,False,0.98,0.48,False
support,high,5,190,3,True,False,0.58,0.94,False
engineering,low,4,171,4,False,False,0.76,0.65,False
engineering,medium,4,190,3,False,False,0.49,0.54,False
engineering,medium,5,270,4,False,False,0.81,0.76,False
management,medium,4,227,3,False,False,0.59,0.88,False
IT,medium,3,195,3,False,False,0.55,0.9,False
IT,low,3,169,3,False,False,0.75,0.64,False
IT,low,4,169,4,False,False,0.75,0.74,False
IT,low,2,184,2,False,False,0.54,0.45,False
IT,low,3,240,3,False,False,0.62,0.61,False
product_management,low,6,282,4,False,False,0.97,0.16,False
product_management,low,3,226,3,False,False,0.74,0.67,False
product_management,low,2,254,3,False,False,0.74,0.74,False
product_management,low,4,250,3,True,False,0.57,0.53,False
IT,low,3,143,2,False,False,0.98,0.75,False
r&d,low,4,258,3,False,False,0.98,0.76,False
r&d,high,5,265,3,False,False,0.72,0.72,False
r&d,low,6,181,4,False,False,0.54,0.65,False
r&d,low,4,178,3,False,False,0.66,0.69,False
r&d,low,3,194,3,False,False,0.74,0.7,False
marketing,low,4,253,4,False,False,0.84,0.66,False
sales,high,3,210,3,False,False,0.48,0.13,False
accounting,low,3,264,2,False,False,0.53,0.67,False
support,low,3,219,3,False,False,0.7,0.99,False
engineering,low,3,198,2,False,False,0.86,0.51,False
management,high,4,161,3,True,False,0.7,0.61,False
marketing,low,3,255,4,True,False,0.6,0.9,False
marketing,medium,4,233,3,False,False,0.62,0.61,False
marketing,high,3,251,4,False,False,0.89,0.15,False
sales,medium,5,268,3,True,False,0.85,0.53,False
sales,high,3,135,3,False,False,0.48,0.41,False
sales,medium,4,201,2,True,False,0.64,0.9,False
sales,medium,5,171,3,False,False,0.9,0.67,False
sales,medium,4,225,4,False,False,0.7,0.22,False
sales,medium,3,144,3,False,False,0.56,0.35,False
sales,medium,4,185,2,True,False,0.96,0.66,False
sales,medium,5,275,3,True,False,0.82,0.63,False
sales,medium,3,269,3,False,False,0.67,0.89,False
sales,medium,4,201,2,False,False,0.75,0.88,False
sales,high,4,166,3,False,False,0.6,0.73,False
sales,low,4,280,4,True,False,0.83,1.0,False
sales,medium,4,254,3,True,False,0.89,0.99,False
sales,medium,5,230,4,False,False,0.84,0.12,False
sales,medium,5,269,3,False,False,0.43,0.64,False
sales,medium,3,248,4,False,False,0.72,0.65,False
sales,medium,4,161,3,False,False,0.57,0.56,False
sales,medium,4,237,2,False,False,0.62,0.88,False
sales,medium,3,144,5,False,False,0.68,0.54,False
accounting,medium,2,255,2,True,False,0.8,0.77,False
accounting,medium,5,148,3,False,False,0.67,0.66,False
accounting,high,3,185,2,False,False,0.65,0.54,False
hr,low,2,238,3,False,False,0.43,0.14,False
hr,low,5,273,3,True,False,0.69,0.85,False
hr,low,3,256,4,False,False,0.66,0.9,False
hr,high,4,177,2,False,False,0.79,0.81,False
engineering,low,5,215,4,False,False,0.76,0.14,False
engineering,low,4,270,3,True,False,0.96,0.94,False
engineering,low,4,272,2,False,False,0.82,0.69,False
engineering,high,4,268,2,False,False,0.67,0.66,False
engineering,low,4,272,2,False,False,0.61,0.75,False
engineering,low,4,182,3,False,False,0.61,0.53,False
engineering,low,6,280,3,False,False,0.82,0.91,False
engineering,low,4,205,3,False,False,0.61,0.93,False
engineering,low,3,264,3,True,False,0.91,0.89,False
engineering,low,2,150,3,False,False,0.79,0.84,False
engineering,low,3,150,2,False,False,0.86,0.94,False
support,medium,4,195,4,False,False,0.86,1.0,False
support,medium,5,272,3,False,False,0.68,0.79,False
support,medium,3,171,3,False,False,0.61,0.62,False
support,medium,4,253,4,False,False,0.43,0.45,False
support,medium,3,158,2,False,False,0.48,0.54,False
support,medium,3,156,2,False,False,0.97,0.13,False
support,medium,3,181,2,False,False,0.73,0.99,False
support,medium,4,249,4,False,False,0.75,0.54,False
support,medium,3,132,4,False,False,0.38,0.52,False
support,medium,4,248,3,False,False,0.65,0.24,False
support,medium,5,277,3,False,False,0.7,0.12,False
engineering,medium,6,166,5,True,False,0.96,0.52,False
engineering,high,3,193,3,False,False,0.63,0.44,False
engineering,low,3,148,3,False,False,0.53,0.81,False
management,medium,4,226,5,False,False,0.64,0.25,False
IT,medium,3,233,4,False,False,0.91,0.63,False
IT,medium,3,171,3,False,False,0.46,0.61,False
IT,medium,4,157,3,False,False,0.56,0.51,False
IT,low,5,191,2,False,False,0.54,0.66,False
IT,low,4,189,2,False,False,0.59,0.86,False
product_management,low,5,181,3,False,False,0.89,0.98,False
product_management,low,6,219,6,False,False,0.37,0.99,False
product_management,low,3,166,2,True,False,0.91,0.78,False
product_management,low,2,275,3,False,False,0.53,0.84,False
IT,low,6,160,2,False,False,0.59,0.17,False
r&d,low,4,186,3,False,False,0.72,0.48,False
r&d,low,3,256,4,True,False,0.66,0.63,False
r&d,low,3,156,2,False,False,0.67,0.58,False
r&d,low,5,99,4,False,False,0.48,0.7,False
r&d,low,4,273,3,False,False,0.85,0.61,False
marketing,low,4,135,2,False,False,0.81,0.91,False
sales,low,6,202,3,False,False,0.82,0.34,False
accounting,low,4,256,3,False,False,0.49,0.56,False
support,low,3,143,3,False,False,0.81,0.93,False
engineering,low,4,216,2,False,False,0.81,0.56,False
management,low,4,173,3,False,False,0.5,0.99,False
marketing,low,4,154,3,False,False,0.83,0.77,False
marketing,low,4,172,2,False,False,0.61,0.76,False
marketing,low,5,180,2,False,False,0.65,0.65,False
sales,medium,3,174,3,False,False,0.76,0.5,False
sales,medium,3,210,2,False,False,0.61,0.59,False
sales,medium,4,186,2,False,False,0.58,0.68,False
sales,medium,5,184,3,False,False,0.82,0.85,False
sales,medium,3,260,2,False,False,0.77,0.83,False
sales,medium,4,207,2,True,False,0.58,0.7,False
sales,medium,6,210,5,False,False,0.76,0.16,False
sales,medium,5,206,2,False,False,0.95,0.66,False
sales,medium,4,173,4,False,False,0.84,0.81,False
sales,medium,5,194,4,True,False,0.74,0.96,False
sales,medium,5,203,2,False,False,0.54,0.66,False
sales,medium,3,186,4,False,False,0.53,0.83,False
sales,high,4,175,3,True,False,0.9,0.99,False
sales,low,4,274,2,False,False,0.83,0.99,False
sales,medium,4,193,3,False,False,0.78,0.67,False
sales,medium,2,264,3,False,False,0.61,0.54,False
sales,medium,3,212,3,False,False,0.69,0.22,False
sales,medium,5,244,5,True,False,0.82,0.25,False
sales,low,4,216,2,False,False,0.98,0.73,False
accounting,low,4,252,4,False,False,0.88,1.0,False
accounting,low,3,135,3,False,False,0.58,0.4,False
accounting,low,5,99,4,True,False,0.5,0.45,False
hr,low,5,136,3,False,False,0.81,0.61,False
hr,low,6,176,5,False,False,0.64,0.81,False
hr,low,4,135,2,False,False,0.76,0.61,False
hr,low,3,230,2,False,False,0.94,0.57,False
engineering,low,4,221,3,False,False,0.65,0.9,False
engineering,low,4,138,5,False,False,0.82,0.43,False
engineering,low,4,169,3,True,False,0.98,0.99,False
engineering,low,4,174,3,False,False,0.49,0.62,False
engineering,low,3,162,2,False,False,0.65,0.63,False
engineering,low,4,274,4,False,False,0.99,0.89,False
engineering,low,3,206,2,False,False,0.84,0.61,False
engineering,low,4,254,3,True,False,0.89,0.62,False
engineering,low,4,181,4,False,False,0.61,0.86,False
engineering,low,5,144,3,False,False,0.62,0.75,False
engineering,low,4,147,4,False,False,0.54,0.63,False
support,low,3,212,4,False,False,0.8,0.69,False
support,low,3,134,3,True,False,0.76,0.71,False
support,medium,4,134,3,False,False,0.95,0.63,False
support,medium,3,256,4,False,False,0.7,0.89,False
support,medium,2,132,5,False,False,0.36,0.71,False
support,medium,4,109,2,False,False,0.82,0.88,False
support,medium,4,141,3,False,False,0.52,0.73,False
support,medium,4,180,2,False,False,0.83,0.52,False
support,medium,2,162,4,True,False,0.65,0.77,False
support,medium,4,143,2,False,False,0.48,0.94,False
support,medium,5,211,2,False,False,0.87,0.99,False
engineering,medium,4,225,4,False,False,0.56,0.89,False
engineering,medium,2,135,4,False,False,0.52,0.53,False
engineering,medium,3,228,4,True,False,0.64,0.23,False
management,high,5,111,4,False,False,0.73,0.87,False
IT,low,3,144,6,True,False,0.69,0.21,False
IT,medium,4,202,3,False,False,0.51,0.71,False
IT,medium,5,147,4,True,False,0.71,0.75,False
IT,medium,3,239,3,False,False,0.89,0.63,False
IT,medium,5,219,4,False,False,0.4,0.55,False
product_management,low,3,134,3,True,False,0.55,0.93,False
product_management,low,3,167,2,False,False,0.89,0.53,False
product_management,low,4,192,2,False,False,0.89,0.94,False
product_management,low,2,189,5,False,False,0.82,0.46,False
IT,low,4,213,2,False,False,0.53,0.59,False
r&d,low,5,231,2,False,False,0.56,0.75,False
r&d,low,3,198,3,False,False,0.63,0.76,False
r&d,low,3,163,2,False,False,0.89,0.96,False
r&d,low,4,251,4,True,False,0.93,0.55,False
r&d,low,3,170,3,False,False,0.82,0.52,False
marketing,low,5,231,3,False,False,0.5,0.55,False
sales,low,4,165,2,False,False,0.98,0.52,False
accounting,low,5,183,3,False,False,0.5,0.49,False
support,low,3,213,2,False,False,0.89,0.49,False
engineering,low,3,230,3,True,False,0.89,1.0,False
management,low,3,167,3,False,False,0.62,0.97,False
marketing,low,3,264,3,False,False,0.89,0.97,False
marketing,low,2,249,3,False,False,0.43,0.21,False
marketing,low,6,153,5,True,False,0.7,0.24,False
sales,low,3,111,2,False,False,0.79,0.76,False
sales,low,3,232,2,False,False,0.6,0.78,False
sales,medium,6,190,4,False,False,0.52,0.59,False
sales,medium,3,145,3,True,False,0.71,0.54,False
sales,medium,2,193,3,False,False,0.69,0.34,False
sales,medium,3,183,2,False,False,0.82,0.91,False
sales,medium,3,240,3,False,False,0.61,0.49,False
sales,medium,5,210,3,False,False,1.0,0.71,False
sales,medium,4,152,3,True,False,0.72,0.64,False
sales,medium,4,140,4,False,False,0.61,0.6,False
sales,medium,3,208,4,False,False,0.66,0.91,False
sales,medium,3,198,2,False,False,0.6,0.92,False
sales,medium,3,178,3,False,False,0.52,0.91,False
sales,medium,3,279,3,True,False,0.77,0.88,False
sales,high,3,263,6,False,False,0.82,0.86,False
sales,low,3,215,4,True,False,0.54,0.81,False
sales,medium,3,181,3,True,False,0.73,0.84,False
sales,medium,2,270,3,False,False,0.55,0.56,False
sales,medium,3,236,3,False,False,0.52,0.6,False
accounting,medium,3,271,2,False,False,0.87,0.71,False
accounting,low,5,172,3,False,False,0.79,0.62,False
accounting,low,3,145,2,False,False,0.65,0.73,False
hr,low,5,198,3,False,False,0.69,0.56,False
hr,low,3,175,3,True,False,0.74,0.6,False
hr,low,4,260,3,False,False,0.64,0.55,False
hr,low,4,135,3,False,False,0.7,0.5,False
engineering,low,3,108,4,False,False,0.73,0.42,False
engineering,low,5,260,4,False,False,0.94,0.51,False
engineering,low,4,176,2,True,False,0.94,0.66,False
engineering,low,5,222,4,False,False,0.67,0.79,False
engineering,low,4,119,3,False,False,0.66,0.3,False
engineering,low,3,241,4,False,False,1.0,0.57,False
engineering,low,6,225,4,False,False,0.93,0.74,False
engineering,low,5,188,3,False,False,0.56,0.98,False
engineering,low,4,188,5,False,False,0.73,0.17,False
engineering,low,3,225,4,True,False,0.77,0.62,False
engineering,low,2,132,3,False,False,0.4,0.32,False
support,low,5,185,2,False,False,0.91,0.58,False
support,medium,4,173,3,False,False,0.9,0.59,False
support,medium,3,179,3,False,False,0.55,0.59,False
support,medium,4,189,2,False,False,0.58,0.8,False
support,medium,5,246,3,False,False,0.85,0.84,False
support,medium,2,166,4,False,False,0.76,0.54,False
support,medium,4,245,3,False,False,0.98,0.51,False
support,medium,2,104,3,True,False,0.56,0.66,False
support,medium,4,151,2,False,False,0.52,0.37,False
support,medium,4,213,3,False,False,0.63,0.49,False
support,medium,5,255,3,False,False,0.71,0.88,False
engineering,medium,4,268,3,False,False,0.9,0.66,False
engineering,medium,4,160,4,False,False,0.53,0.25,False
engineering,high,4,267,2,False,False,0.52,0.49,False
management,low,3,190,3,False,False,0.77,0.87,False
IT,medium,5,255,2,False,False,0.95,0.54,False
IT,medium,3,168,4,False,False,0.95,0.24,False
IT,medium,4,228,2,True,False,0.74,0.65,False
IT,medium,4,181,3,False,False,0.87,0.58,False
IT,low,5,252,2,False,False,0.54,0.77,False
product_management,low,4,244,3,False,False,0.63,0.86,False
product_management,low,3,207,4,False,False,0.69,0.62,False
product_management,low,3,134,3,False,False,0.48,0.56,False
product_management,low,3,244,2,False,False,0.53,0.75,False
IT,low,4,160,4,False,False,0.96,0.8,False
r&d,low,4,260,4,False,False,0.93,0.56,False
r&d,low,4,170,3,False,False,0.6,0.83,False
r&d,low,4,171,2,False,False,0.98,0.51,False
r&d,low,4,232,3,False,False,0.9,0.82,False
r&d,low,3,184,3,False,False,0.91,0.81,False
marketing,low,4,268,3,False,False,0.64,0.52,False
sales,low,4,248,3,False,False,0.56,0.79,False
accounting,low,5,274,3,False,False,0.5,0.83,False
support,low,3,145,3,False,False,0.81,0.97,False
engineering,low,5,134,4,False,False,0.88,0.61,False
management,low,3,114,6,True,False,0.66,0.84,False
marketing,low,4,218,2,False,False,1.0,0.9,False
marketing,low,4,152,2,True,False,0.77,0.82,False
marketing,low,5,174,3,False,False,0.76,0.69,False
sales,low,6,231,4,False,False,0.73,0.18,False
sales,medium,2,210,3,True,False,1.0,0.33,False
sales,medium,5,164,3,False,False,0.92,0.15,False
sales,medium,4,198,3,False,False,0.78,0.61,False
sales,medium,4,220,2,False,False,0.55,0.92,False
sales,medium,6,283,5,False,False,0.61,0.13,False
sales,medium,4,240,4,False,False,0.48,0.18,False
sales,medium,5,142,6,False,False,0.85,0.27,False
sales,medium,4,263,4,False,False,0.61,0.66,False
sales,medium,5,142,4,False,False,0.81,0.21,False
sales,medium,4,203,4,False,False,0.9,0.92,False
sales,medium,3,266,3,True,False,0.5,0.97,False
sales,medium,3,253,3,False,False,0.7,0.97,False
sales,high,4,136,3,False,False,0.61,0.64,False
sales,low,3,140,3,False,False,0.9,0.75,False
sales,medium,4,252,4,False,False,0.76,0.9,False
sales,medium,5,101,5,False,False,0.75,0.81,False
sales,medium,3,163,3,False,False,0.72,0.99,False
sales,medium,5,170,2,False,False,0.5,0.49,False
accounting,low,2,238,3,False,False,0.4,0.92,False
accounting,low,4,190,3,True,False,0.56,0.74,False
accounting,low,5,173,2,False,False,0.37,0.37,False
hr,low,4,145,4,False,False,0.61,0.67,False
hr,low,5,182,2,False,False,0.89,0.74,False
hr,low,4,188,3,False,False,0.64,0.85,False
hr,low,3,133,2,False,False,0.71,0.72,False
engineering,low,4,155,4,False,False,0.71,0.75,False
engineering,low,6,153,3,False,False,0.4,0.91,False
engineering,low,4,138,3,False,False,0.62,0.84,False
engineering,low,4,177,3,False,False,0.51,0.64,False
engineering,low,6,98,6,True,False,0.91,0.15,False
engineering,low,3,225,3,False,False,0.66,0.66,False
engineering,low,6,236,4,False,False,0.69,0.2,False
engineering,low,3,268,3,True,False,0.78,0.97,False
engineering,low,2,230,3,False,False,0.73,0.59,False
engineering,low,4,162,2,False,False,0.6,0.88,False
engineering,low,4,197,2,False,False,0.73,0.16,False
support,low,3,247,3,False,False,0.96,0.61,False
support,low,4,234,3,False,False,0.79,0.52,False
support,low,4,276,4,False,False,0.49,0.82,False
support,medium,5,217,2,False,False,0.94,0.75,False
support,medium,4,156,2,False,False,0.5,0.62,False
support,medium,3,189,2,False,False,0.88,0.91,False
support,medium,2,238,4,False,False,0.98,0.61,False
support,medium,3,201,6,True,False,0.77,0.79,False
support,medium,4,263,3,True,False,0.93,0.9,False
support,medium,3,146,3,False,False,0.83,0.75,False
support,medium,4,213,3,False,False,0.64,0.81,False
engineering,medium,3,159,2,False,False,0.88,0.59,False
engineering,medium,3,236,3,True,False,0.83,0.56,False
engineering,medium,5,257,4,False,False,0.79,0.98,False
management,medium,4,168,4,False,False,0.72,0.59,False
IT,high,4,151,3,False,False,0.67,0.61,False
IT,low,4,139,3,False,False,0.7,0.78,False
IT,medium,5,196,3,False,False,0.93,0.55,False
IT,medium,4,237,5,False,False,0.97,0.2,False
IT,medium,2,236,3,False,False,0.44,0.79,False
product_management,medium,4,265,3,False,False,0.98,0.52,False
product_management,low,4,207,3,False,False,0.52,0.97,False
product_management,low,4,219,3,False,False,0.94,0.63,False
product_management,low,3,208,2,False,False,0.99,0.85,False
IT,low,3,240,3,False,False,0.74,0.59,False
r&d,low,3,135,3,False,False,0.6,0.64,False
r&d,low,3,236,3,True,False,0.67,0.8,False
r&d,low,3,140,3,False,False,0.75,0.61,False
r&d,low,3,162,2,False,False,0.61,0.87,False
r&d,medium,3,117,3,True,False,0.59,0.75,False
marketing,medium,4,225,3,False,False,0.51,0.96,False
sales,medium,3,211,3,False,False,0.92,0.75,False
accounting,medium,4,173,5,False,False,0.58,0.19,False
support,medium,4,170,3,False,False,0.97,0.52,False
engineering,medium,3,242,3,False,False,0.6,0.6,False
management,medium,4,175,3,False,False,0.81,0.9,False
marketing,medium,3,195,2,False,False,0.92,0.89,False
marketing,medium,4,184,2,True,False,0.93,0.54,False
marketing,medium,3,170,3,False,False,0.55,0.99,False
sales,medium,4,185,3,False,False,0.56,0.66,False
sales,medium,4,259,2,False,False,0.64,0.92,False
sales,medium,4,102,3,False,False,0.72,0.19,False
sales,medium,5,156,4,False,False,0.37,0.39,False
sales,medium,3,191,4,False,False,0.68,0.41,False
sales,medium,3,239,2,False,False,0.49,0.6,False
sales,medium,4,235,4,False,False,0.54,0.95,False
sales,medium,2,130,4,False,False,0.87,0.51,False
sales,medium,2,166,3,False,False,0.74,0.54,False
sales,medium,5,206,5,False,False,0.54,0.16,False
sales,medium,3,191,2,False,False,0.77,0.98,False
sales,medium,3,214,3,False,False,0.75,0.65,False
sales,medium,3,196,3,False,False,0.5,0.38,False
sales,medium,4,151,4,False,False,0.71,0.95,False
sales,medium,5,165,2,False,False,0.62,0.6,False
sales,high,3,177,2,False,False,0.91,0.78,False
sales,high,6,241,6,False,False,0.63,0.19,False
sales,high,4,230,3,False,False,0.99,0.56,False
sales,high,4,270,2,False,False,0.71,0.21,False
accounting,high,3,234,4,False,False,0.71,0.83,False
accounting,high,3,257,2,True,False,0.64,0.5,False
accounting,high,5,264,3,False,False,0.87,0.74,False
hr,high,4,133,4,False,False,0.83,0.75,False
hr,high,4,155,4,False,False,0.66,0.85,False
hr,high,3,202,2,False,False,0.59,0.93,False
hr,high,3,136,2,False,False,0.7,0.76,False
engineering,high,3,269,3,True,False,0.78,0.91,False
engineering,low,6,169,4,False,False,0.54,0.22,False
engineering,low,5,192,3,True,False,0.52,0.78,False
engineering,low,4,241,3,True,False,0.8,0.53,False
engineering,low,4,165,3,False,False,0.69,0.58,False
engineering,low,3,183,2,False,False,0.81,0.99,False
engineering,low,4,163,3,False,False,0.64,0.62,False
engineering,low,3,162,3,False,False,0.69,0.59,False
engineering,low,5,219,4,False,False,0.76,0.13,False
engineering,low,4,278,6,False,False,0.63,0.19,False
engineering,low,2,273,4,False,False,0.99,0.94,False
support,low,4,272,2,False,False,0.96,0.53,False
support,low,5,168,2,False,False,0.85,0.96,False
support,low,4,221,3,True,False,0.87,0.62,False
support,low,4,213,3,False,False,0.86,0.81,False
support,low,4,275,3,False,False,0.78,0.63,False
support,medium,5,177,4,False,False,0.68,0.92,False
support,medium,4,249,2,False,False,0.74,0.83,False
support,medium,5,246,3,False,False,0.37,0.49,False
support,medium,4,223,3,False,False,0.66,0.8,False
support,medium,4,244,2,False,False,0.76,0.54,False
support,medium,3,169,2,True,False,0.72,0.37,False
engineering,medium,5,140,3,False,False,0.56,0.93,False
engineering,medium,5,253,2,False,False,0.99,0.88,False
engineering,medium,3,194,2,False,False,0.87,0.79,False
management,medium,4,173,3,False,False,0.88,0.65,False
IT,medium,4,172,3,False,False,0.7,0.72,False
IT,medium,3,167,3,False,False,0.49,0.58,False
IT,high,2,153,3,False,False,0.51,0.37,False
IT,high,4,243,3,False,False,0.97,0.87,False
IT,high,6,163,4,False,False,0.72,0.63,False
product_management,high,3,221,3,False,False,0.79,0.72,False
product_management,high,3,191,3,False,False,0.55,0.36,False
product_management,high,4,272,3,False,False,0.7,0.96,False
product_management,high,2,118,2,False,False,0.37,0.52,False
IT,high,5,173,4,False,False,0.83,0.16,False
r&d,low,4,200,3,True,False,0.55,0.63,False
r&d,low,5,132,3,True,False,0.76,0.92,False
r&d,low,4,180,2,False,False,0.49,0.82,False
r&d,low,4,145,5,False,False,0.54,0.18,False
r&d,low,4,139,2,False,False,0.48,0.73,False
marketing,low,5,230,6,False,False,0.61,0.44,False
sales,low,4,247,4,False,False,0.62,0.73,False
accounting,low,4,140,2,False,False,0.95,0.62,False
support,medium,4,266,3,True,False,0.8,0.94,False
engineering,medium,4,261,3,False,False,0.74,0.76,False
management,medium,4,275,3,False,False,0.49,0.89,False
marketing,medium,5,254,2,False,False,0.88,0.9,False
marketing,medium,5,231,2,False,False,0.93,1.0,False
marketing,medium,3,138,3,False,False,0.9,0.71,False
sales,medium,4,163,3,False,False,0.97,0.73,False
sales,medium,5,262,3,False,False,0.9,0.97,False
sales,medium,4,201,3,False,False,0.59,0.6,False
sales,medium,3,229,3,False,False,0.67,0.82,False
sales,medium,4,228,2,False,False,0.48,0.95,False
sales,medium,5,228,3,False,False,0.65,0.88,False
sales,medium,3,273,3,False,False,0.49,0.79,False
sales,medium,4,171,2,False,False,0.96,0.52,False
sales,medium,3,148,5,False,False,0.61,0.22,False
sales,medium,5,211,3,False,False,0.96,0.59,False
sales,medium,2,211,3,False,False,0.64,0.84,False
sales,medium,3,175,3,False,False,0.41,0.54,False
sales,medium,4,245,4,False,False,0.86,1.0,False
sales,medium,3,273,2,True,False,0.59,0.93,False
sales,medium,3,225,4,True,False,0.55,0.96,False
sales,medium,5,152,3,False,False,0.41,0.56,False
sales,medium,5,194,3,False,False,0.66,0.49,False
sales,high,4,185,3,True,False,0.51,0.89,False
sales,low,3,193,2,False,False,0.91,0.57,False
accounting,medium,3,166,2,False,False,0.64,0.96,False
accounting,medium,5,223,3,True,False,0.89,0.65,False
accounting,medium,5,281,4,True,False,0.66,0.14,False
hr,medium,3,241,3,False,False,0.49,0.64,False
hr,medium,3,165,2,True,False,0.91,0.98,False
hr,medium,4,143,2,False,False,0.59,0.71,False
hr,medium,5,137,3,False,False,0.49,0.96,False
engineering,medium,4,185,3,True,False,0.57,0.9,False
engineering,medium,3,271,3,True,False,0.96,0.52,False
engineering,medium,4,207,2,True,False,0.98,0.78,False
engineering,low,4,184,3,False,False,0.69,0.62,False
engineering,low,4,253,2,False,False,0.8,0.6,False
engineering,low,3,152,6,False,False,0.62,0.82,False
engineering,low,3,225,2,False,False,0.55,0.52,False
engineering,low,5,189,5,False,False,0.84,0.13,False
engineering,low,3,153,2,False,False,0.93,0.97,False
engineering,low,4,245,3,False,False,0.9,0.63,False
engineering,high,5,233,3,False,False,0.78,0.68,False
support,low,4,210,3,False,False,0.83,0.74,False
support,high,4,176,4,False,False,0.57,0.89,False
support,high,5,191,3,False,False,0.95,0.28,False
support,low,3,224,3,False,False,0.9,0.61,False
support,low,3,185,3,False,False,0.49,0.67,False
support,high,3,245,4,False,False,0.64,0.86,False
support,low,3,173,2,False,False,0.93,0.87,False
support,medium,4,231,3,False,False,0.95,0.7,False
support,high,3,270,3,False,False,0.84,0.68,False
support,medium,5,196,3,False,False,0.75,0.69,False
support,medium,3,238,2,False,False,0.83,0.97,False
engineering,medium,4,261,2,False,False,0.89,0.62,False
engineering,medium,3,201,2,False,False,0.87,0.55,False
engineering,high,3,252,3,False,False,0.73,0.61,False
management,medium,3,191,5,False,False,0.81,0.15,False
IT,medium,3,199,3,False,False,0.86,0.84,False
IT,medium,5,234,2,True,False,0.64,0.87,False
IT,high,4,192,4,False,False,0.86,0.93,False
IT,medium,6,237,5,False,False,0.73,0.14,False
IT,high,3,207,3,False,False,0.7,0.96,False
product_management,low,2,145,2,False,False,0.63,0.41,False
product_management,medium,6,155,5,False,False,0.96,0.84,False
product_management,medium,5,145,2,False,False,0.69,0.94,False
product_management,medium,6,247,6,False,False,0.86,0.6,False
IT,medium,4,182,3,False,False,0.73,0.7,False
r&d,low,4,183,4,False,False,0.91,0.29,False
r&d,low,2,146,3,False,False,0.51,0.31,False
r&d,low,3,241,3,False,False,0.99,0.73,False
r&d,low,5,261,3,True,False,0.52,0.51,False
r&d,low,4,140,3,False,False,0.77,0.58,False
marketing,low,3,257,3,False,False,0.97,0.59,False
marketing,low,3,186,2,False,False,0.9,0.95,False
sales,low,3,159,3,False,False,0.93,0.84,False
accounting,low,3,164,4,True,False,0.37,0.28,False
support,low,4,217,6,True,False,0.52,0.94,False
engineering,high,4,137,4,False,False,0.59,0.49,False
management,low,4,164,2,True,False,0.5,0.72,False
marketing,low,5,249,3,False,False,0.85,0.19,False
marketing,low,3,264,2,False,False,0.95,0.83,False
marketing,low,4,208,2,True,False,0.92,0.79,False
sales,high,3,175,3,False,False,0.61,0.72,False
sales,low,4,209,2,False,False,0.74,0.97,False
sales,low,4,268,4,False,False,0.83,0.92,False
sales,low,3,264,3,False,False,0.53,0.95,False
sales,high,4,234,2,False,False,0.64,0.76,False
sales,low,5,199,4,False,False,0.62,0.24,False
sales,medium,4,205,2,False,True,0.99,0.89,False
sales,high,5,140,4,False,True,0.63,0.69,False
sales,medium,3,257,3,False,True,0.98,0.92,False
sales,high,4,227,2,False,True,0.61,0.79,False
sales,medium,4,189,3,False,True,0.94,0.87,False
sales,medium,5,241,2,True,False,0.88,0.89,False
sales,medium,5,199,4,False,False,0.77,0.75,False
sales,medium,4,206,3,False,False,0.6,0.78,False
sales,medium,5,268,3,False,False,0.62,0.13,False
sales,medium,3,221,3,True,False,0.86,0.94,False
sales,medium,4,262,2,False,False,0.88,0.94,False
sales,medium,5,253,6,False,False,0.6,0.67,False
sales,high,5,241,3,False,False,0.73,0.6,False
accounting,low,4,252,4,False,False,0.94,0.62,False
accounting,medium,2,171,3,False,False,0.52,0.38,False
accounting,medium,4,194,3,False,False,0.77,0.8,False
hr,medium,3,104,2,False,False,0.42,0.61,False
hr,medium,4,176,3,False,False,0.56,0.61,False
hr,medium,4,192,3,False,False,0.8,0.66,False
hr,medium,3,154,2,False,False,0.74,0.56,False
engineering,medium,4,186,4,True,False,0.55,1.0,False
engineering,medium,3,200,4,False,False,0.86,0.73,False
engineering,medium,4,132,4,False,False,0.66,0.6,False
engineering,high,5,236,3,False,False,0.59,0.78,False
engineering,low,3,211,4,False,False,0.53,0.48,False
engineering,low,4,273,2,False,False,0.77,0.9,False
engineering,low,4,223,4,False,False,0.76,0.16,False
engineering,high,3,204,2,False,False,0.75,0.5,False
engineering,low,3,196,3,True,False,0.65,0.66,False
engineering,low,2,219,2,False,False,0.37,0.44,False
engineering,low,4,261,3,False,False,0.67,0.95,False
support,high,3,254,2,False,False,0.65,0.9,False
support,low,4,185,2,False,False,0.48,0.27,False
support,low,6,98,3,False,False,0.74,0.51,False
support,low,3,260,4,False,False,0.76,0.68,False
support,low,5,137,2,True,False,0.93,0.97,False
support,low,4,159,3,True,False,0.75,0.91,False
support,low,5,265,4,False,False,0.88,0.76,False
support,low,4,177,4,True,False,0.61,0.88,False
support,medium,4,247,2,False,False,0.73,0.83,False
support,medium,3,161,3,False,False,0.54,0.78,False
support,medium,2,103,3,False,False,0.38,0.52,False
engineering,medium,4,151,3,False,False,0.49,0.63,False
engineering,medium,3,193,3,False,False,0.74,0.9,False
engineering,medium,3,194,3,False,False,0.58,0.48,False
management,medium,5,208,3,False,False,0.6,0.7,False
IT,medium,4,229,3,False,False,0.66,0.68,False
IT,medium,3,166,2,False,False,0.87,0.7,False
IT,medium,3,141,3,False,False,0.5,0.77,False
IT,medium,3,249,2,False,False,0.93,0.73,False
IT,medium,4,264,3,False,False,0.48,0.87,False
product_management,high,3,252,2,False,False,0.98,0.65,False
product_management,low,2,134,3,False,False,0.7,0.62,False
product_management,medium,3,274,2,True,False,0.51,0.53,False
product_management,medium,5,200,4,False,False,0.39,0.59,False
IT,medium,2,154,3,False,False,0.72,0.87,False
r&d,medium,3,111,4,False,False,0.53,0.47,False
r&d,low,3,247,3,False,False,0.81,0.96,False
r&d,low,3,169,3,False,False,0.74,0.79,False
r&d,low,3,250,3,True,False,0.6,0.84,False
r&d,low,3,178,3,True,False,0.49,0.68,False
r&d,low,4,251,3,False,False,0.66,0.86,False
marketing,low,5,272,2,False,False,0.98,0.73,False
sales,low,2,229,4,False,False,0.67,0.9,False
accounting,low,3,180,3,False,False,0.64,0.63,False
support,low,3,271,2,False,False,0.72,0.71,False
engineering,low,5,226,3,False,False,0.68,0.71,False
management,low,4,150,2,False,False,0.62,0.95,False
marketing,low,4,260,3,True,False,0.86,0.51,False
marketing,low,4,161,3,False,False,0.91,0.77,False
marketing,low,3,136,3,False,False,0.51,0.48,False
sales,low,2,238,2,True,False,0.91,0.93,False
sales,low,4,98,4,False,False,0.86,0.83,False
sales,low,5,156,4,False,False,0.73,0.61,False
sales,low,4,248,2,False,False,0.89,0.97,False
sales,low,3,170,2,False,False,0.81,0.5,False
sales,low,3,245,3,False,False,0.54,0.84,False
sales,low,4,203,5,False,False,0.38,0.58,False
sales,medium,3,182,3,False,False,0.72,0.59,False
sales,medium,3,175,3,False,True,0.83,0.77,False
sales,medium,4,145,5,True,True,0.4,0.78,False
sales,medium,4,220,3,True,True,0.96,0.6,False
sales,medium,4,259,2,True,True,0.77,0.53,False
sales,medium,3,228,2,False,True,0.69,0.73,False
sales,medium,3,189,3,False,False,0.94,0.76,False
sales,medium,6,257,3,False,False,0.61,0.12,False
sales,medium,3,180,6,False,False,0.98,0.2,False
sales,medium,4,180,3,False,False,0.77,0.5,False
sales,medium,5,215,2,True,False,0.65,0.79,False
sales,medium,3,132,2,False,False,0.68,0.96,False
accounting,high,5,213,2,False,False,0.69,0.26,False
accounting,low,4,173,3,False,False,0.72,0.8,False
accounting,medium,3,186,2,False,False,0.71,0.43,False
hr,medium,4,157,2,False,False,0.71,0.87,False
hr,medium,4,175,4,False,False,0.75,0.63,False
hr,medium,3,135,3,True,False,0.48,0.58,False
hr,low,4,256,5,False,False,0.42,0.2,False
engineering,low,4,268,3,False,False,0.71,0.62,False
engineering,low,5,159,3,False,False,0.94,0.91,False
engineering,low,3,191,4,False,False,0.91,0.66,False
engineering,low,3,275,2,False,False,0.81,0.53,False
engineering,low,5,217,2,True,False,0.98,0.52,False
engineering,low,6,201,4,False,False,0.88,1.0,False
engineering,low,4,205,3,False,False,0.67,0.73,False
engineering,low,3,240,2,True,False,0.67,0.65,False
engineering,low,5,137,3,False,False,0.95,0.5,False
engineering,low,4,241,2,False,False,0.59,0.94,False
engineering,low,5,198,4,False,False,0.86,0.48,False
support,low,5,254,2,False,False,0.87,0.67,False
support,low,4,262,3,False,False,0.94,0.73,False
support,low,4,244,2,False,False,0.71,0.63,False
support,low,4,266,3,False,False,0.84,0.84,False
support,low,6,191,5,False,False,0.94,0.2,False
support,low,3,148,3,True,False,0.57,0.76,False
support,low,3,233,2,False,False,0.54,0.55,False
support,low,4,178,2,True,False,0.55,0.8,False
support,low,3,165,3,True,False,0.91,0.64,False
support,medium,5,179,6,False,False,0.97,0.59,False
support,medium,3,149,3,False,False,0.98,0.92,False
engineering,medium,3,269,2,True,False,0.76,0.75,False
engineering,medium,5,227,2,False,False,0.74,0.69,False
engineering,medium,3,247,3,False,False,0.93,0.82,False
management,medium,3,220,3,False,False,0.85,0.88,False
IT,medium,3,233,2,False,False,0.91,0.89,False
IT,medium,5,171,5,False,False,0.79,1.0,False
IT,medium,4,234,2,True,False,0.91,0.66,False
IT,medium,3,176,2,False,False,0.92,0.76,False
IT,medium,5,190,4,True,False,0.62,0.8,False
product_management,medium,4,168,2,False,False,0.86,0.58,False
product_management,high,3,205,3,False,False,0.93,0.73,False
product_management,low,5,189,3,True,False,0.73,1.0,False
product_management,medium,4,282,4,False,False,0.9,0.18,False
IT,medium,2,152,2,False,False,0.46,0.47,False
r&d,medium,4,217,4,False,False,0.64,0.92,False
r&d,medium,4,130,3,False,False,0.5,0.51,False
r&d,low,4,153,4,False,False,0.62,0.81,False
r&d,low,3,270,3,False,False,0.57,0.52,False
r&d,low,3,220,3,False,False,0.96,0.95,False
r&d,low,4,253,3,False,False,0.64,0.93,False
marketing,low,4,209,6,False,False,0.67,0.98,False
sales,low,4,231,2,False,False,0.79,0.79,False
accounting,low,4,240,4,False,False,0.73,0.99,False
support,low,5,266,3,False,False,0.9,0.64,False
engineering,low,3,153,2,False,False,0.44,0.54,False
management,low,4,187,2,False,False,0.59,0.79,False
marketing,low,4,185,2,True,False,0.98,0.55,False
marketing,low,4,147,4,False,False,0.81,0.18,False
marketing,low,4,188,3,True,False,0.81,0.56,False
sales,low,2,252,2,False,False,0.67,0.92,False
sales,low,4,163,2,False,False,0.75,0.99,False
sales,low,4,189,2,False,False,0.85,0.77,False
sales,low,3,156,2,False,False,0.52,0.49,False
sales,low,3,183,3,False,False,0.58,0.98,False
sales,low,6,209,5,True,False,0.54,0.18,False
sales,low,4,271,4,False,False,0.82,0.8,False
sales,low,5,251,2,False,False,0.77,0.81,False
sales,medium,5,198,5,False,False,0.61,0.13,False
sales,medium,3,274,4,True,True,0.97,0.58,False
sales,medium,4,209,3,False,True,0.63,0.75,False
sales,medium,4,271,4,False,True,0.94,0.8,False
sales,medium,4,143,2,False,True,0.6,0.78,False
sales,medium,5,236,3,True,True,0.6,0.92,False
sales,medium,5,222,3,False,True,0.98,0.85,False
sales,medium,3,233,3,False,True,0.63,0.52,False
sales,medium,3,270,3,True,True,0.84,0.95,False
sales,medium,5,258,3,False,True,0.92,0.81,False
sales,medium,6,202,4,True,True,0.82,0.16,False
accounting,medium,3,150,2,False,False,0.74,0.91,False
accounting,high,4,193,3,False,False,0.51,0.62,False
accounting,low,5,210,5,False,False,0.42,0.24,False
hr,medium,3,208,3,False,False,0.51,0.88,False
hr,medium,3,196,3,False,False,0.73,0.94,False
hr,medium,5,187,4,False,False,0.79,0.76,False
hr,medium,3,140,2,False,False,0.67,0.49,False
engineering,low,4,256,4,False,False,0.9,0.93,False
engineering,low,4,113,3,False,False,0.66,0.92,False
engineering,low,4,196,5,False,False,0.94,0.19,False
engineering,low,3,170,3,False,False,0.76,0.66,False
engineering,low,4,261,6,False,False,0.94,0.16,False
engineering,low,5,132,3,False,False,0.99,0.83,False
engineering,low,3,153,3,False,False,0.53,0.69,False
engineering,low,3,147,3,True,False,0.53,0.82,False
engineering,low,5,244,2,False,False,0.72,0.88,False
engineering,low,4,108,4,False,False,0.42,0.31,False
engineering,low,4,218,2,False,False,0.49,0.83,False
support,low,5,133,3,False,False,0.52,0.94,False
support,low,5,233,3,False,False,0.79,0.65,False
support,low,4,147,3,False,False,0.6,0.6,False
support,low,3,176,3,False,False,0.43,0.52,False
support,low,4,169,4,False,False,0.89,0.66,False
support,low,4,144,3,False,False,0.87,0.87,False
support,low,5,151,3,True,False,0.99,0.2,False
support,medium,4,252,3,True,False,0.91,0.63,False
support,medium,4,180,3,False,False,0.98,0.69,False
support,medium,3,251,3,False,False,0.61,0.48,False
support,medium,4,263,4,False,False,0.8,0.8,False
engineering,medium,5,260,6,False,False,0.74,0.89,False
engineering,medium,3,227,3,False,False,0.63,0.67,False
engineering,medium,6,260,3,False,False,0.86,0.37,False
management,medium,5,158,3,False,False,0.61,0.93,False
IT,medium,3,186,3,False,False,0.52,0.69,False
IT,medium,4,171,6,False,False,0.61,0.16,False
IT,medium,3,199,2,True,False,0.55,0.81,False
IT,medium,5,258,2,False,False,0.63,0.97,False
IT,high,4,273,2,False,False,0.59,0.77,False
product_management,low,2,259,3,False,False,0.78,0.75,False
product_management,medium,3,265,3,False,False,0.82,0.88,False
product_management,medium,5,168,4,False,False,0.51,0.43,False
product_management,medium,4,163,4,False,False,0.99,0.99,False
IT,medium,5,265,3,False,False,0.65,0.59,False
r&d,low,4,190,3,False,False,0.71,0.89,False
r&d,low,3,157,3,False,False,0.73,0.54,False
r&d,low,4,266,4,False,False,0.86,0.32,False
r&d,low,6,240,6,False,False,0.55,0.17,False
r&d,low,3,143,3,False,False,0.55,0.78,False
r&d,low,3,121,5,False,False,0.68,0.73,False
IT,low,2,170,5,False,False,0.76,0.65,False
IT,low,4,161,4,False,False,0.71,0.8,False
IT,low,3,239,3,False,False,0.86,0.61,False
IT,low,3,224,3,False,False,0.49,0.67,False
product_management,low,3,242,3,False,False,0.57,0.63,False
product_management,low,4,140,2,True,False,0.58,0.51,False
product_management,low,5,170,3,False,False,0.59,0.82,False
product_management,low,5,156,2,False,False,0.67,0.79,False
IT,low,2,113,5,False,False,0.6,0.49,False
r&d,low,3,138,3,False,False,0.59,0.7,False
r&d,low,3,137,5,False,False,0.5,0.13,False
r&d,low,5,217,3,False,False,0.52,0.83,False
r&d,low,3,155,3,False,False,0.91,0.83,False
r&d,low,5,280,4,False,False,0.83,0.19,False
r&d,low,5,248,2,True,False,0.81,0.8,False
marketing,medium,2,190,8,False,False,0.67,0.49,False
sales,medium,3,176,8,False,False,0.99,0.92,False
accounting,medium,4,217,8,False,False,0.55,0.81,False
support,medium,3,269,8,False,False,0.91,0.62,False
engineering,medium,3,238,8,False,False,0.7,0.21,False
management,medium,5,243,6,False,False,0.74,0.95,False
marketing,medium,4,198,6,False,False,0.8,0.51,False
marketing,medium,3,188,6,False,False,0.89,0.52,False
marketing,medium,3,257,6,False,False,0.56,0.64,False
sales,medium,4,268,6,False,False,0.79,0.62,False
sales,medium,5,233,4,True,False,0.88,0.73,False
sales,medium,4,214,5,False,False,0.86,0.32,False
sales,high,2,285,3,False,False,0.96,0.78,False
sales,low,4,224,2,True,False,0.91,0.65,False
sales,medium,4,224,3,False,False,0.92,0.56,False
sales,medium,3,142,4,False,False,0.89,0.96,False
sales,medium,4,220,3,False,False,0.82,0.79,False
sales,medium,4,244,3,False,False,0.58,0.66,False
sales,low,4,171,3,False,False,0.68,0.67,False
sales,low,4,274,2,True,False,0.82,0.86,False
sales,low,4,214,2,True,False,0.72,0.57,False
sales,low,5,171,2,False,False,0.87,0.86,False
sales,low,5,150,2,False,False,0.59,0.52,False
sales,low,4,260,2,True,False,0.61,0.73,False
sales,low,5,259,3,False,False,0.63,0.78,False
sales,low,3,153,2,False,False,0.63,0.95,False
sales,low,3,263,3,False,False,0.61,0.75,False
sales,low,2,149,2,True,False,0.52,0.83,False
accounting,low,4,261,3,False,False,1.0,0.48,False
accounting,low,2,189,4,True,False,0.58,0.3,False
accounting,low,5,237,4,False,False,0.85,0.72,False
hr,low,3,224,3,False,False,0.52,0.61,False
hr,low,6,240,3,True,False,0.87,0.31,False
hr,low,3,245,2,True,False,0.81,0.62,False
hr,low,3,268,3,False,False,0.49,0.48,False
engineering,low,4,208,2,True,False,0.89,0.97,False
engineering,low,4,153,2,False,False,0.83,0.61,False
engineering,low,3,169,3,False,False,0.99,0.93,False
engineering,low,5,218,2,False,False,0.39,0.89,False
engineering,medium,3,155,3,False,False,0.9,0.95,False
engineering,medium,5,155,3,False,False,0.44,0.36,False
engineering,medium,6,105,6,False,False,0.39,0.29,False
engineering,medium,4,251,2,False,False,0.83,0.65,False
engineering,medium,4,219,2,False,False,0.54,0.72,False
engineering,medium,4,198,2,True,False,0.56,0.51,False
engineering,medium,4,158,2,False,False,0.53,0.54,False
support,medium,3,157,2,False,False,0.58,0.66,False
support,medium,4,178,2,False,False,0.54,0.59,False
support,medium,3,145,2,False,False,0.48,0.45,False
support,medium,5,230,3,False,False,0.91,0.15,False
support,medium,3,174,3,False,False,0.53,0.95,False
support,high,5,140,3,False,False,0.59,0.49,False
support,low,3,174,2,False,False,0.97,0.68,False
support,medium,4,173,2,False,False,0.76,0.7,False
support,medium,2,203,4,False,False,0.73,0.9,False
support,medium,5,170,3,False,False,0.95,0.94,False
support,medium,3,203,3,False,False,0.86,0.8,False
engineering,low,5,169,3,False,False,0.53,0.59,False
engineering,low,3,109,6,False,False,0.96,0.43,False
engineering,low,5,263,3,False,False,0.54,0.7,False
management,low,4,185,3,False,False,0.62,0.51,False
IT,low,4,191,5,False,False,0.49,0.12,False
IT,low,5,259,4,True,False,0.56,0.14,False
IT,low,4,253,3,False,False,0.91,0.86,False
IT,low,3,216,3,False,False,0.5,0.97,False
IT,medium,2,264,3,False,False,0.86,1.0,False
product_management,medium,3,181,3,True,False,0.63,0.49,False
product_management,medium,3,209,3,False,False,0.93,0.9,False
product_management,medium,4,239,2,False,False,0.89,0.82,False
product_management,medium,3,197,3,False,False,0.48,0.59,False
IT,medium,4,150,2,False,False,0.57,0.97,False
management,medium,3,164,10,False,False,0.88,0.69,False
management,medium,3,216,8,False,False,0.84,0.73,False
management,medium,2,271,8,True,False,0.74,0.48,False
management,medium,4,176,8,False,False,0.49,0.94,False
management,medium,3,156,8,False,False,0.73,0.74,False
management,medium,4,143,8,False,False,0.63,0.65,False
IT,medium,4,233,6,False,False,0.94,0.93,False
IT,medium,3,138,6,True,False,0.67,0.57,False
IT,medium,3,259,6,False,False,0.49,0.9,False
IT,medium,4,169,6,False,False,0.86,0.55,False
product_management,medium,3,172,6,False,False,0.73,0.59,False
product_management,medium,4,156,3,False,False,0.98,0.72,False
product_management,medium,4,140,3,False,False,0.52,0.87,False
product_management,medium,4,212,2,False,False,0.82,0.86,False
IT,medium,4,269,3,False,False,0.5,0.61,False
management,medium,5,111,5,False,False,0.63,0.45,False
management,medium,4,198,2,False,False,0.63,0.51,False
management,medium,4,263,3,False,False,0.92,0.87,False
management,medium,5,191,5,False,False,0.38,0.29,False
management,medium,3,188,3,False,False,0.64,0.57,False
management,medium,4,252,3,False,False,0.83,0.69,False
marketing,high,2,142,3,False,False,0.9,0.61,False
sales,high,4,247,3,False,False,0.85,0.96,False
accounting,high,6,269,2,False,False,0.61,0.16,False
support,high,4,244,3,False,False,0.82,0.96,False
engineering,high,4,164,3,False,False,0.81,0.77,False
management,high,6,232,5,False,False,0.87,0.85,False
marketing,high,3,177,3,False,False,0.49,0.37,False
marketing,high,3,173,3,True,False,0.65,0.68,False
marketing,high,5,165,2,True,False,0.6,0.87,False
sales,high,3,225,2,False,False,0.8,0.95,False
sales,low,3,121,3,True,False,0.63,0.84,False
sales,low,2,219,4,False,False,0.51,0.44,False
sales,low,4,204,2,False,False,0.73,0.94,False
sales,low,5,235,4,False,False,0.94,0.85,False
sales,low,2,215,2,True,False,0.51,0.75,False
sales,low,5,243,3,False,False,0.67,0.76,False
sales,low,4,162,6,False,False,0.97,0.13,False
sales,low,4,262,3,False,False,0.79,0.6,False
sales,low,4,206,2,False,False,0.55,0.45,False
sales,low,2,125,4,True,False,1.0,0.49,False
sales,low,3,167,5,False,False,0.36,0.19,False
sales,low,5,218,5,False,False,0.89,0.68,False
sales,low,5,181,3,False,False,0.91,0.53,False
sales,low,5,269,3,False,False,0.77,1.0,False
sales,low,3,167,2,False,False,0.86,0.99,False
sales,medium,6,271,10,False,False,0.75,0.29,False
sales,medium,4,201,8,True,False,0.83,0.54,False
sales,medium,6,229,8,False,False,0.9,0.25,False
accounting,medium,4,148,8,False,False,0.76,0.71,False
accounting,medium,3,147,8,False,False,0.84,0.96,False
accounting,medium,4,211,8,False,False,0.9,0.8,False
hr,medium,5,145,6,False,False,0.87,0.82,False
hr,medium,6,269,6,False,False,0.97,0.19,False
hr,medium,4,129,6,False,False,0.74,0.43,False
hr,medium,3,270,6,False,False,0.84,0.62,False
engineering,medium,3,250,6,False,False,0.85,0.75,False
engineering,medium,5,192,2,True,False,0.48,0.56,False
engineering,high,4,233,4,False,False,0.91,0.88,False
engineering,high,4,192,3,False,False,0.57,0.63,False
engineering,high,3,247,2,False,False,0.93,0.75,False
engineering,high,4,192,4,False,False,1.0,0.74,False
engineering,high,3,178,3,True,False,0.68,0.55,False
engineering,high,4,197,3,False,False,0.55,0.87,False
engineering,high,5,264,6,False,False,0.9,0.13,False
engineering,high,2,274,3,True,False,0.64,0.33,False
engineering,low,4,147,2,False,False,0.97,0.89,False
support,low,3,154,3,True,False,0.94,0.56,False
support,low,3,224,2,True,False,0.61,0.95,False
support,low,4,250,2,False,False,0.59,0.57,False
support,low,3,179,3,False,False,0.53,0.72,False
support,low,4,170,2,False,False,0.44,0.28,False
support,low,4,118,5,False,False,0.61,0.54,False
support,low,4,256,3,False,False,0.95,0.54,False
support,medium,3,209,2,False,False,0.8,0.99,False
support,medium,2,146,3,False,False,0.69,0.37,False
support,medium,3,275,4,True,False,0.87,0.77,False
support,medium,4,180,2,False,False,0.88,0.7,False
engineering,medium,3,228,3,False,False,0.74,0.8,False
engineering,medium,3,204,3,False,False,0.63,0.52,False
engineering,medium,3,172,2,False,False,0.55,0.69,False
management,medium,5,274,3,False,False,0.62,0.6,False
IT,medium,3,136,2,False,False,0.64,0.74,False
IT,medium,4,252,3,True,False,0.82,0.69,False
IT,medium,4,137,3,False,False,0.89,0.78,False
IT,medium,4,191,3,False,False,0.75,0.77,False
IT,medium,4,132,4,False,False,0.68,0.91,False
product_management,medium,6,249,5,False,False,0.68,0.54,False
product_management,medium,6,274,6,False,False,0.77,0.48,False
product_management,medium,3,194,3,False,False,0.96,0.55,False
product_management,medium,6,191,2,False,False,0.36,0.17,False
IT,medium,5,216,4,False,False,0.83,0.77,False
IT,medium,3,241,3,False,False,0.98,0.93,False
IT,medium,4,243,5,True,False,0.91,0.65,False
IT,medium,4,207,3,False,False,0.52,0.67,False
IT,medium,3,199,3,False,False,0.88,0.95,False
product_management,medium,6,286,4,False,False,0.97,0.61,False
product_management,high,4,132,3,False,False,0.39,0.57,False
product_management,low,4,229,4,False,False,1.0,0.65,False
product_management,medium,4,260,3,False,False,0.81,0.85,False
IT,medium,3,214,2,False,False,0.96,0.61,False
r&d,medium,6,217,4,True,True,0.9,0.65,False
r&d,medium,4,225,2,False,True,0.93,0.92,False
r&d,medium,2,113,3,False,True,0.41,0.37,False
r&d,medium,5,250,2,False,True,0.77,0.48,False
r&d,medium,5,271,2,False,True,0.91,0.82,False
r&d,medium,4,135,3,False,True,0.75,0.84,False
marketing,medium,2,100,6,True,True,0.46,0.57,False
sales,medium,4,224,3,False,True,0.75,0.8,False
accounting,low,4,134,4,False,False,0.91,0.49,False
support,low,5,158,2,False,False,0.82,0.79,False
engineering,low,3,183,2,False,False,0.67,0.48,False
management,low,4,97,6,False,False,0.89,0.28,False
marketing,low,4,226,3,False,False,0.56,0.47,False
marketing,low,4,235,4,True,False,0.6,0.91,False
marketing,low,4,186,10,True,False,0.6,0.75,False
sales,high,3,242,10,False,False,0.89,0.61,False
sales,low,3,284,10,False,False,0.79,0.47,False
sales,high,2,274,10,False,False,0.7,0.22,False
sales,high,4,130,10,False,False,0.48,0.5,False
sales,low,3,146,10,False,False,0.87,0.56,False
sales,low,4,207,10,False,False,0.85,0.84,False
sales,high,4,210,2,True,False,0.72,0.69,False
sales,low,3,143,2,False,False,0.64,0.53,False
sales,medium,4,116,3,False,False,0.57,0.17,False
sales,high,2,162,3,True,False,0.71,0.48,False
sales,medium,3,242,3,False,False,0.51,0.94,False
sales,medium,4,153,7,False,False,0.89,0.77,False
sales,medium,5,194,7,True,False,0.72,1.0,False
sales,medium,4,233,7,False,False,0.65,0.49,False
sales,high,4,283,7,False,False,0.73,0.93,False
sales,medium,3,188,7,False,False,0.43,0.38,False
sales,medium,4,182,6,False,False,0.54,0.6,False
sales,medium,2,286,6,False,False,0.82,0.5,False
sales,high,5,212,6,False,False,0.55,0.97,False
accounting,medium,5,176,6,False,True,0.95,0.93,False
accounting,high,5,264,8,False,True,1.0,0.5,False
accounting,low,3,261,8,False,True,0.84,0.52,False
hr,medium,4,163,8,False,True,0.71,0.5,False
hr,medium,3,139,8,False,True,0.4,0.55,False
hr,medium,3,261,8,True,True,0.84,0.95,False
hr,medium,2,275,6,True,True,0.42,0.48,False
engineering,low,5,132,6,True,True,0.39,0.51,False
engineering,low,3,202,6,False,False,0.48,0.96,False
engineering,low,4,177,6,False,False,0.84,0.97,False
engineering,low,5,234,6,False,False,0.66,0.97,False
engineering,low,4,188,6,False,False,0.54,0.71,False
engineering,low,5,203,6,False,False,0.49,0.82,False
engineering,low,4,227,10,False,False,1.0,0.57,False
engineering,low,3,150,10,False,False,0.93,0.48,False
engineering,low,3,267,3,False,False,0.64,0.71,False
engineering,low,5,186,10,False,False,0.61,0.63,False
engineering,high,4,142,10,False,False,0.84,0.99,False
support,low,3,126,10,True,False,0.83,0.79,False
support,low,4,201,10,False,False,0.85,0.65,False
support,low,4,142,2,False,False,0.85,0.7,False
support,low,4,167,4,False,False,0.94,0.99,False
support,high,4,258,2,False,False,0.62,0.65,False
support,low,3,207,2,False,False,0.85,0.92,False
support,low,4,282,4,True,False,0.5,0.24,False
support,low,3,188,5,False,False,0.89,0.39,False
support,high,3,214,2,False,False,0.85,0.82,False
support,low,4,272,2,False,False,0.89,0.78,False
support,medium,3,259,3,False,False,0.79,0.62,False
engineering,high,5,191,2,True,False,0.61,0.6,False
engineering,medium,3,192,3,False,False,0.57,0.49,False
engineering,high,3,164,3,False,False,0.82,0.82,False
management,medium,4,149,2,False,False,0.81,0.48,False
IT,medium,4,149,3,False,False,0.56,0.69,False
IT,medium,2,165,3,False,False,0.89,0.4,False
IT,medium,3,222,3,False,False,0.8,0.72,False
IT,medium,5,222,3,True,False,0.84,0.75,False
IT,medium,3,265,3,False,False,0.77,0.5,False
product_management,medium,5,247,4,False,False,0.5,0.78,False
product_management,medium,4,147,2,False,False,0.45,0.76,False
product_management,high,3,273,3,False,False,0.52,0.94,False
product_management,low,6,144,4,False,False,0.94,0.24,False
IT,medium,3,181,2,False,False,0.66,0.99,False
management,medium,3,198,2,True,False,0.64,0.67,False
management,medium,5,255,4,False,False,0.57,0.76,False
management,medium,4,169,10,False,False,0.77,0.76,False
management,medium,4,201,10,True,False,0.64,0.55,False
management,medium,4,274,10,True,False,0.6,0.74,False
management,medium,4,134,10,True,False,0.85,0.81,False
IT,medium,3,190,10,False,False,0.67,0.98,False
IT,medium,4,170,10,False,False,0.98,0.98,False
product_management,high,3,154,10,False,False,0.91,0.58,False
product_management,low,3,142,2,False,False,0.75,0.18,False
product_management,low,5,235,2,False,False,0.67,0.57,False
product_management,low,3,110,3,False,False,0.62,0.7,False
IT,high,3,211,3,False,False,0.77,0.49,False
management,medium,4,214,3,False,True,0.56,0.7,False
management,medium,5,210,7,False,True,0.93,0.16,False
management,medium,3,207,7,False,True,0.59,0.58,False
management,medium,4,161,7,False,True,0.57,0.66,False
management,medium,2,102,7,False,True,0.55,0.51,False
management,medium,4,186,7,False,True,0.84,0.48,False
marketing,low,3,211,6,False,True,0.71,0.56,False
sales,low,3,240,6,False,True,0.62,0.81,False
accounting,low,4,237,6,False,False,0.7,0.57,False
support,low,3,164,6,False,False,0.53,0.66,False
engineering,low,6,222,8,False,False,0.91,0.22,False
management,medium,3,205,8,True,False,0.71,0.96,False
marketing,medium,4,140,8,False,False,0.88,0.87,False
marketing,medium,2,103,8,False,False,0.42,0.61,False
marketing,medium,3,178,8,True,False,0.85,0.66,False
sales,medium,4,137,6,False,False,0.51,0.9,False
sales,medium,3,143,6,False,False,0.67,0.64,False
sales,medium,4,170,6,False,False,0.82,0.76,False
sales,medium,5,135,6,False,False,0.41,0.97,False
sales,medium,3,174,6,False,False,0.76,0.69,False
sales,medium,3,166,6,True,False,0.55,0.98,False
sales,medium,5,174,6,False,False,0.61,0.18,False
sales,medium,3,251,10,False,False,0.91,0.62,False
sales,high,6,187,10,True,False,0.37,0.29,False
sales,low,5,170,3,False,False,0.48,0.87,False
sales,medium,3,241,10,False,False,0.64,0.91,False
sales,medium,3,221,10,True,False,0.79,0.53,False
sales,medium,4,257,10,True,False,0.73,0.69,False
sales,medium,4,275,10,False,False,0.58,0.14,False
sales,low,4,245,2,False,False,0.77,0.7,False
sales,low,6,246,6,False,False,0.75,0.77,False
sales,low,6,263,6,False,False,0.76,0.77,False
sales,low,3,133,4,False,False,0.99,0.76,False
sales,low,4,157,3,False,False,0.49,0.66,False
accounting,low,3,198,4,False,False,0.95,0.5,False
accounting,low,5,145,3,False,False,0.9,0.57,False
accounting,low,6,118,2,False,False,0.62,0.97,False
hr,low,5,184,5,False,False,0.99,0.26,False
hr,low,3,243,2,True,False,0.62,0.72,False
hr,low,3,247,2,False,False,0.93,0.83,False
hr,low,3,158,3,False,False,0.4,0.55,False
engineering,low,5,243,2,False,False,0.74,0.77,False
engineering,low,4,203,5,False,False,0.63,0.24,False
engineering,low,3,161,3,False,False,0.96,0.8,False
engineering,low,4,214,3,True,False,0.59,0.5,False
engineering,low,4,179,3,False,False,0.59,0.66,False
engineering,low,4,188,2,False,False,0.77,0.66,False
engineering,low,3,174,3,False,False,0.81,0.66,False
engineering,low,3,177,4,False,False,0.83,0.96,False
engineering,low,5,194,4,False,False,0.94,0.75,False
engineering,medium,3,244,2,False,False,0.77,0.78,False
engineering,medium,4,269,2,False,False,0.82,0.57,False
support,medium,2,159,3,True,False,0.68,0.78,False
support,medium,4,140,2,False,False,0.88,0.57,False
support,medium,5,224,2,False,False,0.56,0.84,False
support,medium,5,242,4,False,False,0.94,0.23,False
support,medium,3,180,3,False,False,0.37,0.53,False
support,medium,3,150,3,False,False,0.71,0.82,False
support,medium,5,269,3,False,False,0.64,0.59,False
support,medium,2,178,2,False,False,0.52,0.5,False
support,medium,2,187,3,False,False,0.74,1.0,False
support,medium,3,140,2,False,False,0.61,0.94,False
support,high,4,193,2,False,False,0.61,0.86,False
engineering,low,4,243,2,False,False,0.49,0.73,False
engineering,medium,3,144,3,True,False,0.94,0.49,False
engineering,medium,2,147,2,False,False,0.73,0.79,False
management,medium,6,165,3,False,False,0.5,0.83,False
IT,medium,3,176,2,False,False,0.67,0.85,False
IT,low,3,170,6,False,False,0.37,0.65,False
IT,low,4,213,2,True,False,0.65,0.94,False
IT,low,4,242,2,False,False,0.81,0.76,False
IT,low,4,139,3,True,False,0.54,0.77,False
product_management,low,4,239,3,True,False,0.91,0.77,False
product_management,low,5,123,2,False,False,0.64,0.59,False
product_management,low,3,185,4,False,False,0.9,0.69,False
product_management,low,4,186,2,False,False,0.85,0.51,False
IT,low,3,178,3,False,False,0.67,0.8,False
management,high,3,153,10,False,False,0.7,0.98,False
management,high,4,185,10,True,False,0.72,0.69,False
management,high,4,142,10,False,False,0.76,0.14,False
management,high,4,221,10,True,False,0.9,0.95,False
management,high,3,148,10,False,False,0.61,0.53,False
management,high,5,258,10,True,False,0.52,0.64,False
sales,low,4,229,3,False,False,0.73,0.51,False
sales,low,2,111,2,False,False,0.73,0.36,False
sales,low,2,271,3,False,False,0.97,0.62,False
sales,low,4,133,3,False,False,0.58,0.98,False
sales,low,4,223,3,False,False,0.7,0.53,False
sales,low,4,272,2,False,False,0.95,0.8,False
sales,medium,3,233,3,False,False,0.77,0.73,False
sales,medium,3,162,3,False,False,0.8,0.82,False
sales,medium,5,165,4,False,False,0.75,0.62,False
sales,medium,5,242,3,False,False,0.48,0.87,False
sales,medium,4,124,2,False,False,0.65,0.43,False
sales,medium,2,163,3,False,False,0.6,0.57,False
sales,medium,3,144,3,False,False,0.77,0.91,False
sales,medium,5,149,4,False,False,0.59,0.75,False
sales,medium,5,217,2,False,False,0.8,0.76,False
sales,medium,4,139,2,False,False,0.49,0.85,False
sales,medium,3,270,2,False,False,0.67,0.56,False
sales,medium,3,177,3,False,False,0.84,0.86,False
sales,high,5,175,2,True,False,0.43,0.21,False
sales,low,3,151,2,False,False,0.59,0.94,False
sales,medium,3,185,3,False,False,0.74,0.98,False
sales,medium,3,227,3,False,False,0.45,0.42,False
sales,medium,4,218,2,False,False,0.89,0.98,False
sales,medium,5,167,3,False,False,0.93,1.0,False
sales,low,3,183,2,True,False,0.52,0.95,False
sales,low,4,259,3,False,False,0.5,0.95,False
sales,low,3,138,2,True,False,0.53,0.68,False
sales,low,5,122,4,False,False,0.38,0.64,False
sales,low,6,225,6,False,False,0.62,0.24,False
sales,low,3,121,2,False,False,0.72,0.37,False
sales,low,4,274,3,False,False,0.4,0.67,False
sales,low,4,153,4,False,False,0.89,0.86,False
sales,low,3,119,2,False,False,0.38,0.43,False
sales,low,4,141,2,True,False,0.67,0.67,False
IT,low,4,161,3,False,False,0.6,0.92,False
product_management,low,2,186,2,False,False,0.46,0.43,False
product_management,low,3,252,4,False,False,0.8,0.52,False
product_management,low,3,182,3,True,False,0.42,0.16,False
product_management,low,4,264,2,True,False,0.6,0.49,False
IT,low,4,167,3,False,False,0.63,0.37,False
management,high,5,171,3,False,False,0.68,0.98,False
management,high,5,130,4,False,False,0.97,0.33,False
management,high,5,271,4,False,False,0.79,0.14,False
management,high,5,249,3,True,False,0.79,0.54,False
management,high,4,180,4,False,False,0.48,0.63,False
management,high,4,220,3,True,False,0.69,0.55,False
marketing,medium,3,210,4,True,False,0.53,0.84,False
sales,medium,4,258,2,False,False,0.97,0.51,False
accounting,medium,3,150,4,False,True,0.75,0.15,False
support,medium,5,259,3,False,True,0.79,0.97,False
engineering,medium,3,231,3,False,True,0.69,0.67,False
management,medium,4,220,3,False,True,0.67,0.48,False
marketing,medium,4,149,3,False,True,0.58,0.69,False
marketing,medium,3,238,4,False,True,0.62,0.6,False
marketing,medium,2,209,5,False,True,0.71,0.82,False
sales,medium,4,149,3,False,True,0.95,0.86,False
sales,medium,4,264,3,False,False,0.59,0.69,False
sales,high,5,207,2,False,False,0.87,0.87,False
sales,low,3,239,6,False,False,0.78,0.17,False
sales,medium,6,239,5,False,False,0.51,0.94,False
sales,medium,4,258,3,False,False,1.0,0.5,False
sales,medium,3,203,3,False,False,0.72,0.16,False
sales,medium,2,258,3,False,False,0.99,0.89,False
IT,low,3,257,3,True,False,0.51,0.69,False
product_management,low,5,134,3,False,False,0.51,0.5,False
product_management,low,6,240,2,False,False,0.46,0.16,False
product_management,low,2,237,5,True,False,0.99,0.75,False
product_management,low,5,157,2,False,False,0.66,0.64,False
IT,low,4,275,3,False,False,0.43,0.78,False
management,high,2,228,3,False,False,0.74,0.81,False
management,high,3,254,2,False,False,0.58,0.55,False
management,high,4,257,2,False,False,0.53,0.53,False
management,high,3,231,2,True,False,0.73,0.69,False
management,high,3,217,3,False,False,0.53,0.8,False
management,high,3,286,6,False,False,0.98,0.77,False
marketing,low,4,236,3,False,False,0.8,0.84,False
sales,low,4,215,2,False,False,0.55,0.64,False
accounting,low,4,157,3,False,False,0.57,0.78,False
support,low,3,149,3,False,False,0.7,0.67,False
engineering,low,3,221,2,False,False,0.77,0.81,False
management,low,4,238,2,False,False,0.82,0.91,False
marketing,medium,6,250,2,False,False,0.89,0.75,False
marketing,medium,3,202,4,True,False,0.96,0.78,False
marketing,medium,4,173,2,False,False,0.52,0.54,False
sales,medium,5,250,3,True,False,0.71,0.77,False
sales,medium,4,270,3,True,False,0.63,0.89,False
sales,medium,3,232,5,False,False,0.98,0.16,False
sales,medium,4,260,3,False,False,0.99,0.77,False
sales,medium,5,232,4,False,False,0.48,0.69,False
sales,medium,4,134,3,False,False,0.81,0.61,False
sales,medium,4,189,3,False,False,0.81,0.59,False
IT,medium,4,113,3,False,False,0.8,0.58,False
product_management,medium,5,264,3,False,False,0.67,0.88,False
product_management,high,5,260,2,False,False,0.63,0.51,False
product_management,low,3,132,3,False,False,0.7,0.31,False
product_management,medium,4,168,3,False,False,0.52,0.52,False
IT,medium,3,186,3,True,False,0.46,0.57,False
management,high,3,267,2,False,False,0.77,0.5,False
management,high,3,180,3,False,False,0.63,0.74,False
management,high,3,211,3,False,False,0.77,0.74,False
management,high,2,268,2,False,False,0.51,0.82,False
management,high,3,206,3,False,False,0.71,0.74,False
management,high,6,113,3,False,False,0.59,0.2,False
marketing,low,4,179,3,False,False,0.48,0.63,False
sales,low,6,157,6,True,False,0.8,0.19,False
accounting,low,4,127,5,False,False,0.62,0.4,False
support,low,2,179,5,False,True,0.37,0.71,False
engineering,low,4,197,3,False,True,0.73,0.84,False
management,low,4,251,4,True,True,0.84,0.59,False
marketing,low,4,250,3,True,True,0.85,0.57,False
marketing,low,2,176,5,False,True,0.61,0.81,False
marketing,low,4,246,3,False,True,0.7,0.8,False
sales,low,3,155,3,False,True,0.66,0.49,False
sales,low,3,178,2,False,True,0.64,0.55,False
sales,low,3,213,5,True,True,0.4,0.68,False
sales,low,3,150,2,False,True,0.67,0.55,False
sales,low,3,166,2,False,False,0.62,0.59,False
sales,low,5,169,4,False,False,0.8,0.91,False
sales,low,4,208,3,False,False,0.9,0.48,False
sales,low,3,209,2,False,False,0.66,0.84,False
IT,medium,4,167,3,False,False,0.54,0.73,False
product_management,medium,6,281,3,False,False,0.59,0.28,False
product_management,medium,3,156,4,False,False,0.65,0.77,False
product_management,medium,3,265,3,False,False,0.65,0.67,False
product_management,medium,3,142,3,True,False,0.53,0.5,False
IT,medium,3,143,4,False,False,0.47,0.32,False
r&d,medium,3,134,3,False,False,0.78,0.57,False
r&d,medium,5,268,3,False,False,0.8,0.51,False
r&d,medium,3,255,2,False,False,0.6,0.61,False
r&d,medium,4,157,2,False,False,0.73,0.83,False
r&d,medium,5,151,3,False,False,0.97,0.87,False
r&d,medium,3,157,2,False,False,0.63,0.7,False
marketing,high,3,139,3,False,False,0.65,0.78,False
sales,low,4,196,2,True,False,0.53,0.71,False
accounting,medium,3,159,2,False,False,0.99,0.68,False
support,medium,4,224,4,True,False,0.53,0.75,False
engineering,medium,3,215,7,True,False,0.53,0.7,False
management,medium,5,157,7,True,False,0.94,0.59,False
marketing,low,4,157,7,False,False,0.87,0.64,False
marketing,low,5,146,7,True,False,0.88,0.61,False
marketing,low,2,286,7,False,False,0.49,0.77,False
sales,low,3,203,3,False,False,0.64,0.51,False
sales,low,3,168,7,False,False,0.49,0.49,False
sales,low,3,170,7,False,False,0.75,0.77,False
sales,low,3,266,7,False,False,0.86,0.31,False
sales,low,3,183,3,False,False,0.76,0.54,False
sales,low,4,264,3,False,False,0.66,0.56,False
sales,low,4,205,3,False,False,0.77,0.65,False
sales,low,2,192,3,False,False,0.36,0.49,False
engineering,low,3,176,3,False,False,0.79,0.82,False
support,low,3,183,2,False,False,0.52,0.6,False
support,low,3,156,6,True,False,0.63,0.64,False
support,low,3,150,3,False,False,0.68,0.7,False
support,low,4,204,8,True,False,0.89,0.65,False
support,low,5,131,8,False,False,0.78,0.69,False
support,low,5,248,8,True,False,0.74,0.93,False
support,low,4,168,8,False,False,0.52,0.55,False
support,low,4,146,8,True,False,0.87,0.75,False
support,low,4,246,3,False,False,0.43,0.47,False
support,medium,5,216,10,True,False,0.88,0.72,False
support,medium,3,203,10,False,False,0.92,0.59,False
engineering,medium,3,199,10,False,False,0.49,0.98,False
engineering,medium,2,102,8,False,False,0.52,0.39,False
engineering,medium,4,139,8,False,False,0.87,0.93,False
management,medium,5,208,8,True,False,0.97,0.71,False
IT,medium,4,215,4,False,False,0.54,0.49,False
IT,medium,4,233,3,False,False,0.93,0.63,False
IT,medium,3,169,10,False,False,0.64,0.45,False
IT,medium,3,190,10,True,False,0.64,0.77,False
IT,medium,4,236,7,False,False,0.63,0.77,False
product_management,medium,4,266,7,False,False,0.92,0.5,False
product_management,high,4,156,7,False,False,0.42,0.45,False
product_management,low,4,153,7,False,False,0.47,0.81,False
product_management,medium,3,175,3,False,False,0.67,0.83,False
IT,medium,6,174,10,False,False,0.76,0.47,False
management,high,4,154,10,False,False,0.89,0.25,False
management,high,5,251,10,False,False,0.55,0.89,False
management,high,3,164,10,False,False,0.57,0.97,False
management,high,2,225,10,False,False,0.65,0.6,False
management,high,2,134,10,False,False,0.72,0.67,False
management,high,3,144,3,False,False,0.77,0.89,False
sales,low,5,211,3,False,False,0.91,0.6,False
sales,low,4,139,3,False,False,0.79,0.64,False
sales,low,3,268,3,False,False,0.66,0.57,False
sales,low,5,171,3,True,False,0.98,0.56,False
sales,medium,4,260,2,False,False,0.9,0.6,False
sales,medium,6,224,3,False,False,0.66,0.17,False
sales,medium,4,233,3,False,False,0.49,0.74,False
sales,medium,3,125,7,False,False,0.41,0.44,False
sales,medium,4,233,7,False,False,0.89,0.51,False
sales,medium,3,162,7,False,False,0.57,0.86,False
sales,medium,4,198,7,False,False,0.48,0.96,False
sales,medium,4,198,7,False,False,0.82,0.87,False
sales,medium,3,243,3,True,False,0.79,0.58,False
sales,medium,4,281,7,False,False,0.56,0.24,False
sales,medium,4,259,7,True,False,0.8,0.42,False
sales,medium,4,184,7,False,False,0.94,0.65,False
sales,medium,6,189,3,True,False,0.92,0.73,False
sales,medium,4,258,3,False,False,0.6,0.63,False
sales,medium,4,225,3,False,False,0.48,0.95,False
sales,medium,5,145,3,False,False,0.83,0.52,False
sales,medium,3,164,3,False,False,0.55,0.96,False
sales,medium,4,254,2,False,False,0.51,0.66,False
sales,medium,4,154,6,True,False,0.44,0.98,False
sales,medium,5,248,3,False,False,0.79,0.56,False
sales,medium,3,154,8,True,False,0.54,0.97,False
sales,medium,3,242,8,False,False,0.92,0.72,False
sales,medium,4,194,8,False,False,0.78,0.74,False
sales,medium,5,261,8,False,False,0.6,0.2,False
sales,medium,3,245,8,False,False,0.56,0.73,False
sales,low,3,247,3,False,False,0.79,0.76,False
sales,low,4,147,10,False,False,0.54,0.65,False
sales,low,3,139,10,True,False,0.5,0.66,False
sales,low,6,137,10,False,False,0.97,0.96,False
sales,low,4,177,8,False,False,0.55,0.57,False
IT,low,4,184,8,False,False,0.82,0.61,False
product_management,low,3,212,8,False,False,0.69,0.57,False
product_management,low,3,159,4,False,False,0.47,0.59,False
product_management,low,4,178,3,False,False,0.68,0.92,False
product_management,low,3,149,10,False,False,0.56,0.79,False
IT,low,4,223,10,False,False,0.66,0.95,False
management,high,6,263,7,False,False,0.81,0.24,False
management,high,4,161,7,False,False,0.52,0.49,False
management,high,3,192,7,False,False,0.68,0.49,False
management,high,5,215,7,False,False,0.51,0.97,False
management,high,4,261,3,False,False,0.78,0.55,False
management,high,5,222,10,False,False,0.56,0.76,False
marketing,low,3,223,10,False,False,0.99,0.53,False
sales,low,3,182,10,False,False,0.86,0.51,False
accounting,low,2,204,10,False,False,0.93,0.57,False
support,low,3,195,10,False,False,0.91,0.58,False
engineering,low,4,146,10,False,False,0.98,0.6,False
management,low,4,233,4,True,False,0.74,0.65,False
marketing,low,2,147,3,False,False,0.75,0.91,False
marketing,low,3,156,5,False,False,0.55,0.65,False
marketing,low,3,240,2,True,False,0.49,0.18,False
sales,low,4,177,7,False,False,0.9,0.66,False
sales,medium,3,135,7,False,False,0.8,0.78,False
sales,medium,5,178,7,True,False,0.65,0.82,False
sales,medium,3,190,7,False,False,0.64,0.54,False
sales,medium,3,240,7,False,False,0.84,0.95,False
sales,medium,4,172,3,False,False,0.85,0.65,False
sales,medium,3,271,7,False,False,0.55,0.83,False
sales,medium,5,188,7,False,False,0.6,0.15,False
IT,medium,4,197,7,False,False,0.59,0.59,False
product_management,medium,5,151,3,False,False,0.94,0.99,False
product_management,medium,3,263,3,False,False,0.72,0.76,False
product_management,medium,2,223,3,False,False,0.67,0.64,False
product_management,medium,4,151,3,False,False,0.75,0.95,False
IT,high,3,191,3,False,False,0.66,0.53,False
management,high,2,162,2,False,False,0.5,0.59,False
management,high,5,195,6,False,False,0.86,0.69,False
management,high,4,222,3,False,False,0.49,0.5,False
management,high,3,179,8,False,False,0.96,0.89,False
management,high,3,106,8,False,False,0.39,0.56,False
management,high,3,214,8,True,False,0.68,0.77,False
marketing,high,3,259,8,True,False,0.75,0.15,False
sales,low,3,145,8,False,False,0.58,0.88,False
accounting,low,4,153,3,False,False,0.86,0.89,False
support,low,2,117,10,True,False,0.52,0.65,False
engineering,low,3,207,10,False,False,0.99,0.58,False
management,low,3,265,10,True,False,0.85,0.56,False
marketing,low,5,279,8,False,False,0.72,0.25,False
marketing,low,4,225,8,False,False,0.89,0.87,False
marketing,low,3,158,8,True,False,0.4,0.62,False
sales,medium,4,211,4,False,False,0.75,0.72,False
sales,medium,4,175,3,False,False,0.94,0.49,False
sales,medium,4,224,10,False,False,0.91,0.57,False
sales,medium,3,190,10,False,False,0.65,0.63,False
sales,medium,5,240,7,False,False,0.63,0.91,False
sales,medium,5,225,7,False,False,0.68,0.7,False
sales,medium,5,192,7,False,False,0.95,0.66,False
IT,medium,5,262,7,False,False,0.48,0.77,False
product_management,medium,3,250,3,True,False,0.97,0.68,False
product_management,medium,3,155,10,False,False,0.46,0.34,False
product_management,medium,4,238,10,True,False,0.64,0.97,False
product_management,medium,4,249,10,False,False,0.75,0.57,False
IT,medium,3,272,10,False,False,0.65,0.66,False
management,high,4,162,10,False,False,0.67,0.68,False
management,high,4,254,10,False,False,0.78,0.49,False
management,high,4,184,3,False,False,0.66,0.72,False
management,high,4,269,10,False,False,0.89,0.77,False
management,high,3,201,10,False,False,0.73,0.77,False
management,high,4,247,10,False,False,0.73,0.59,False
marketing,medium,6,221,10,False,False,0.67,0.41,False
sales,medium,5,247,10,False,False,0.64,0.94,False
accounting,medium,4,135,10,False,False,0.61,0.91,False
support,medium,3,260,4,True,False,0.84,0.7,False
engineering,high,3,188,3,False,False,0.52,0.51,False
management,low,4,159,5,False,False,0.7,0.22,False
marketing,medium,3,153,2,False,False,0.65,0.69,False
marketing,medium,5,167,7,False,False,0.68,0.2,False
marketing,medium,3,158,7,False,False,0.85,0.9,False
sales,medium,3,180,7,False,False,0.85,0.76,False
sales,medium,3,211,7,False,False,0.51,0.88,False
sales,medium,4,104,7,True,False,0.63,0.31,False
sales,medium,6,174,3,False,False,0.66,0.17,False
sales,medium,3,195,7,False,False,0.77,0.91,False
sales,medium,5,211,7,True,False,0.38,0.97,False
sales,medium,5,232,7,False,False,0.77,0.61,False
sales,low,5,216,3,False,False,0.67,0.74,False
IT,low,5,265,3,False,False,0.82,0.65,False
product_management,low,5,184,3,False,False,0.73,0.87,False
product_management,low,5,244,3,False,False,0.71,0.56,False
product_management,low,4,202,3,False,False,0.69,0.78,False
product_management,low,3,146,2,False,False,0.57,0.73,False
IT,low,4,161,6,False,False,0.78,0.66,False
r&d,high,5,280,3,True,False,0.81,0.15,False
r&d,low,5,208,8,True,False,0.69,0.52,False
r&d,high,6,134,8,False,False,0.66,0.44,False
r&d,high,3,162,8,False,False,0.7,0.7,False
r&d,low,5,209,8,True,False,0.52,0.63,False
r&d,low,3,265,8,False,False,0.59,0.89,False
marketing,high,4,173,3,False,False,0.85,0.96,False
sales,low,4,261,10,True,False,0.99,0.98,False
accounting,medium,3,204,10,False,False,0.82,0.62,False
support,high,3,144,10,True,False,0.73,0.62,False
engineering,medium,5,113,8,False,False,0.43,0.69,False
management,medium,4,144,8,False,False,0.91,0.5,False
marketing,medium,5,140,8,False,False,0.93,0.71,False
marketing,medium,3,245,4,False,False,0.68,0.5,False
marketing,high,3,188,3,False,False,0.6,0.93,False
sales,medium,5,199,10,True,False,0.77,0.95,False
sales,medium,6,154,10,True,False,0.61,0.17,False
sales,medium,4,138,7,False,False,0.68,0.92,False
sales,high,3,147,7,False,False,0.48,0.64,False
sales,medium,6,173,7,False,False,0.42,0.27,False
sales,high,3,223,7,False,False,0.87,0.66,False
sales,low,3,200,3,False,False,0.69,0.59,False
sales,medium,4,189,10,False,False,0.98,0.93,False
engineering,medium,5,133,10,False,False,0.67,0.58,False
support,medium,3,160,10,False,False,0.6,0.96,False
support,medium,3,153,10,False,False,0.85,0.69,False
support,low,4,142,10,True,False,0.38,0.41,False
support,low,3,167,10,False,False,0.41,0.36,False
support,low,4,227,2,False,False,0.78,0.71,False
support,low,4,144,4,False,False,0.9,0.94,False
support,low,4,140,3,False,False,0.76,0.51,False
support,low,4,220,3,True,False,0.48,0.83,False
support,low,3,180,3,False,False,0.62,0.22,False
support,low,4,173,4,False,False,0.89,0.66,False
support,low,3,179,5,False,False,0.58,0.14,False
engineering,low,5,137,5,True,False,0.96,0.16,False
engineering,high,3,165,3,False,False,0.78,0.81,False
engineering,low,3,177,3,False,False,0.94,0.73,False
management,low,5,168,3,False,False,0.58,0.7,False
IT,low,3,245,4,False,False,0.73,0.62,False
IT,low,5,258,2,False,False,0.83,0.5,False
IT,high,3,159,2,False,False,0.88,0.7,False
IT,low,3,163,3,True,False,0.73,0.53,False
IT,low,3,174,2,False,False,0.9,0.87,False
product_management,low,3,214,2,True,False,0.6,0.59,False
product_management,high,4,191,3,True,False,0.67,0.94,False
product_management,low,5,272,5,False,False,0.53,0.2,False
product_management,medium,3,183,2,False,False,0.44,0.42,False
IT,high,4,135,2,False,False,0.66,0.43,False
management,high,6,154,2,False,False,0.76,0.43,False
management,high,5,238,3,False,False,0.86,0.77,False
management,high,2,235,3,False,False,0.98,0.76,False
management,high,3,215,4,False,False,0.9,0.82,False
management,high,5,234,2,False,False,0.66,0.75,False
management,high,4,187,3,False,False,0.98,0.63,False
sales,medium,3,133,3,False,False,0.75,0.51,False
sales,medium,3,123,5,False,False,0.7,0.23,False
sales,medium,4,202,3,False,False,0.58,0.77,False
sales,medium,4,140,3,False,False,0.63,0.54,False
sales,high,4,182,3,True,False,0.85,0.63,False
sales,low,3,179,2,True,False,0.45,0.55,False
sales,medium,3,150,3,True,False,0.63,0.31,False
sales,medium,4,151,3,False,False,0.74,0.98,False
sales,medium,6,117,7,False,False,0.95,0.16,False
sales,medium,3,156,7,False,False,0.78,0.54,False
sales,medium,3,211,7,False,False,0.48,0.73,False
sales,medium,6,286,7,False,True,0.63,0.16,False
sales,medium,5,233,7,False,True,0.82,0.57,False
sales,medium,4,222,3,True,True,0.88,0.88,False
sales,medium,4,258,7,False,True,0.81,0.95,False
sales,high,5,231,7,False,True,0.7,0.93,False
sales,low,3,220,7,False,True,0.58,0.91,False
sales,low,4,134,3,False,True,0.82,0.77,False
sales,low,6,141,3,True,False,0.94,0.24,False
sales,high,5,160,3,True,False,0.74,0.74,False
sales,low,4,259,3,False,False,0.59,0.53,False
sales,low,5,232,3,False,False,0.77,0.89,False
sales,low,5,272,2,False,False,0.77,0.23,False
sales,high,3,215,6,False,False,0.66,0.69,False
sales,low,4,222,3,False,False,0.72,0.52,False
sales,low,3,244,8,False,False,0.58,0.9,False
sales,low,5,224,8,True,False,0.63,0.92,False
sales,low,5,200,8,True,False,0.59,0.72,False
sales,low,4,143,8,False,False,0.61,0.92,False
sales,low,5,238,8,False,False,0.86,0.79,False
sales,low,4,145,3,False,False,0.89,0.48,False
sales,medium,4,108,10,False,False,0.76,0.27,False
sales,medium,3,247,10,False,False,0.49,0.67,False
sales,medium,3,213,10,False,False,0.7,0.48,False
IT,medium,4,209,8,True,False,0.6,0.99,False
product_management,medium,4,240,8,False,False,0.88,0.49,False
product_management,medium,3,100,8,True,False,0.45,0.39,False
product_management,medium,4,265,4,True,False,0.92,0.99,False
product_management,medium,3,209,3,False,False,0.57,0.78,False
IT,medium,3,154,10,False,False,0.73,0.5,False
management,high,5,230,10,False,False,0.79,0.61,False
management,high,4,208,7,False,True,0.6,0.88,False
management,high,2,141,7,True,True,0.44,0.44,False
management,high,3,262,7,True,True,0.78,0.73,False
management,high,4,206,7,False,True,0.84,0.58,False
management,high,3,166,3,True,True,0.98,0.74,False
marketing,medium,4,117,10,False,True,0.48,0.32,False
sales,medium,4,273,10,False,False,0.83,0.88,False
accounting,medium,4,270,10,False,False,0.9,0.81,False
support,low,3,138,10,False,False,0.92,0.59,False
engineering,low,3,235,10,False,False,0.65,0.79,False
management,low,4,190,10,True,False,0.64,0.92,False
marketing,low,3,192,3,False,False,0.85,0.76,False
marketing,low,5,214,3,True,False,0.65,0.91,False
marketing,low,4,242,2,True,False,0.84,0.8,False
sales,low,4,233,2,False,False,0.72,0.73,False
sales,low,3,218,4,False,False,0.53,0.88,False
sales,low,5,125,4,False,False,0.4,0.65,False
sales,low,4,178,2,False,False,0.5,0.84,False
sales,low,5,272,3,False,False,0.5,0.93,False
sales,low,3,265,4,False,False,0.6,0.64,False
sales,low,4,271,3,False,False,0.72,0.66,False
sales,low,3,179,3,True,False,0.56,0.76,False
IT,low,3,118,4,False,False,0.72,0.34,False
product_management,low,4,196,5,False,False,0.8,0.48,False
product_management,low,4,173,2,False,False,0.61,0.79,False
product_management,low,4,156,3,False,False,0.67,0.82,False
product_management,low,2,180,3,False,False,0.71,0.51,False
IT,low,4,263,3,False,False,0.78,0.84,False
management,high,5,134,3,False,False,0.79,0.66,False
management,high,3,189,3,True,False,0.88,0.72,False
management,high,4,167,4,False,False,0.91,0.53,False
management,high,5,132,2,True,False,0.8,0.81,False
management,high,3,209,2,False,False,0.9,0.58,False
management,high,2,227,5,True,False,0.56,0.82,False
marketing,medium,4,239,3,False,False,0.99,0.72,False
sales,medium,4,172,4,False,False,0.54,0.9,False
accounting,medium,3,188,4,False,False,0.91,0.98,False
support,medium,3,265,3,False,False,0.74,0.56,False
engineering,medium,3,153,3,True,False,0.82,0.77,False
management,medium,4,242,2,False,False,0.89,0.61,False
marketing,medium,4,262,3,True,True,0.61,0.97,False
marketing,high,3,246,2,False,True,0.55,0.64,False
marketing,low,4,211,2,False,True,0.97,0.99,False
sales,medium,3,145,4,False,True,0.42,0.61,False
sales,medium,4,256,3,False,True,0.71,0.72,False
sales,medium,2,245,2,True,True,0.91,0.67,False
sales,medium,3,151,3,False,False,0.56,0.9,False
sales,low,4,245,2,False,False,0.73,0.9,False
sales,low,4,171,3,False,False,0.61,0.63,False
sales,low,3,252,2,False,False,0.88,0.64,False
IT,low,3,175,2,False,False,0.65,0.44,False
product_management,low,4,210,3,False,False,0.94,0.64,False
product_management,low,2,180,2,False,False,0.95,0.65,False
product_management,low,5,103,5,False,False,0.9,0.69,False
product_management,low,4,110,3,False,False,0.51,0.93,False
IT,low,5,184,3,False,False,0.9,0.73,False
management,high,4,161,2,False,False,0.6,0.83,False
management,high,5,210,3,False,False,0.49,0.82,False
management,high,2,212,2,False,False,0.91,0.39,False
management,high,6,106,6,False,False,0.47,0.53,False
management,high,4,179,3,False,False,0.81,0.88,False
management,high,5,217,3,False,False,0.6,0.8,False
marketing,low,4,184,3,False,False,0.79,0.68,False
sales,low,3,210,2,False,False,0.6,0.66,False
accounting,low,4,246,2,False,False,0.61,0.61,False
support,low,4,262,3,False,False,0.55,0.74,False
engineering,low,4,245,3,True,True,0.83,0.61,False
management,low,3,222,3,True,True,0.99,0.57,False
marketing,medium,4,146,4,False,True,0.54,0.68,False
marketing,medium,4,263,3,False,True,0.79,0.75,False
marketing,medium,5,134,2,False,True,0.57,0.29,False
sales,medium,5,250,4,False,True,0.81,0.81,False
sales,medium,4,173,3,False,False,0.68,0.53,False
sales,medium,6,173,3,False,False,0.96,0.42,False
sales,medium,4,252,3,True,False,0.67,0.64,False
sales,medium,2,230,4,False,False,0.5,0.63,False
sales,medium,4,212,2,True,False,0.81,0.81,False
sales,medium,5,187,2,False,False,0.66,0.71,False
sales,medium,5,241,2,False,False,0.83,0.7,False
IT,medium,3,164,4,False,False,1.0,0.53,False
product_management,high,6,218,6,True,False,0.93,0.16,False
product_management,low,4,194,3,False,False,0.55,0.17,False
product_management,medium,3,158,2,False,False,0.95,0.7,False
product_management,medium,2,149,4,False,False,0.88,0.43,False
IT,medium,4,161,2,False,False,0.62,0.49,False
management,high,5,226,2,False,False,0.9,0.5,False
management,high,2,111,2,False,False,0.59,0.57,False
management,high,4,258,3,False,False,0.75,0.68,False
management,high,3,266,2,False,False,0.61,0.62,False
management,high,3,253,3,False,False,0.75,0.69,False
management,high,5,160,3,False,False,0.7,0.63,False
marketing,low,5,230,3,True,False,0.62,0.76,False
sales,low,5,198,3,False,False,0.76,0.62,False
accounting,low,3,250,3,False,False,0.69,0.82,False
support,low,4,225,5,False,False,0.7,0.2,False
engineering,low,3,178,3,True,False,0.7,0.16,False
management,low,4,196,3,False,False,0.78,0.2,False
marketing,low,4,240,2,False,False,0.51,0.53,False
marketing,low,3,204,3,False,False,0.63,0.71,False
marketing,low,3,250,3,False,False,0.93,0.7,False
sales,low,2,224,2,False,False,0.94,0.92,False
sales,low,4,268,3,False,False,0.92,0.81,False
sales,low,5,167,3,False,False,0.62,0.79,False
sales,low,3,168,3,False,False,0.64,0.53,False
sales,low,4,168,2,False,False,0.56,0.51,False
sales,low,5,158,3,False,False,0.9,0.78,False
sales,low,3,240,3,False,False,0.91,0.5,False
sales,medium,4,261,4,False,False,1.0,0.92,False
engineering,medium,4,176,2,False,False,0.54,0.59,False
support,medium,3,217,3,False,False,0.55,0.77,False
support,medium,5,224,2,False,False,0.87,0.74,False
support,medium,4,196,3,False,False,0.97,0.67,False
support,medium,3,223,3,False,False,0.59,0.56,False
support,medium,5,131,5,True,False,0.44,0.84,False
support,medium,2,167,2,False,False,0.77,0.53,False
support,medium,5,273,3,False,False,0.71,0.86,False
support,medium,3,98,3,False,False,0.68,0.77,False
support,medium,4,253,3,False,False,0.94,0.97,False
support,medium,5,174,3,False,False,0.87,0.69,False
support,high,3,274,2,False,False,0.9,0.73,False
engineering,low,6,174,5,False,False,0.47,0.42,False
engineering,medium,5,173,5,False,False,0.47,0.4,False
engineering,medium,2,198,4,False,False,0.41,0.33,False
management,medium,3,238,2,False,False,0.66,0.68,False
IT,medium,3,256,2,False,False,0.8,0.78,False
IT,low,3,179,2,False,False,0.6,0.92,False
IT,low,4,273,4,True,False,0.66,0.66,False
IT,low,3,104,4,False,False,0.45,0.6,False
IT,low,4,208,3,True,False,0.83,0.86,False
product_management,low,3,275,2,False,False,0.49,0.61,False
product_management,low,3,231,2,True,False,0.68,0.71,False
product_management,low,4,186,3,False,False,0.62,0.86,False
product_management,low,3,241,3,False,False,0.59,0.96,False
IT,low,3,194,2,True,False,0.54,0.7,False
management,high,4,196,3,False,True,0.49,0.38,False
management,high,6,185,3,False,True,0.75,0.39,False
management,high,2,148,2,True,True,0.4,0.49,False
management,high,4,150,3,False,True,0.62,0.78,False
management,high,5,121,5,False,True,0.79,0.74,False
management,high,4,266,3,False,True,0.76,0.82,False
sales,low,2,109,6,False,False,0.42,0.6,False
sales,low,3,143,4,False,False,0.99,0.72,False
sales,low,3,174,3,False,False,0.97,0.73,False
sales,medium,4,159,2,False,False,0.55,0.89,False
sales,medium,4,157,2,False,False,0.94,0.74,False
sales,medium,2,222,2,False,False,0.57,0.83,False
sales,medium,5,199,5,True,False,0.88,0.24,False
sales,medium,3,255,7,True,False,0.89,0.93,False
sales,medium,4,253,7,False,False,0.62,0.96,False
sales,medium,5,149,7,True,False,0.68,0.16,False
sales,medium,6,285,7,False,False,0.85,0.21,False
sales,medium,3,164,7,False,False,0.54,0.69,False
sales,medium,3,243,3,True,False,0.96,0.66,False
sales,medium,2,207,7,False,False,0.39,0.67,False
sales,medium,4,186,7,False,False,0.58,0.85,False
sales,high,4,211,7,False,False,0.92,0.37,False
sales,low,2,190,3,False,False,0.64,0.64,False
sales,medium,2,241,3,False,False,0.82,0.91,False
sales,medium,3,206,3,False,False,0.68,0.96,False
sales,medium,4,273,3,False,False,0.7,0.74,False
sales,medium,2,157,3,False,False,0.99,0.94,False
sales,low,3,183,2,False,False,0.72,0.37,False
sales,low,3,151,6,True,False,0.85,0.92,False
sales,low,3,217,3,False,False,0.72,0.86,False
sales,low,5,235,8,True,False,0.49,0.66,False
sales,low,4,127,8,False,False,0.61,0.19,False
sales,low,5,167,8,False,False,0.61,0.65,False
sales,low,3,260,8,False,False,0.44,0.92,False
sales,low,3,240,8,False,False,0.8,0.83,False
sales,low,4,187,3,False,False,0.82,0.94,False
sales,low,3,126,2,False,False,0.69,0.42,False
sales,low,6,168,3,False,False,0.53,0.78,False
sales,low,4,197,5,False,False,0.76,0.58,False
sales,low,2,170,8,False,False,0.64,0.5,False
IT,low,3,219,8,True,False,0.76,0.82,False
product_management,low,6,137,8,True,False,0.92,0.97,False
product_management,low,3,225,4,False,False,0.93,0.8,False
product_management,low,3,194,3,False,False,0.84,0.82,False
product_management,low,5,251,4,False,False,0.99,0.95,False
IT,low,5,195,4,False,False,0.51,0.88,False
management,high,3,180,7,False,True,0.86,0.5,False
management,high,2,225,7,True,True,0.8,0.53,False
management,high,3,229,7,False,True,0.74,0.82,False
management,high,6,144,7,False,True,0.74,0.15,False
management,high,3,129,3,False,True,0.7,0.92,False
management,high,3,172,10,False,True,0.74,0.53,False
marketing,medium,4,220,10,False,False,1.0,0.58,False
sales,medium,3,273,10,False,False,0.74,0.88,False
accounting,medium,3,245,10,False,False,0.72,0.85,False
support,medium,5,264,10,True,False,0.68,0.99,False
engineering,medium,3,268,10,False,False,0.73,0.94,False
management,medium,3,172,3,False,False,0.94,0.63,False
marketing,medium,3,245,3,False,False,0.9,0.85,False
marketing,medium,5,192,3,False,False,0.66,0.95,False
marketing,high,3,268,4,False,False,0.66,0.71,False
sales,low,4,244,3,False,False,0.88,0.49,False
sales,medium,4,222,4,False,False,0.69,0.71,False
sales,medium,5,239,2,False,False,0.62,0.52,False
sales,medium,3,143,4,False,False,0.72,0.48,False
sales,medium,3,160,3,False,False,0.79,0.82,False
sales,low,2,255,7,False,False,0.76,0.83,False
sales,low,4,152,7,False,False,0.87,0.85,False
sales,low,4,226,7,False,False,0.64,0.57,False
IT,low,5,266,7,False,False,0.63,0.16,False
product_management,low,5,256,7,False,False,0.64,0.85,False
product_management,low,3,198,3,True,False,0.67,0.82,False
product_management,low,4,254,7,False,False,0.89,0.9,False
product_management,low,2,104,7,False,False,0.64,0.92,False
IT,low,4,136,7,False,False,0.48,0.9,False
IT,low,5,205,3,False,False,0.8,0.82,False
IT,low,4,236,3,True,False,0.81,0.84,False
IT,low,3,176,3,False,False,0.65,0.92,False
IT,low,3,148,3,False,False,0.82,0.82,False
IT,low,4,146,3,True,False,0.8,0.8,False
IT,low,3,242,2,False,False,0.85,0.6,False
marketing,high,5,115,6,True,False,0.38,0.14,False
accounting,high,4,150,3,False,False,0.89,0.85,False
accounting,high,3,239,8,False,False,0.81,0.55,False
IT,medium,4,178,8,False,False,0.71,0.49,False
IT,medium,5,263,8,False,False,0.58,0.82,False
management,high,3,272,8,False,False,0.77,0.59,False
marketing,medium,3,133,8,False,False,0.82,0.9,False
marketing,medium,3,149,3,True,False,0.72,0.62,False
marketing,medium,3,193,2,False,False,0.68,0.61,False
sales,medium,5,174,3,True,False,0.55,0.52,False
sales,medium,4,223,5,False,False,0.87,0.79,False
sales,medium,4,201,8,False,False,0.89,0.49,False
sales,medium,2,139,8,False,False,0.67,0.73,False
sales,medium,5,241,8,False,False,0.49,0.67,False
sales,medium,4,187,4,True,False,0.61,0.52,False
sales,medium,4,192,3,False,False,0.64,0.72,False
IT,medium,5,142,4,False,False,0.5,0.48,False
product_management,medium,4,229,4,False,False,0.79,0.19,False
product_management,high,3,104,7,False,False,0.49,0.49,False
product_management,low,3,255,7,False,False,0.76,0.9,False
product_management,medium,4,212,7,False,False,0.49,0.49,False
IT,medium,2,235,7,False,False,0.53,0.6,False
IT,medium,3,237,3,True,False,0.85,0.62,False
management,high,4,253,10,False,True,0.5,0.64,False
management,high,3,193,10,False,True,0.94,0.22,False
management,high,3,259,10,True,True,0.55,0.9,False
management,high,5,266,10,False,True,0.95,0.74,False
management,high,3,185,10,False,True,0.54,0.85,False
marketing,high,3,172,10,False,True,0.65,0.33,False
IT,low,4,180,3,False,False,0.73,0.5,False
sales,low,2,157,3,False,False,0.53,0.38,True
sales,medium,5,262,6,False,False,0.86,0.8,True
sales,medium,7,272,4,False,False,0.88,0.11,True
sales,low,5,223,5,False,False,0.87,0.72,True
sales,low,2,159,3,False,False,0.52,0.37,True
sales,low,2,153,3,False,False,0.5,0.41,True
sales,low,6,247,4,False,False,0.77,0.1,True
sales,low,5,259,5,False,False,0.85,0.92,True
sales,low,5,224,5,False,False,1.0,0.89,True
sales,low,2,142,3,False,False,0.53,0.42,True
sales,low,2,135,3,False,False,0.54,0.45,True
sales,low,6,305,4,False,False,0.81,0.11,True
sales,low,4,234,5,False,False,0.92,0.84,True
sales,low,2,148,3,False,False,0.55,0.41,True
sales,low,2,137,3,False,False,0.56,0.36,True
sales,low,2,143,3,False,False,0.54,0.38,True
sales,low,2,160,3,False,False,0.47,0.45,True
sales,low,4,255,6,False,False,0.99,0.78,True
sales,low,2,160,3,True,True,0.51,0.45,True
sales,low,5,262,5,False,False,0.89,0.76,True
sales,low,6,282,4,False,False,0.83,0.11,True
sales,low,2,147,3,False,False,0.55,0.38,True
sales,low,6,304,4,False,False,0.95,0.09,True
sales,low,2,139,3,False,False,0.57,0.46,True
sales,low,2,158,3,False,False,0.53,0.4,True
sales,low,5,242,5,False,False,0.92,0.89,True
sales,low,4,239,5,False,False,0.87,0.82,True
sales,low,2,135,3,False,False,0.49,0.4,True
accounting,low,2,128,3,False,False,0.46,0.41,True
accounting,low,2,132,3,False,False,0.5,0.38,True
accounting,low,6,294,4,False,False,0.62,0.09,True
hr,low,2,134,3,False,False,0.57,0.45,True
hr,low,2,145,3,False,False,0.51,0.4,True
hr,low,2,140,3,False,False,0.55,0.45,True
hr,low,4,246,6,False,False,0.87,0.84,True
engineering,low,6,255,4,False,False,0.94,0.1,True
engineering,low,2,137,3,False,False,0.46,0.38,True
engineering,low,2,126,3,False,False,0.5,0.45,True
engineering,low,6,306,4,False,False,0.89,0.11,True
engineering,low,2,152,3,False,False,0.54,0.41,True
engineering,low,5,269,5,False,False,0.88,0.87,True
engineering,low,2,158,3,False,False,0.48,0.45,True
engineering,low,2,127,3,False,False,0.46,0.4,True
engineering,low,7,281,4,False,False,0.8,0.1,True
engineering,low,6,276,4,False,False,0.89,0.09,True
engineering,low,3,182,4,False,False,0.74,0.84,True
support,low,2,147,3,False,False,0.55,0.4,True
support,low,3,273,6,False,False,0.7,0.57,True
support,low,2,148,3,False,False,0.54,0.4,True
support,low,2,147,3,False,False,0.47,0.43,True
support,low,6,152,2,False,False,0.78,0.13,True
support,low,2,135,3,False,False,0.55,0.44,True
support,low,2,134,3,False,False,0.55,0.38,True
support,low,2,132,3,False,False,0.54,0.39,True
support,low,7,307,4,False,False,0.92,0.1,True
support,low,2,140,3,False,False,0.46,0.37,True
support,low,7,255,4,False,False,0.94,0.11,True
engineering,low,6,309,4,False,False,0.81,0.1,True
engineering,low,2,128,3,False,False,0.54,0.38,True
engineering,low,4,225,5,False,False,1.0,0.85,True
management,medium,5,226,5,False,False,0.91,0.85,True
IT,medium,7,308,4,False,False,0.93,0.11,True
IT,medium,6,244,5,False,False,0.95,0.1,True
IT,medium,2,132,3,False,False,0.56,0.36,True
IT,medium,6,286,4,False,False,0.94,0.11,True
IT,medium,6,161,4,False,False,0.7,0.81,True
product_management,medium,2,153,3,False,False,0.54,0.43,True
product_management,medium,4,264,6,False,False,0.98,0.9,True
product_management,medium,5,223,5,True,False,0.86,0.76,True
product_management,medium,2,135,3,False,False,0.5,0.43,True
IT,medium,2,277,3,False,False,0.99,0.74,True
product_management,medium,5,275,4,False,False,0.77,0.09,True
product_management,high,2,149,3,False,False,0.49,0.45,True
product_management,low,7,295,4,False,False,0.87,0.09,True
product_management,medium,6,277,4,False,False,0.97,0.11,True
product_management,medium,7,306,4,False,False,0.79,0.11,True
product_management,medium,6,295,4,False,False,0.83,0.1,True
marketing,medium,2,137,3,False,False,0.54,0.4,True
sales,low,2,157,3,False,False,0.56,0.43,True
accounting,low,2,142,3,False,False,0.56,0.39,True
support,low,2,140,3,False,False,0.54,0.45,True
engineering,low,2,151,3,False,False,0.49,0.38,True
management,low,4,139,3,False,True,0.59,0.79,True
marketing,low,4,249,6,False,False,0.85,0.84,True
marketing,low,6,291,4,False,False,0.77,0.11,True
marketing,low,6,305,4,False,False,0.87,0.11,True
sales,low,5,232,3,False,False,0.84,0.17,True
sales,low,2,132,3,False,False,0.45,0.44,True
sales,low,2,130,3,False,False,0.57,0.37,True
sales,low,6,291,4,False,False,0.79,0.1,True
sales,low,2,130,3,False,False,0.5,0.4,True
sales,low,5,246,5,False,False,1.0,0.89,True
sales,low,2,143,3,False,False,0.48,0.42,True
sales,low,2,129,3,False,False,0.55,0.46,True
sales,low,6,255,4,False,False,0.83,0.09,True
sales,low,2,155,3,False,False,0.51,0.37,True
sales,low,6,265,4,False,False,0.77,0.1,True
sales,low,6,279,4,False,False,0.84,0.1,True
sales,low,6,284,4,False,False,0.97,0.11,True
sales,medium,5,221,6,False,False,1.0,0.9,True
sales,medium,2,154,3,False,False,0.52,0.38,True
sales,medium,2,147,3,False,False,0.52,0.36,True
sales,medium,2,150,3,False,False,0.46,0.42,True
sales,medium,7,267,4,False,False,0.94,0.09,True
sales,medium,2,158,3,False,False,0.52,0.43,True
accounting,medium,7,224,5,False,False,0.46,0.24,True
accounting,medium,4,257,5,False,False,1.0,0.91,True
accounting,medium,2,148,3,False,False,0.5,0.44,True
hr,medium,3,177,4,False,False,0.87,0.71,True
hr,medium,2,155,3,False,False,0.49,0.4,True
hr,medium,2,144,3,False,False,0.47,0.43,True
hr,high,6,289,4,False,False,0.85,0.09,True
engineering,low,2,160,3,False,False,0.52,0.43,True
engineering,medium,4,258,5,False,False,0.96,0.9,True
engineering,medium,5,234,5,False,False,1.0,0.84,True
engineering,medium,2,137,3,False,False,0.48,0.37,True
engineering,medium,5,263,2,False,False,0.68,0.86,True
engineering,low,6,251,4,False,False,0.84,0.11,True
engineering,low,2,133,3,False,False,0.57,0.37,True
engineering,low,2,132,3,False,False,0.46,0.4,True
engineering,low,4,158,4,True,False,0.62,0.14,True
engineering,low,2,135,3,False,False,0.46,0.4,True
engineering,low,4,216,6,False,False,1.0,0.75,True
support,low,6,300,5,True,False,0.84,0.11,True
support,low,2,138,3,False,False,0.49,0.46,True
support,low,6,260,4,False,False,0.92,0.11,True
support,low,2,132,3,False,False,0.49,0.38,True
support,low,3,183,5,False,False,0.89,0.7,True
support,low,6,250,4,False,False,0.82,0.09,True
support,low,2,151,3,False,False,0.45,0.37,True
support,low,6,292,4,False,False,0.83,0.1,True
support,low,2,140,3,False,False,0.57,0.38,True
support,low,5,221,5,False,False,1.0,0.9,True
support,low,2,138,3,False,False,0.51,0.44,True
engineering,low,2,132,3,False,False,0.5,0.36,True
engineering,low,7,133,5,False,False,0.84,0.31,True
engineering,low,6,283,4,True,False,0.84,0.1,True
management,low,2,129,3,False,False,0.48,0.42,True
IT,low,4,249,5,False,False,1.0,0.74,True
IT,low,5,257,5,False,False,0.87,0.73,True
IT,low,6,245,4,False,False,0.96,0.09,True
IT,low,2,155,3,False,False,0.53,0.45,True
IT,low,6,256,4,False,False,0.8,0.11,True
product_management,low,2,152,3,False,False,0.47,0.37,True
product_management,low,4,267,5,False,False,0.99,0.84,True
product_management,low,2,151,3,False,False,0.46,0.41,True
product_management,low,4,239,5,False,False,0.92,0.76,True
IT,low,6,306,4,False,False,0.87,0.11,True
marketing,low,4,263,5,True,False,0.88,0.84,True
marketing,low,2,147,3,False,False,0.5,0.39,True
marketing,low,6,278,4,False,False,0.91,0.11,True
marketing,low,2,154,3,False,False,0.56,0.45,True
marketing,low,2,143,3,False,False,0.52,0.37,True
marketing,low,2,155,3,False,False,0.52,0.4,True
sales,low,2,160,3,False,False,0.48,0.39,True
accounting,low,6,304,4,False,False,0.8,0.11,True
support,low,5,240,5,False,False,1.0,0.83,True
engineering,low,6,305,4,False,False,0.92,0.11,True
management,low,2,136,3,False,False,0.5,0.39,True
marketing,low,2,132,3,False,False,0.45,0.45,True
marketing,low,7,301,4,False,False,0.95,0.1,True
marketing,low,5,243,6,False,False,0.98,0.9,True
sales,low,2,147,3,False,False,0.51,0.45,True
sales,low,5,239,5,False,False,0.89,0.79,True
sales,low,5,260,5,False,False,0.99,0.9,True
sales,low,7,296,4,False,False,0.84,0.11,True
sales,low,2,129,3,False,False,0.55,0.43,True
sales,low,5,132,5,False,False,0.54,0.31,True
sales,low,2,135,5,False,False,0.5,0.32,True
sales,low,2,158,3,False,False,0.57,0.45,True
sales,low,4,259,5,False,False,0.99,0.81,True
sales,low,2,160,3,False,True,0.46,0.41,True
sales,low,7,278,4,False,False,0.78,0.11,True
sales,low,6,284,4,False,False,0.88,0.1,True
sales,low,2,274,4,False,False,0.53,0.7,True
sales,low,4,164,2,False,False,0.74,0.54,True
sales,low,2,148,3,False,False,0.48,0.41,True
sales,medium,2,140,3,False,False,0.5,0.38,True
sales,medium,2,127,3,False,False,0.51,0.37,True
sales,medium,6,308,5,False,False,0.85,0.11,True
sales,medium,2,146,3,False,False,0.47,0.4,True
accounting,medium,6,261,4,False,False,0.84,0.1,True
accounting,medium,5,257,5,False,False,0.99,0.89,True
accounting,medium,6,285,4,False,False,0.8,0.11,True
hr,medium,2,141,3,False,False,0.55,0.36,True
hr,medium,2,127,3,False,False,0.46,0.4,True
hr,medium,6,297,4,False,False,0.85,0.09,True
hr,medium,2,143,3,False,False,0.46,0.4,True
engineering,medium,2,152,3,False,False,0.55,0.37,True
engineering,high,2,156,3,False,False,0.51,0.44,True
engineering,low,7,283,5,False,False,0.8,0.09,True
engineering,medium,4,226,6,True,False,0.87,0.92,True
engineering,medium,4,232,5,False,False,0.91,0.74,True
engineering,medium,6,249,4,False,False,0.82,0.09,True
engineering,medium,4,275,5,False,False,0.95,0.89,True
engineering,low,6,304,4,False,False,0.8,0.09,True
engineering,low,7,278,3,False,False,0.54,0.27,True
engineering,low,6,287,4,False,False,0.91,0.1,True
engineering,low,7,285,4,False,False,0.89,0.1,True
support,low,5,226,6,False,False,0.94,0.77,True
support,low,5,259,5,False,False,0.82,0.9,True
support,low,2,135,3,False,False,0.5,0.39,True
support,low,5,219,5,False,False,1.0,0.76,True
support,low,6,256,4,False,False,0.93,0.1,True
support,low,5,254,6,False,False,0.9,0.87,True
support,low,2,153,3,False,False,0.5,0.38,True
support,low,5,228,5,False,False,0.99,0.77,True
support,low,4,228,5,False,False,0.87,0.78,True
support,low,2,128,3,False,False,0.5,0.44,True
support,low,2,153,3,False,False,0.52,0.38,True
engineering,low,2,156,3,False,False,0.46,0.43,True
engineering,low,4,294,3,False,False,0.5,0.39,True
engineering,low,5,219,5,False,False,1.0,0.88,True
management,low,2,153,3,False,False,0.46,0.45,True
IT,low,2,151,3,False,False,0.53,0.4,True
IT,low,2,155,3,False,False,0.51,0.36,True
IT,low,2,158,3,False,False,0.48,0.36,True
IT,low,5,245,5,False,False,0.98,0.9,True
IT,low,2,131,3,False,False,0.53,0.43,True
product_management,low,5,225,5,False,False,0.87,0.89,True
product_management,low,6,286,4,False,False,0.84,0.1,True
product_management,low,2,135,3,False,False,0.5,0.37,True
product_management,low,2,153,3,False,False,0.51,0.37,True
IT,low,5,252,5,False,False,0.9,0.87,True
accounting,low,2,149,3,False,False,0.56,0.4,True
accounting,low,4,258,5,False,False,0.97,0.9,True
hr,low,2,158,3,False,False,0.46,0.37,True
hr,low,2,149,3,False,False,0.54,0.44,True
hr,low,5,236,5,False,False,0.95,0.85,True
marketing,low,5,239,6,False,False,0.98,0.78,True
marketing,low,2,159,3,False,False,0.47,0.42,True
sales,low,5,255,6,False,False,0.99,0.92,True
accounting,low,6,244,4,False,False,0.83,0.11,True
support,low,2,134,3,False,False,0.56,0.42,True
engineering,low,4,270,4,False,False,0.57,0.48,True
management,low,4,255,5,False,False,0.85,0.83,True
marketing,low,2,151,3,False,False,0.53,0.4,True
marketing,low,2,135,3,False,False,0.45,0.43,True
marketing,low,2,146,3,False,False,0.53,0.43,True
sales,low,7,254,4,False,False,0.97,0.1,True
sales,low,7,289,4,False,False,0.87,0.1,True
sales,low,2,156,3,False,False,0.46,0.37,True
sales,low,2,156,3,False,False,0.53,0.38,True
sales,low,2,128,3,False,False,0.5,0.4,True
sales,low,5,275,5,False,False,0.86,0.89,True
sales,low,2,155,3,False,False,0.46,0.45,True
sales,low,2,159,3,False,False,0.48,0.37,True
sales,low,2,148,3,False,False,0.49,0.46,True
sales,low,4,228,5,False,False,0.91,0.87,True
sales,low,6,298,4,False,False,0.84,0.11,True
sales,low,5,261,5,False,False,0.87,0.79,True
sales,low,5,254,6,False,False,0.92,0.79,True
sales,low,7,192,3,False,False,0.59,0.19,True
sales,low,4,248,5,False,False,0.98,0.87,True
sales,low,2,258,5,False,False,0.92,0.6,True
sales,medium,2,156,3,False,False,0.45,0.44,True
sales,medium,6,266,4,True,False,0.81,0.11,True
sales,medium,2,156,3,False,False,0.54,0.42,True
accounting,medium,5,232,5,True,False,0.88,0.88,True
accounting,medium,6,287,4,False,False,0.84,0.11,True
accounting,medium,2,154,3,False,False,0.46,0.46,True
hr,medium,5,263,5,False,False,0.97,0.82,True
hr,medium,2,131,3,False,False,0.56,0.44,True
hr,medium,6,260,4,False,False,0.78,0.11,True
hr,medium,2,139,3,False,False,0.5,0.42,True
engineering,medium,4,251,5,False,False,0.93,0.84,True
engineering,medium,6,286,4,False,False,0.95,0.11,True
engineering,high,2,129,3,False,False,0.53,0.45,True
engineering,low,2,156,3,False,False,0.56,0.38,True
engineering,medium,6,139,6,False,False,0.86,0.38,True
engineering,medium,2,127,3,False,False,0.51,0.44,True
engineering,medium,6,251,4,False,False,0.84,0.11,True
engineering,medium,5,270,5,False,False,0.93,0.81,True
engineering,low,6,296,4,False,False,0.96,0.09,True
engineering,low,6,254,4,False,False,0.9,0.11,True
engineering,low,5,238,6,False,False,0.95,0.81,True
support,low,6,267,4,True,False,0.97,0.1,True
support,low,5,229,6,False,False,0.89,0.74,True
support,low,6,254,4,False,False,0.78,0.09,True
support,low,4,233,4,True,False,0.81,0.82,True
support,low,6,268,4,False,False,0.98,0.1,True
support,low,3,301,3,False,False,0.56,0.27,True
support,low,5,267,6,False,False,0.92,0.83,True
support,low,6,289,4,True,False,0.93,0.1,True
support,low,2,144,3,False,False,0.47,0.38,True
support,low,2,148,3,False,False,0.56,0.4,True
support,low,6,306,4,False,False,0.83,0.11,True
engineering,low,6,292,4,False,True,0.79,0.11,True
engineering,low,5,232,5,False,False,0.91,0.82,True
engineering,low,2,137,3,False,False,0.48,0.36,True
management,low,2,128,3,False,False,0.46,0.4,True
IT,low,5,231,5,False,False,0.84,0.87,True
IT,low,2,146,3,False,False,0.49,0.41,True
IT,low,6,308,4,True,False,0.91,0.11,True
IT,medium,6,253,4,False,False,0.93,0.1,True
IT,medium,2,146,3,False,False,0.51,0.38,True
product_management,medium,2,156,3,False,False,0.55,0.39,True
product_management,medium,2,147,3,False,False,0.52,0.4,True
product_management,medium,2,136,3,False,False,0.48,0.45,True
product_management,medium,5,249,5,False,False,0.84,0.74,True
IT,medium,2,151,3,False,False,0.55,0.45,True
r&d,medium,3,278,4,False,False,1.0,0.12,True
r&d,medium,7,250,5,False,False,0.77,0.1,True
r&d,medium,2,127,3,False,False,0.55,0.37,True
r&d,medium,5,255,5,False,False,0.87,0.89,True
r&d,medium,2,135,3,False,False,0.47,0.45,True
marketing,high,2,149,3,False,False,0.46,0.37,True
sales,low,5,287,4,False,False,0.81,0.11,True
accounting,medium,2,145,3,False,False,0.48,0.41,True
support,medium,6,285,4,False,False,0.94,0.1,True
engineering,medium,7,305,4,False,False,0.93,0.1,True
management,medium,7,300,4,False,False,0.95,0.11,True
marketing,low,2,139,3,False,False,0.54,0.4,True
marketing,low,2,130,3,False,False,0.49,0.41,True
marketing,low,6,268,4,False,False,0.81,0.1,True
sales,low,4,245,6,False,False,0.86,0.73,True
sales,low,2,135,3,False,False,0.47,0.43,True
sales,low,2,153,3,False,False,0.46,0.37,True
sales,low,6,276,4,False,False,0.94,0.11,True
sales,low,2,130,3,False,False,0.46,0.4,True
sales,low,2,153,3,True,False,0.54,0.41,True
sales,low,5,244,5,False,False,0.84,0.82,True
sales,low,2,253,3,False,False,0.47,0.61,True
sales,low,7,287,4,False,False,0.91,0.11,True
sales,low,2,131,3,False,False,0.45,0.37,True
sales,low,2,135,3,False,False,0.52,0.41,True
sales,low,2,157,3,False,False,0.52,0.37,True
sales,low,5,262,6,False,False,0.99,0.88,True
sales,low,6,266,4,False,False,0.85,0.1,True
sales,low,2,148,3,False,False,0.48,0.44,True
sales,low,2,140,3,False,False,0.57,0.38,True
sales,low,7,302,4,False,False,0.85,0.11,True
sales,low,6,271,4,False,False,0.98,0.09,True
sales,medium,2,145,3,False,False,0.52,0.45,True
accounting,medium,6,290,4,False,False,0.81,0.1,True
accounting,medium,2,151,3,False,False,0.47,0.45,True
accounting,medium,5,266,5,False,False,0.87,0.77,True
hr,medium,2,140,3,False,False,0.51,0.44,True
hr,medium,2,142,3,False,False,0.5,0.39,True
hr,medium,6,246,4,False,False,0.91,0.1,True
hr,medium,7,308,5,False,False,0.89,0.09,True
engineering,medium,2,141,3,False,False,0.47,0.37,True
engineering,medium,5,232,5,False,False,1.0,0.9,True
engineering,medium,2,143,3,False,False,0.56,0.41,True
engineering,medium,2,155,3,False,False,0.52,0.37,True
engineering,high,6,278,4,False,False,0.86,0.1,True
engineering,low,4,253,5,False,False,1.0,0.81,True
engineering,medium,6,282,4,False,False,0.8,0.11,True
engineering,medium,7,264,4,False,False,0.84,0.11,True
engineering,medium,2,149,3,False,False,0.46,0.4,True
engineering,medium,6,304,5,False,False,0.8,0.09,True
engineering,low,3,219,6,False,False,0.93,0.48,True
support,low,4,262,6,False,False,0.91,0.91,True
support,low,2,135,3,False,False,0.57,0.43,True
support,low,6,219,5,False,False,0.88,0.33,True
support,low,2,136,3,False,False,0.57,0.41,True
support,low,2,154,3,False,False,0.55,0.41,True
support,low,2,149,3,False,False,0.54,0.37,True
support,low,6,135,5,False,False,0.62,0.31,True
support,low,6,275,4,False,False,0.91,0.09,True
support,low,6,290,4,False,False,0.87,0.1,True
support,low,4,263,5,False,False,0.9,0.76,True
support,low,2,145,3,False,False,0.54,0.41,True
engineering,low,5,267,5,False,False,0.96,0.72,True
engineering,low,2,141,3,True,False,0.5,0.4,True
engineering,low,4,235,5,False,False,0.87,0.91,True
management,low,6,258,4,False,False,0.83,0.1,True
IT,low,2,131,3,False,False,0.56,0.4,True
IT,low,5,243,5,False,False,0.86,0.82,True
IT,low,6,266,4,False,False,0.82,0.1,True
IT,low,2,142,3,False,False,0.45,0.37,True
IT,low,2,135,3,False,False,0.51,0.36,True
product_management,medium,2,141,3,False,False,0.48,0.39,True
product_management,medium,2,142,3,False,False,0.57,0.36,True
product_management,medium,5,254,5,False,False,0.84,0.86,True
product_management,medium,5,262,5,False,False,0.99,0.73,True
IT,medium,4,296,2,False,False,0.71,0.56,True
accounting,medium,2,158,3,False,False,0.56,0.44,True
accounting,medium,4,238,2,False,False,0.56,0.31,True
hr,medium,4,231,5,False,False,0.93,0.77,True
hr,medium,2,156,3,False,False,0.45,0.44,True
hr,medium,2,145,3,False,False,0.46,0.38,True
marketing,medium,2,144,3,False,False,0.48,0.45,True
sales,medium,2,159,3,False,False,0.51,0.38,True
accounting,high,2,156,3,False,False,0.48,0.36,True
support,low,5,256,5,False,False,0.9,0.75,True
engineering,medium,6,298,4,False,False,0.93,0.1,True
management,medium,6,247,4,False,False,0.97,0.1,True
marketing,medium,2,157,3,False,False,0.5,0.45,True
marketing,medium,2,154,3,True,False,0.57,0.42,True
marketing,low,4,253,5,False,False,1.0,0.78,True
sales,low,2,148,3,False,False,0.55,0.45,True
sales,low,4,261,5,False,False,1.0,0.84,True
sales,low,6,282,4,False,False,0.93,0.11,True
sales,low,2,133,3,False,False,0.56,0.42,True
sales,low,2,128,3,False,False,0.46,0.45,True
sales,low,2,139,3,False,False,0.57,0.46,True
sales,low,6,293,5,False,False,0.79,0.09,True
sales,low,4,265,6,False,False,0.83,0.87,True
sales,low,6,250,4,False,False,0.87,0.1,True
sales,low,5,251,6,False,False,1.0,0.91,True
sales,low,4,246,5,False,False,0.92,0.76,True
sales,low,5,275,5,False,False,1.0,0.74,True
sales,low,5,240,5,False,False,0.93,0.92,True
sales,low,5,245,5,False,False,0.87,0.76,True
sales,low,4,254,4,False,False,0.5,0.47,True
sales,low,5,241,5,False,False,0.99,0.73,True
sales,low,6,257,4,False,False,0.94,0.09,True
sales,low,4,246,5,False,False,0.92,0.91,True
sales,low,4,233,5,False,False,0.98,0.82,True
accounting,low,6,218,4,False,False,0.45,0.28,True
accounting,medium,4,262,6,False,False,0.99,0.84,True
accounting,medium,2,138,3,False,False,0.53,0.45,True
hr,medium,2,142,3,False,False,0.54,0.45,True
hr,medium,5,233,5,False,False,0.97,0.91,True
hr,medium,2,155,3,False,False,0.48,0.42,True
hr,medium,4,229,6,False,False,1.0,0.82,True
engineering,medium,6,264,4,False,False,0.9,0.11,True
engineering,medium,3,199,4,False,False,0.53,0.42,True
engineering,medium,4,223,5,False,False,0.85,0.82,True
engineering,medium,6,268,4,False,False,0.96,0.09,True
engineering,medium,6,287,4,False,False,0.94,0.1,True
engineering,medium,5,257,5,False,False,1.0,0.86,True
engineering,high,2,143,3,False,False,0.46,0.4,True
engineering,low,2,130,3,False,False,0.46,0.45,True
engineering,medium,2,136,3,False,False,0.51,0.42,True
engineering,medium,4,261,5,False,False,0.92,0.74,True
engineering,medium,3,180,4,False,False,0.6,0.55,True
support,medium,2,126,3,False,False,0.45,0.37,True
support,low,2,127,3,True,False,0.52,0.41,True
support,low,5,195,6,False,False,0.65,0.89,True
support,low,2,160,3,False,False,0.57,0.41,True
support,low,2,150,3,False,False,0.51,0.44,True
support,low,4,264,6,False,False,0.84,0.87,True
support,low,6,309,4,False,False,0.84,0.1,True
support,low,2,135,3,False,False,0.47,0.41,True
support,low,6,261,4,False,False,0.85,0.11,True
support,low,2,160,3,False,False,0.53,0.43,True
support,low,4,237,5,False,False,0.9,0.77,True
engineering,low,2,136,3,False,False,0.52,0.41,True
engineering,low,2,139,3,False,False,0.48,0.41,True
engineering,low,2,151,4,False,False,0.78,0.36,True
management,low,5,229,5,False,False,1.0,0.77,True
IT,low,5,245,5,False,False,0.98,0.81,True
IT,low,2,127,3,False,False,0.54,0.39,True
IT,low,6,283,5,False,False,0.94,0.09,True
IT,low,2,143,3,False,False,0.46,0.44,True
IT,low,5,298,4,False,False,0.84,0.1,True
product_management,low,2,159,3,False,False,0.48,0.36,True
product_management,low,5,239,5,False,False,0.92,0.81,True
product_management,medium,4,226,5,False,False,0.9,0.81,True
product_management,medium,5,248,5,False,False,0.98,0.85,True
IT,medium,6,286,4,False,False,0.87,0.1,True
r&d,medium,2,145,3,False,False,0.54,0.37,True
r&d,medium,7,254,4,True,False,0.97,0.09,True
r&d,medium,2,127,3,False,False,0.53,0.44,True
r&d,medium,5,223,5,False,False,0.93,0.86,True
r&d,medium,4,255,5,False,False,1.0,0.77,True
marketing,medium,2,136,3,False,False,0.48,0.41,True
sales,medium,2,137,3,False,False,0.48,0.4,True
accounting,medium,2,135,3,False,False,0.49,0.43,True
support,medium,2,137,3,False,False,0.5,0.43,True
engineering,high,3,255,5,False,False,0.53,0.8,True
management,low,4,273,5,False,False,0.85,0.8,True
marketing,medium,5,234,5,False,False,0.98,0.82,True
marketing,medium,2,152,3,False,False,0.54,0.37,True
marketing,medium,2,134,3,False,False,0.48,0.37,True
sales,medium,6,292,4,False,False,0.95,0.09,True
sales,low,5,245,5,False,False,0.92,0.9,True
sales,low,2,159,3,False,False,0.52,0.41,True
sales,low,6,260,4,False,False,0.85,0.1,True
sales,low,2,149,3,False,False,0.53,0.44,True
sales,low,5,266,5,False,False,0.85,0.89,True
sales,low,2,149,3,False,False,0.56,0.42,True
sales,low,5,242,5,False,False,1.0,0.87,True
sales,low,2,134,3,False,False,0.57,0.45,True
sales,low,5,271,4,False,False,0.87,0.11,True
sales,low,6,275,4,False,False,0.79,0.09,True
sales,low,5,227,5,False,False,0.83,0.76,True
sales,low,7,277,5,False,False,0.96,0.11,True
sales,low,2,151,3,False,False,0.49,0.37,True
sales,low,6,274,4,False,False,0.79,0.1,True
sales,low,4,242,6,False,False,0.87,0.77,True
sales,low,2,143,3,True,False,0.54,0.42,True
sales,low,2,145,3,False,False,0.52,0.38,True
sales,low,5,172,2,False,False,0.95,0.32,True
accounting,low,2,135,3,False,False,0.49,0.38,True
accounting,low,4,192,4,False,False,1.0,0.19,True
accounting,low,7,276,4,False,False,0.83,0.1,True
hr,medium,4,206,4,False,False,0.88,0.76,True
hr,medium,4,281,6,False,False,0.56,0.53,True
hr,medium,2,151,3,False,False,0.51,0.39,True
hr,medium,6,244,4,False,False,0.83,0.11,True
engineering,medium,6,309,4,False,False,0.94,0.1,True
engineering,medium,5,218,5,False,False,1.0,0.84,True
engineering,medium,4,263,6,False,False,0.99,0.82,True
engineering,medium,6,244,4,False,False,0.82,0.1,True
engineering,medium,7,263,4,False,False,0.49,0.59,True
engineering,medium,2,143,3,False,False,0.48,0.44,True
engineering,medium,2,181,5,False,False,0.95,0.89,True
engineering,medium,5,265,5,False,False,0.84,0.91,True
engineering,high,5,161,5,False,False,0.57,0.66,True
engineering,low,7,282,5,False,False,0.87,0.11,True
engineering,medium,2,155,3,False,False,0.51,0.43,True
support,medium,4,217,6,False,False,0.83,0.78,True
support,medium,6,289,5,False,False,0.97,0.11,True
support,medium,4,259,5,False,False,0.98,0.83,True
support,low,2,158,3,False,False,0.54,0.39,True
support,low,2,158,3,False,False,0.55,0.38,True
support,low,2,155,3,False,False,0.57,0.37,True
support,low,2,146,3,False,False,0.48,0.44,True
support,low,2,164,5,False,False,0.85,0.53,True
support,low,6,259,4,False,False,0.96,0.09,True
support,low,6,293,4,False,False,0.89,0.11,True
support,low,5,275,5,False,False,0.96,0.83,True
engineering,low,5,219,6,True,False,1.0,0.88,True
engineering,low,6,247,4,False,False,0.89,0.1,True
engineering,low,7,309,4,False,False,0.86,0.09,True
management,low,2,151,3,False,False,0.54,0.44,True
IT,low,2,129,3,False,False,0.51,0.39,True
IT,low,4,274,5,False,False,0.94,0.87,True
IT,low,4,233,5,False,False,0.99,0.74,True
IT,low,7,289,4,False,False,0.95,0.1,True
IT,low,4,239,6,False,False,0.82,0.74,True
product_management,low,5,221,5,False,False,0.99,0.75,True
product_management,low,2,150,3,False,False,0.56,0.41,True
product_management,low,2,144,3,True,False,0.45,0.41,True
product_management,low,7,289,4,False,False,0.9,0.09,True
IT,medium,6,301,5,False,False,0.8,0.09,True
accounting,medium,2,145,3,False,False,0.57,0.39,True
accounting,medium,2,137,3,False,False,0.56,0.4,True
hr,medium,2,131,3,True,False,0.54,0.37,True
hr,medium,6,246,4,False,False,0.84,0.1,True
hr,medium,2,136,3,False,False,0.51,0.43,True
marketing,medium,5,240,6,True,False,0.85,0.75,True
sales,medium,2,156,3,False,False,0.56,0.37,True
accounting,medium,6,305,4,False,False,0.85,0.11,True
support,medium,2,154,3,True,False,0.45,0.45,True
engineering,medium,5,261,5,True,False,1.0,0.87,True
management,medium,7,244,4,False,False,0.94,0.11,True
marketing,high,2,129,3,False,False,0.54,0.45,True
marketing,low,4,254,5,False,False,0.87,0.81,True
marketing,medium,5,236,5,False,False,0.91,0.77,True
sales,medium,5,237,5,False,False,0.92,0.89,True
sales,medium,2,135,3,False,False,0.49,0.43,True
sales,medium,5,236,5,False,False,1.0,0.78,True
sales,low,2,149,3,False,False,0.47,0.37,True
sales,low,2,141,3,False,False,0.5,0.37,True
sales,low,4,270,5,False,False,0.82,0.85,True
sales,low,2,138,3,False,False,0.47,0.41,True
sales,low,6,298,4,False,False,0.96,0.11,True
sales,low,5,254,5,False,False,0.99,0.75,True
sales,low,5,248,5,False,False,0.85,0.82,True
sales,low,5,257,6,False,False,1.0,0.79,True
sales,low,2,150,3,False,False,0.53,0.43,True
sales,low,7,281,4,False,False,0.9,0.1,True
sales,low,2,141,3,True,False,0.48,0.46,True
sales,low,2,157,3,False,False,0.57,0.43,True
sales,low,2,136,3,False,False,0.55,0.43,True
sales,low,7,296,4,False,False,0.8,0.11,True
sales,low,6,279,4,False,False,0.86,0.09,True
sales,low,2,131,3,False,False,0.53,0.37,True
accounting,low,2,160,3,False,False,0.57,0.4,True
accounting,low,7,291,4,False,False,0.77,0.1,True
accounting,low,2,157,3,False,False,0.53,0.41,True
hr,low,3,294,4,False,False,0.58,0.79,True
hr,low,7,310,4,False,False,0.79,0.11,True
hr,medium,6,282,4,False,False,0.97,0.1,True
hr,medium,2,134,3,False,False,0.51,0.44,True
engineering,medium,4,214,4,False,False,0.46,0.25,True
engineering,medium,2,137,3,False,False,0.52,0.44,True
engineering,medium,4,252,5,False,False,1.0,0.73,True
engineering,medium,5,243,6,False,False,0.97,0.75,True
engineering,medium,2,148,3,False,False,0.47,0.36,True
engineering,medium,2,151,3,False,False,0.49,0.37,True
engineering,medium,2,129,3,False,False,0.49,0.39,True
engineering,medium,2,198,2,False,False,0.78,0.48,True
engineering,medium,4,275,6,False,False,0.72,0.57,True
engineering,medium,5,243,5,False,False,0.96,0.9,True
engineering,high,2,159,3,False,False,0.55,0.39,True
support,low,2,145,3,False,False,0.51,0.44,True
support,medium,5,242,5,False,False,0.88,0.81,True
support,medium,5,242,5,False,False,0.87,0.74,True
support,medium,2,145,3,False,False,0.56,0.44,True
support,medium,2,154,3,False,True,0.56,0.41,True
support,low,2,139,3,False,False,0.51,0.4,True
support,low,2,152,3,False,False,0.57,0.46,True
support,low,2,211,3,False,False,0.83,0.8,True
support,low,5,258,5,False,False,0.9,0.87,True
support,low,2,155,3,False,False,0.54,0.39,True
support,low,2,148,3,False,False,0.55,0.38,True
engineering,low,2,255,3,False,False,0.67,0.66,True
engineering,low,6,264,4,False,False,0.8,0.1,True
engineering,low,2,132,3,False,False,0.54,0.37,True
management,low,6,255,4,False,False,0.77,0.1,True
IT,low,5,263,4,False,False,0.87,0.09,True
IT,low,5,222,5,False,False,0.84,0.86,True
IT,low,6,263,4,False,False,0.9,0.11,True
IT,low,2,157,3,False,False,0.46,0.37,True
IT,low,7,307,4,False,False,0.92,0.11,True
product_management,low,5,259,6,False,False,0.98,0.77,True
product_management,low,5,222,6,False,False,0.94,0.84,True
product_management,low,7,250,4,False,False,0.84,0.1,True
product_management,low,5,245,5,False,False,0.9,0.83,True
IT,low,6,292,4,False,False,0.79,0.11,True
r&d,low,5,252,5,False,False,0.92,0.86,True
r&d,medium,2,161,3,False,False,0.56,0.38,True
r&d,medium,5,250,4,False,False,0.88,0.11,True
r&d,medium,2,134,3,False,False,0.49,0.45,True
r&d,medium,7,279,4,False,False,0.85,0.1,True
marketing,medium,7,256,4,False,False,0.95,0.09,True
sales,medium,2,127,3,False,False,0.53,0.39,True
accounting,medium,2,138,3,True,False,0.47,0.37,True
support,medium,5,243,5,False,False,0.97,0.81,True
engineering,medium,7,296,4,False,False,0.9,0.09,True
management,medium,7,267,4,False,False,0.88,0.1,True
marketing,medium,2,144,3,False,False,0.49,0.39,True
marketing,medium,4,251,5,False,False,0.95,0.83,True
marketing,high,2,148,3,False,False,0.57,0.45,True
sales,low,2,141,3,False,False,0.51,0.43,True
sales,medium,3,268,2,False,False,0.75,0.8,True
sales,medium,6,247,4,False,False,0.86,0.1,True
sales,medium,2,247,4,False,False,0.55,0.1,True
sales,medium,2,146,3,False,False,0.52,0.36,True
sales,low,2,140,3,False,False,0.5,0.38,True
sales,low,5,263,6,False,False,0.98,0.78,True
sales,low,2,145,3,False,False,0.49,0.44,True
sales,low,2,156,3,True,False,0.46,0.41,True
sales,low,5,244,6,False,False,0.85,0.72,True
sales,low,2,144,3,False,False,0.54,0.46,True
sales,low,7,286,4,False,False,0.9,0.1,True
sales,low,4,141,2,False,False,0.67,0.34,True
sales,low,6,260,5,False,False,0.89,0.11,True
sales,low,2,154,3,False,False,0.56,0.38,True
sales,low,5,225,5,False,False,0.92,0.82,True
sales,low,2,127,3,False,False,0.57,0.39,True
sales,low,2,140,3,False,False,0.53,0.44,True
sales,low,2,147,3,False,False,0.52,0.43,True
accounting,low,4,227,5,False,False,0.83,0.84,True
accounting,low,2,153,3,False,False,0.48,0.43,True
accounting,low,2,128,3,False,False,0.52,0.37,True
hr,low,4,228,5,False,False,0.97,0.74,True
hr,low,5,235,5,False,False,0.97,0.73,True
hr,low,2,148,3,False,False,0.47,0.37,True
hr,low,4,238,3,False,False,0.62,0.58,True
engineering,medium,2,141,3,False,False,0.54,0.4,True
engineering,medium,5,249,4,False,False,0.83,0.51,True
engineering,medium,2,151,3,False,False,0.5,0.46,True
engineering,medium,2,129,3,False,False,0.54,0.45,True
engineering,medium,2,156,3,False,False,0.5,0.46,True
engineering,medium,2,134,3,False,False,0.45,0.39,True
engineering,medium,6,269,4,False,False,0.88,0.09,True
engineering,medium,6,290,4,False,False,0.77,0.09,True
engineering,medium,2,132,3,False,False,0.51,0.37,True
engineering,medium,7,308,4,False,False,0.89,0.1,True
engineering,medium,4,232,5,False,False,1.0,0.77,True
support,medium,5,235,5,False,False,0.86,0.79,True
support,high,2,130,3,False,False,0.55,0.43,True
support,low,2,146,3,False,False,0.53,0.38,True
support,medium,5,221,6,False,False,0.91,0.77,True
support,medium,2,130,3,False,False,0.5,0.44,True
support,medium,2,136,3,False,False,0.46,0.39,True
support,medium,5,274,6,False,False,0.89,0.78,True
support,low,6,256,5,False,False,0.79,0.1,True
support,low,5,276,4,False,False,0.77,0.1,True
support,low,5,267,5,False,False,0.85,0.75,True
support,low,6,213,3,False,False,0.62,0.46,True
engineering,low,4,274,6,False,False,0.97,0.91,True
engineering,low,6,258,4,False,False,0.92,0.1,True
engineering,low,3,153,5,False,False,0.6,0.72,True
management,low,6,245,4,False,False,0.95,0.11,True
IT,low,6,264,4,False,False,0.94,0.11,True
IT,low,2,154,3,False,False,0.57,0.46,True
IT,low,2,149,3,False,False,0.46,0.37,True
IT,low,2,157,3,False,False,0.5,0.46,True
IT,low,2,127,3,False,False,0.57,0.43,True
product_management,low,6,270,4,False,False,0.82,0.11,True
product_management,low,5,236,6,False,False,0.89,0.73,True
product_management,low,2,158,3,False,False,0.47,0.43,True
product_management,low,5,229,5,False,False,1.0,0.86,True
IT,low,6,269,4,False,False,0.83,0.1,True
sales,low,2,128,3,False,False,0.49,0.4,True
sales,low,7,278,4,False,False,0.87,0.11,True
sales,low,3,158,5,False,False,0.98,0.86,True
sales,medium,3,202,3,False,False,1.0,0.42,True
sales,medium,4,240,5,False,False,0.84,0.79,True
marketing,medium,7,255,4,False,False,0.96,0.1,True
sales,medium,7,254,4,False,False,0.92,0.09,True
accounting,medium,6,257,4,False,False,0.82,0.09,True
support,medium,4,228,5,False,False,1.0,0.87,True
engineering,medium,2,145,3,False,False,0.49,0.36,True
management,medium,3,218,4,False,False,0.75,0.42,True
marketing,medium,5,268,5,False,False,0.86,0.84,True
marketing,medium,6,278,4,False,False,0.83,0.1,True
marketing,medium,3,249,5,False,False,0.71,0.78,True
sales,medium,3,236,4,False,False,0.99,0.35,True
sales,high,7,291,4,False,False,0.81,0.1,True
sales,low,6,306,4,False,False,0.8,0.11,True
sales,medium,2,135,3,False,False,0.48,0.43,True
sales,medium,2,156,3,False,False,0.45,0.38,True
sales,medium,2,143,3,False,False,0.54,0.46,True
sales,medium,4,243,5,False,False,0.82,0.89,True
sales,low,2,147,3,False,False,0.5,0.45,True
sales,low,2,159,3,False,False,0.53,0.44,True
sales,low,5,216,3,False,False,0.54,0.74,True
sales,low,2,152,3,False,False,0.54,0.45,True
sales,low,4,226,5,False,False,0.93,0.79,True
sales,low,5,271,5,False,False,0.91,0.79,True
sales,low,6,255,4,False,False,0.87,0.11,True
sales,low,2,140,3,False,False,0.48,0.42,True
sales,low,6,252,2,False,False,0.9,0.64,True
sales,low,2,159,3,False,False,0.55,0.4,True
sales,low,5,270,5,False,False,0.98,0.84,True
sales,low,5,232,5,False,False,0.92,0.73,True
accounting,low,2,144,3,False,False,0.51,0.4,True
accounting,low,2,127,3,False,False,0.45,0.36,True
accounting,low,2,131,3,False,False,0.47,0.43,True
hr,low,6,243,4,False,False,0.78,0.11,True
hr,low,5,244,6,False,False,1.0,0.91,True
hr,low,5,260,5,False,False,1.0,0.8,True
hr,low,2,139,3,False,False,0.49,0.42,True
engineering,low,4,184,3,False,False,0.87,0.31,True
engineering,low,2,130,3,False,False,0.47,0.44,True
engineering,medium,2,135,3,False,False,0.54,0.38,True
engineering,medium,2,146,3,False,False,0.56,0.45,True
engineering,medium,2,149,3,False,False,0.46,0.43,True
engineering,medium,2,153,3,True,False,0.46,0.45,True
engineering,medium,2,160,3,False,False,0.57,0.43,True
engineering,medium,2,160,3,False,False,0.49,0.43,True
engineering,medium,6,282,4,False,False,0.83,0.09,True
engineering,medium,2,128,3,False,False,0.47,0.43,True
engineering,medium,4,232,5,False,False,0.94,0.79,True
support,medium,3,226,2,False,False,0.58,0.85,True
support,medium,2,129,3,False,False,0.45,0.38,True
support,medium,7,255,4,False,False,0.92,0.11,True
support,high,5,258,5,False,False,0.99,0.83,True
support,low,4,229,5,False,False,0.91,0.81,True
support,medium,2,143,3,False,False,0.56,0.42,True
support,medium,6,257,4,False,False,0.87,0.11,True
support,medium,7,275,4,False,False,0.85,0.11,True
support,medium,7,291,4,False,False,0.89,0.1,True
support,low,5,153,4,False,False,0.54,0.5,True
support,low,2,154,3,False,False,0.49,0.44,True
engineering,low,6,301,4,False,False,0.9,0.11,True
engineering,low,2,134,3,False,False,0.52,0.39,True
engineering,low,6,245,4,False,False,0.78,0.11,True
management,low,2,132,3,False,False,0.5,0.36,True
IT,low,2,130,3,False,False,0.51,0.43,True
IT,low,2,127,3,False,False,0.5,0.4,True
IT,low,4,246,6,False,False,0.84,0.86,True
IT,low,2,145,3,False,False,0.49,0.38,True
IT,low,2,138,3,False,True,0.45,0.46,True
product_management,low,2,129,3,False,False,0.57,0.37,True
product_management,low,2,150,3,False,False,0.52,0.43,True
product_management,low,5,253,5,False,False,0.93,0.66,True
product_management,low,2,160,3,False,False,0.48,0.37,True
IT,low,5,235,5,False,False,0.92,0.77,True
sales,low,2,151,3,False,False,0.55,0.38,True
sales,low,2,127,3,False,False,0.54,0.39,True
sales,low,2,151,3,False,False,0.55,0.41,True
sales,low,7,290,4,False,False,0.9,0.1,True
sales,low,6,249,4,False,False,0.93,0.09,True
marketing,medium,2,131,3,False,False,0.47,0.41,True
sales,medium,2,159,3,False,False,0.46,0.39,True
accounting,medium,4,223,5,False,False,0.99,0.83,True
support,medium,3,214,2,False,False,0.87,0.09,True
engineering,medium,5,227,5,False,False,0.81,0.75,True
management,medium,2,127,3,False,False,0.54,0.44,True
marketing,medium,6,293,5,False,False,0.84,0.1,True
marketing,medium,2,141,3,False,False,0.46,0.42,True
marketing,medium,6,300,4,False,False,0.83,0.1,True
sales,medium,6,309,4,False,False,0.86,0.1,True
sales,medium,4,149,3,False,False,0.77,0.31,True
sales,medium,2,159,3,False,False,0.54,0.42,True
sales,high,2,152,3,False,False,0.5,0.38,True
sales,low,2,158,3,False,False,0.57,0.39,True
sales,medium,6,254,5,False,False,0.97,0.1,True
sales,medium,6,294,4,False,False,0.93,0.11,True
sales,medium,7,269,4,False,False,0.92,0.1,True
sales,medium,7,247,4,False,False,0.9,0.11,True
sales,low,3,271,4,False,False,0.65,0.44,True
sales,low,4,232,5,False,False,0.96,0.91,True
sales,low,4,245,5,False,False,1.0,0.72,True
engineering,low,3,225,3,False,False,0.66,0.66,False
engineering,low,6,236,4,False,False,0.69,0.2,False
engineering,low,3,268,3,True,False,0.78,0.97,False
engineering,low,2,230,3,False,False,0.73,0.59,False
engineering,low,4,162,2,False,False,0.6,0.88,False
engineering,low,4,197,2,False,False,0.73,0.16,False
support,low,3,247,3,False,False,0.96,0.61,False
support,low,4,234,3,False,False,0.79,0.52,False
support,low,4,276,4,False,False,0.49,0.82,False
support,medium,5,217,2,False,False,0.94,0.75,False
support,medium,4,156,2,False,False,0.5,0.62,False
support,medium,3,189,2,False,False,0.88,0.91,False
support,medium,2,238,4,False,False,0.98,0.61,False
support,medium,3,201,6,True,False,0.77,0.79,False
support,medium,4,263,3,True,False,0.93,0.9,False
support,medium,3,146,3,False,False,0.83,0.75,False
support,medium,4,213,3,False,False,0.64,0.81,False
engineering,medium,3,159,2,False,False,0.88,0.59,False
engineering,medium,3,236,3,True,False,0.83,0.56,False
engineering,medium,5,257,4,False,False,0.79,0.98,False
management,medium,4,168,4,False,False,0.72,0.59,False
IT,high,4,151,3,False,False,0.67,0.61,False
IT,low,4,139,3,False,False,0.7,0.78,False
IT,medium,5,196,3,False,False,0.93,0.55,False
IT,medium,4,237,5,False,False,0.97,0.2,False
IT,medium,2,236,3,False,False,0.44,0.79,False
product_management,medium,4,265,3,False,False,0.98,0.52,False
product_management,low,4,207,3,False,False,0.52,0.97,False
product_management,low,4,219,3,False,False,0.94,0.63,False
product_management,low,3,208,2,False,False,0.99,0.85,False
IT,low,3,240,3,False,False,0.74,0.59,False
r&d,low,3,135,3,False,False,0.6,0.64,False
r&d,low,3,236,3,True,False,0.67,0.8,False
r&d,low,3,140,3,False,False,0.75,0.61,False
r&d,low,3,162,2,False,False,0.61,0.87,False
r&d,medium,3,117,3,True,False,0.59,0.75,False
marketing,medium,4,225,3,False,False,0.51,0.96,False
sales,medium,3,211,3,False,False,0.92,0.75,False
accounting,medium,4,173,5,False,False,0.58,0.19,False
support,medium,4,170,3,False,False,0.97,0.52,False
engineering,medium,3,242,3,False,False,0.6,0.6,False
management,medium,4,175,3,False,False,0.81,0.9,False
marketing,medium,3,195,2,False,False,0.92,0.89,False
marketing,medium,4,184,2,True,False,0.93,0.54,False
marketing,medium,3,170,3,False,False,0.55,0.99,False
sales,medium,4,185,3,False,False,0.56,0.66,False
sales,medium,4,259,2,False,False,0.64,0.92,False
sales,medium,4,102,3,False,False,0.72,0.19,False
sales,medium,5,156,4,False,False,0.37,0.39,False
sales,medium,3,191,4,False,False,0.68,0.41,False
sales,medium,3,239,2,False,False,0.49,0.6,False
sales,medium,4,235,4,False,False,0.54,0.95,False
sales,medium,2,130,4,False,False,0.87,0.51,False
sales,medium,2,166,3,False,False,0.74,0.54,False
sales,medium,5,206,5,False,False,0.54,0.16,False
sales,medium,3,191,2,False,False,0.77,0.98,False
sales,medium,3,214,3,False,False,0.75,0.65,False
sales,medium,3,196,3,False,False,0.5,0.38,False
sales,medium,4,151,4,False,False,0.71,0.95,False
sales,medium,5,165,2,False,False,0.62,0.6,False
sales,high,3,177,2,False,False,0.91,0.78,False
sales,high,6,241,6,False,False,0.63,0.19,False
sales,high,4,230,3,False,False,0.99,0.56,False
sales,high,4,270,2,False,False,0.71,0.21,False
accounting,high,3,234,4,False,False,0.71,0.83,False
accounting,high,3,257,2,True,False,0.64,0.5,False
accounting,high,5,264,3,False,False,0.87,0.74,False
hr,high,4,133,4,False,False,0.83,0.75,False
hr,high,4,155,4,False,False,0.66,0.85,False
hr,high,3,202,2,False,False,0.59,0.93,False
hr,high,3,136,2,False,False,0.7,0.76,False
engineering,high,3,269,3,True,False,0.78,0.91,False
engineering,low,6,169,4,False,False,0.54,0.22,False
engineering,low,5,192,3,True,False,0.52,0.78,False
engineering,low,4,241,3,True,False,0.8,0.53,False
engineering,low,4,165,3,False,False,0.69,0.58,False
engineering,low,3,183,2,False,False,0.81,0.99,False
engineering,low,4,163,3,False,False,0.64,0.62,False
engineering,low,3,162,3,False,False,0.69,0.59,False
engineering,low,5,219,4,False,False,0.76,0.13,False
engineering,low,4,278,6,False,False,0.63,0.19,False
engineering,low,2,273,4,False,False,0.99,0.94,False
support,low,4,272,2,False,False,0.96,0.53,False
support,low,5,168,2,False,False,0.85,0.96,False
support,low,4,221,3,True,False,0.87,0.62,False
support,low,4,213,3,False,False,0.86,0.81,False
support,low,4,275,3,False,False,0.78,0.63,False
support,medium,5,177,4,False,False,0.68,0.92,False
support,medium,4,249,2,False,False,0.74,0.83,False
support,medium,5,246,3,False,False,0.37,0.49,False
support,medium,4,223,3,False,False,0.66,0.8,False
support,medium,4,244,2,False,False,0.76,0.54,False
support,medium,3,169,2,True,False,0.72,0.37,False
engineering,medium,5,140,3,False,False,0.56,0.93,False
engineering,medium,5,253,2,False,False,0.99,0.88,False
engineering,medium,3,194,2,False,False,0.87,0.79,False
management,medium,4,173,3,False,False,0.88,0.65,False
IT,medium,4,172,3,False,False,0.7,0.72,False
IT,medium,3,167,3,False,False,0.49,0.58,False
IT,high,2,153,3,False,False,0.51,0.37,False
IT,high,4,243,3,False,False,0.97,0.87,False
IT,high,6,163,4,False,False,0.72,0.63,False
product_management,high,3,221,3,False,False,0.79,0.72,False
product_management,high,3,191,3,False,False,0.55,0.36,False
product_management,high,4,272,3,False,False,0.7,0.96,False
product_management,high,2,118,2,False,False,0.37,0.52,False
IT,high,5,173,4,False,False,0.83,0.16,False
r&d,low,4,200,3,True,False,0.55,0.63,False
r&d,low,5,132,3,True,False,0.76,0.92,False
r&d,low,4,180,2,False,False,0.49,0.82,False
r&d,low,4,145,5,False,False,0.54,0.18,False
r&d,low,4,139,2,False,False,0.48,0.73,False
marketing,low,5,230,6,False,False,0.61,0.44,False
sales,low,4,247,4,False,False,0.62,0.73,False
accounting,low,4,140,2,False,False,0.95,0.62,False
support,medium,4,266,3,True,False,0.8,0.94,False
engineering,medium,4,261,3,False,False,0.74,0.76,False
management,medium,4,275,3,False,False,0.49,0.89,False
marketing,medium,5,254,2,False,False,0.88,0.9,False
marketing,medium,5,231,2,False,False,0.93,1.0,False
marketing,medium,3,138,3,False,False,0.9,0.71,False
sales,medium,4,163,3,False,False,0.97,0.73,False
sales,medium,5,262,3,False,False,0.9,0.97,False
sales,medium,4,201,3,False,False,0.59,0.6,False
sales,medium,3,229,3,False,False,0.67,0.82,False
sales,medium,4,228,2,False,False,0.48,0.95,False
sales,medium,5,228,3,False,False,0.65,0.88,False
sales,medium,3,273,3,False,False,0.49,0.79,False
sales,medium,4,171,2,False,False,0.96,0.52,False
sales,medium,3,148,5,False,False,0.61,0.22,False
sales,medium,5,211,3,False,False,0.96,0.59,False
sales,medium,2,211,3,False,False,0.64,0.84,False
sales,medium,3,175,3,False,False,0.41,0.54,False
sales,medium,4,245,4,False,False,0.86,1.0,False
sales,medium,3,273,2,True,False,0.59,0.93,False
sales,medium,3,225,4,True,False,0.55,0.96,False
sales,medium,5,152,3,False,False,0.41,0.56,False
sales,medium,5,194,3,False,False,0.66,0.49,False
sales,high,4,185,3,True,False,0.51,0.89,False
sales,low,3,193,2,False,False,0.91,0.57,False
accounting,medium,3,166,2,False,False,0.64,0.96,False
accounting,medium,5,223,3,True,False,0.89,0.65,False
accounting,medium,5,281,4,True,False,0.66,0.14,False
hr,medium,3,241,3,False,False,0.49,0.64,False
hr,medium,3,165,2,True,False,0.91,0.98,False
hr,medium,4,143,2,False,False,0.59,0.71,False
hr,medium,5,137,3,False,False,0.49,0.96,False
engineering,medium,4,185,3,True,False,0.57,0.9,False
engineering,medium,3,271,3,True,False,0.96,0.52,False
engineering,medium,4,207,2,True,False,0.98,0.78,False
engineering,low,4,184,3,False,False,0.69,0.62,False
engineering,low,4,253,2,False,False,0.8,0.6,False
engineering,low,3,152,6,False,False,0.62,0.82,False
engineering,low,3,225,2,False,False,0.55,0.52,False
engineering,low,5,189,5,False,False,0.84,0.13,False
engineering,low,3,153,2,False,False,0.93,0.97,False
engineering,low,4,245,3,False,False,0.9,0.63,False
engineering,high,5,233,3,False,False,0.78,0.68,False
support,low,4,210,3,False,False,0.83,0.74,False
support,high,4,176,4,False,False,0.57,0.89,False
support,high,5,191,3,False,False,0.95,0.28,False
support,low,3,224,3,False,False,0.9,0.61,False
support,low,3,185,3,False,False,0.49,0.67,False
support,high,3,245,4,False,False,0.64,0.86,False
support,low,3,173,2,False,False,0.93,0.87,False
support,medium,4,231,3,False,False,0.95,0.7,False
support,high,3,270,3,False,False,0.84,0.68,False
support,medium,5,196,3,False,False,0.75,0.69,False
support,medium,3,238,2,False,False,0.83,0.97,False
engineering,medium,4,261,2,False,False,0.89,0.62,False
engineering,medium,3,201,2,False,False,0.87,0.55,False
engineering,high,3,252,3,False,False,0.73,0.61,False
management,medium,3,191,5,False,False,0.81,0.15,False
IT,medium,3,199,3,False,False,0.86,0.84,False
IT,medium,5,234,2,True,False,0.64,0.87,False
IT,high,4,192,4,False,False,0.86,0.93,False
IT,medium,6,237,5,False,False,0.73,0.14,False
IT,high,3,207,3,False,False,0.7,0.96,False
product_management,low,2,145,2,False,False,0.63,0.41,False
product_management,medium,6,155,5,False,False,0.96,0.84,False
product_management,medium,5,145,2,False,False,0.69,0.94,False
product_management,medium,6,247,6,False,False,0.86,0.6,False
IT,medium,4,182,3,False,False,0.73,0.7,False
r&d,low,4,183,4,False,False,0.91,0.29,False
r&d,low,2,146,3,False,False,0.51,0.31,False
r&d,low,3,241,3,False,False,0.99,0.73,False
r&d,low,5,261,3,True,False,0.52,0.51,False
r&d,low,4,140,3,False,False,0.77,0.58,False
marketing,low,3,257,3,False,False,0.97,0.59,False
marketing,low,3,186,2,False,False,0.9,0.95,False
sales,low,3,159,3,False,False,0.93,0.84,False
accounting,low,3,164,4,True,False,0.37,0.28,False
support,low,4,217,6,True,False,0.52,0.94,False
engineering,high,4,137,4,False,False,0.59,0.49,False
management,low,4,164,2,True,False,0.5,0.72,False
marketing,low,5,249,3,False,False,0.85,0.19,False
marketing,low,3,264,2,False,False,0.95,0.83,False
marketing,low,4,208,2,True,False,0.92,0.79,False
sales,high,3,175,3,False,False,0.61,0.72,False
sales,low,4,209,2,False,False,0.74,0.97,False
sales,low,4,268,4,False,False,0.83,0.92,False
sales,low,3,264,3,False,False,0.53,0.95,False
sales,high,4,234,2,False,False,0.64,0.76,False
sales,low,5,199,4,False,False,0.62,0.24,False
sales,medium,4,205,2,False,True,0.99,0.89,False
sales,high,5,140,4,False,True,0.63,0.69,False
sales,medium,3,257,3,False,True,0.98,0.92,False
sales,high,4,227,2,False,True,0.61,0.79,False
sales,medium,4,189,3,False,True,0.94,0.87,False
sales,medium,5,241,2,True,False,0.88,0.89,False
sales,medium,5,199,4,False,False,0.77,0.75,False
sales,medium,4,206,3,False,False,0.6,0.78,False
sales,medium,5,268,3,False,False,0.62,0.13,False
sales,medium,3,221,3,True,False,0.86,0.94,False
sales,medium,4,262,2,False,False,0.88,0.94,False
sales,medium,5,253,6,False,False,0.6,0.67,False
sales,high,5,241,3,False,False,0.73,0.6,False
accounting,low,4,252,4,False,False,0.94,0.62,False
accounting,medium,2,171,3,False,False,0.52,0.38,False
accounting,medium,4,194,3,False,False,0.77,0.8,False
hr,medium,3,104,2,False,False,0.42,0.61,False
hr,medium,4,176,3,False,False,0.56,0.61,False
hr,medium,4,192,3,False,False,0.8,0.66,False
hr,medium,3,154,2,False,False,0.74,0.56,False
engineering,medium,4,186,4,True,False,0.55,1.0,False
engineering,medium,3,200,4,False,False,0.86,0.73,False
engineering,medium,4,132,4,False,False,0.66,0.6,False
engineering,high,5,236,3,False,False,0.59,0.78,False
engineering,low,3,211,4,False,False,0.53,0.48,False
engineering,low,4,273,2,False,False,0.77,0.9,False
engineering,low,4,223,4,False,False,0.76,0.16,False
engineering,high,3,204,2,False,False,0.75,0.5,False
engineering,low,3,196,3,True,False,0.65,0.66,False
engineering,low,2,219,2,False,False,0.37,0.44,False
engineering,low,4,261,3,False,False,0.67,0.95,False
support,high,3,254,2,False,False,0.65,0.9,False
support,low,4,185,2,False,False,0.48,0.27,False
support,low,6,98,3,False,False,0.74,0.51,False
support,low,3,260,4,False,False,0.76,0.68,False
support,low,5,137,2,True,False,0.93,0.97,False
support,low,4,159,3,True,False,0.75,0.91,False
support,low,5,265,4,False,False,0.88,0.76,False
support,low,4,177,4,True,False,0.61,0.88,False
support,medium,4,247,2,False,False,0.73,0.83,False
support,medium,3,161,3,False,False,0.54,0.78,False
support,medium,2,103,3,False,False,0.38,0.52,False
engineering,medium,4,151,3,False,False,0.49,0.63,False
engineering,medium,3,193,3,False,False,0.74,0.9,False
engineering,medium,3,194,3,False,False,0.58,0.48,False
management,medium,5,208,3,False,False,0.6,0.7,False
IT,medium,4,229,3,False,False,0.66,0.68,False
IT,medium,3,166,2,False,False,0.87,0.7,False
IT,medium,3,141,3,False,False,0.5,0.77,False
IT,medium,3,249,2,False,False,0.93,0.73,False
IT,medium,4,264,3,False,False,0.48,0.87,False
product_management,high,3,252,2,False,False,0.98,0.65,False
product_management,low,2,134,3,False,False,0.7,0.62,False
product_management,medium,3,274,2,True,False,0.51,0.53,False
product_management,medium,5,200,4,False,False,0.39,0.59,False
IT,medium,2,154,3,False,False,0.72,0.87,False
r&d,medium,3,111,4,False,False,0.53,0.47,False
r&d,low,3,247,3,False,False,0.81,0.96,False
r&d,low,3,169,3,False,False,0.74,0.79,False
r&d,low,3,250,3,True,False,0.6,0.84,False
r&d,low,3,178,3,True,False,0.49,0.68,False
r&d,low,4,251,3,False,False,0.66,0.86,False
marketing,low,5,272,2,False,False,0.98,0.73,False
sales,low,2,229,4,False,False,0.67,0.9,False
accounting,low,3,180,3,False,False,0.64,0.63,False
support,low,3,271,2,False,False,0.72,0.71,False
engineering,low,5,226,3,False,False,0.68,0.71,False
management,low,4,150,2,False,False,0.62,0.95,False
marketing,low,4,260,3,True,False,0.86,0.51,False
marketing,low,4,161,3,False,False,0.91,0.77,False
marketing,low,3,136,3,False,False,0.51,0.48,False
sales,low,2,238,2,True,False,0.91,0.93,False
sales,low,4,98,4,False,False,0.86,0.83,False
sales,low,5,156,4,False,False,0.73,0.61,False
sales,low,4,248,2,False,False,0.89,0.97,False
sales,low,3,170,2,False,False,0.81,0.5,False
sales,low,3,245,3,False,False,0.54,0.84,False
sales,low,4,203,5,False,False,0.38,0.58,False
sales,medium,3,182,3,False,False,0.72,0.59,False
sales,medium,3,175,3,False,True,0.83,0.77,False
sales,medium,4,145,5,True,True,0.4,0.78,False
sales,medium,4,220,3,True,True,0.96,0.6,False
sales,medium,4,259,2,True,True,0.77,0.53,False
sales,medium,3,228,2,False,True,0.69,0.73,False
sales,medium,3,189,3,False,False,0.94,0.76,False
sales,medium,6,257,3,False,False,0.61,0.12,False
sales,medium,3,180,6,False,False,0.98,0.2,False
sales,medium,4,180,3,False,False,0.77,0.5,False
sales,medium,5,215,2,True,False,0.65,0.79,False
sales,medium,3,132,2,False,False,0.68,0.96,False
accounting,high,5,213,2,False,False,0.69,0.26,False
accounting,low,4,173,3,False,False,0.72,0.8,False
accounting,medium,3,186,2,False,False,0.71,0.43,False
hr,medium,4,157,2,False,False,0.71,0.87,False
hr,medium,4,175,4,False,False,0.75,0.63,False
hr,medium,3,135,3,True,False,0.48,0.58,False
hr,low,4,256,5,False,False,0.42,0.2,False
engineering,low,4,268,3,False,False,0.71,0.62,False
engineering,low,5,159,3,False,False,0.94,0.91,False
engineering,low,3,191,4,False,False,0.91,0.66,False
engineering,low,3,275,2,False,False,0.81,0.53,False
engineering,low,5,217,2,True,False,0.98,0.52,False
engineering,low,6,201,4,False,False,0.88,1.0,False
engineering,low,4,205,3,False,False,0.67,0.73,False
engineering,low,3,240,2,True,False,0.67,0.65,False
engineering,low,5,137,3,False,False,0.95,0.5,False
engineering,low,4,241,2,False,False,0.59,0.94,False
engineering,low,5,198,4,False,False,0.86,0.48,False
support,low,5,254,2,False,False,0.87,0.67,False
support,low,4,262,3,False,False,0.94,0.73,False
support,low,4,244,2,False,False,0.71,0.63,False
support,low,4,266,3,False,False,0.84,0.84,False
support,low,6,191,5,False,False,0.94,0.2,False
support,low,3,148,3,True,False,0.57,0.76,False
support,low,3,233,2,False,False,0.54,0.55,False
support,low,4,178,2,True,False,0.55,0.8,False
support,low,3,165,3,True,False,0.91,0.64,False
support,medium,5,179,6,False,False,0.97,0.59,False
support,medium,3,149,3,False,False,0.98,0.92,False
engineering,medium,3,269,2,True,False,0.76,0.75,False
engineering,medium,5,227,2,False,False,0.74,0.69,False
engineering,medium,3,247,3,False,False,0.93,0.82,False
management,medium,3,220,3,False,False,0.85,0.88,False
IT,medium,3,233,2,False,False,0.91,0.89,False
IT,medium,5,171,5,False,False,0.79,1.0,False
IT,medium,4,234,2,True,False,0.91,0.66,False
IT,medium,3,176,2,False,False,0.92,0.76,False
IT,medium,5,190,4,True,False,0.62,0.8,False
product_management,medium,4,168,2,False,False,0.86,0.58,False
product_management,high,3,205,3,False,False,0.93,0.73,False
product_management,low,5,189,3,True,False,0.73,1.0,False
product_management,medium,4,282,4,False,False,0.9,0.18,False
IT,medium,2,152,2,False,False,0.46,0.47,False
r&d,medium,4,217,4,False,False,0.64,0.92,False
r&d,medium,4,130,3,False,False,0.5,0.51,False
r&d,low,4,153,4,False,False,0.62,0.81,False
r&d,low,3,270,3,False,False,0.57,0.52,False
r&d,low,3,220,3,False,False,0.96,0.95,False
r&d,low,4,253,3,False,False,0.64,0.93,False
marketing,low,4,209,6,False,False,0.67,0.98,False
sales,low,4,231,2,False,False,0.79,0.79,False
accounting,low,4,240,4,False,False,0.73,0.99,False
support,low,5,266,3,False,False,0.9,0.64,False
engineering,low,3,153,2,False,False,0.44,0.54,False
management,low,4,187,2,False,False,0.59,0.79,False
marketing,low,4,185,2,True,False,0.98,0.55,False
marketing,low,4,147,4,False,False,0.81,0.18,False
marketing,low,4,188,3,True,False,0.81,0.56,False
sales,low,2,252,2,False,False,0.67,0.92,False
sales,low,4,163,2,False,False,0.75,0.99,False
sales,low,4,189,2,False,False,0.85,0.77,False
sales,low,3,156,2,False,False,0.52,0.49,False
sales,low,3,183,3,False,False,0.58,0.98,False
sales,low,6,209,5,True,False,0.54,0.18,False
sales,low,4,271,4,False,False,0.82,0.8,False
sales,low,5,251,2,False,False,0.77,0.81,False
sales,medium,5,198,5,False,False,0.61,0.13,False
sales,medium,3,274,4,True,True,0.97,0.58,False
sales,medium,4,209,3,False,True,0.63,0.75,False
sales,medium,4,271,4,False,True,0.94,0.8,False
sales,medium,4,143,2,False,True,0.6,0.78,False
sales,medium,5,236,3,True,True,0.6,0.92,False
sales,medium,5,222,3,False,True,0.98,0.85,False
sales,medium,3,233,3,False,True,0.63,0.52,False
sales,medium,3,270,3,True,True,0.84,0.95,False
sales,medium,5,258,3,False,True,0.92,0.81,False
sales,medium,6,202,4,True,True,0.82,0.16,False
accounting,medium,3,150,2,False,False,0.74,0.91,False
accounting,high,4,193,3,False,False,0.51,0.62,False
accounting,low,5,210,5,False,False,0.42,0.24,False
hr,medium,3,208,3,False,False,0.51,0.88,False
hr,medium,3,196,3,False,False,0.73,0.94,False
hr,medium,5,187,4,False,False,0.79,0.76,False
hr,medium,3,140,2,False,False,0.67,0.49,False
engineering,low,4,256,4,False,False,0.9,0.93,False
engineering,low,4,113,3,False,False,0.66,0.92,False
engineering,low,4,196,5,False,False,0.94,0.19,False
engineering,low,3,170,3,False,False,0.76,0.66,False
engineering,low,4,261,6,False,False,0.94,0.16,False
engineering,low,5,132,3,False,False,0.99,0.83,False
engineering,low,3,153,3,False,False,0.53,0.69,False
engineering,low,3,147,3,True,False,0.53,0.82,False
engineering,low,5,244,2,False,False,0.72,0.88,False
engineering,low,4,108,4,False,False,0.42,0.31,False
engineering,low,4,218,2,False,False,0.49,0.83,False
support,low,5,133,3,False,False,0.52,0.94,False
support,low,5,233,3,False,False,0.79,0.65,False
support,low,4,147,3,False,False,0.6,0.6,False
support,low,3,176,3,False,False,0.43,0.52,False
support,low,4,169,4,False,False,0.89,0.66,False
support,low,4,144,3,False,False,0.87,0.87,False
support,low,5,151,3,True,False,0.99,0.2,False
support,medium,4,252,3,True,False,0.91,0.63,False
support,medium,4,180,3,False,False,0.98,0.69,False
support,medium,3,251,3,False,False,0.61,0.48,False
support,medium,4,263,4,False,False,0.8,0.8,False
engineering,medium,5,260,6,False,False,0.74,0.89,False
engineering,medium,3,227,3,False,False,0.63,0.67,False
engineering,medium,6,260,3,False,False,0.86,0.37,False
management,medium,5,158,3,False,False,0.61,0.93,False
IT,medium,3,186,3,False,False,0.52,0.69,False
IT,medium,4,171,6,False,False,0.61,0.16,False
IT,medium,3,199,2,True,False,0.55,0.81,False
IT,medium,5,258,2,False,False,0.63,0.97,False
IT,high,4,273,2,False,False,0.59,0.77,False
product_management,low,2,259,3,False,False,0.78,0.75,False
product_management,medium,3,265,3,False,False,0.82,0.88,False
product_management,medium,5,168,4,False,False,0.51,0.43,False
product_management,medium,4,163,4,False,False,0.99,0.99,False
IT,medium,5,265,3,False,False,0.65,0.59,False
r&d,low,4,190,3,False,False,0.71,0.89,False
r&d,low,3,157,3,False,False,0.73,0.54,False
r&d,low,4,266,4,False,False,0.86,0.32,False
r&d,low,6,240,6,False,False,0.55,0.17,False
r&d,low,3,143,3,False,False,0.55,0.78,False
r&d,low,3,121,5,False,False,0.68,0.73,False
IT,low,2,170,5,False,False,0.76,0.65,False
IT,low,4,161,4,False,False,0.71,0.8,False
IT,low,3,239,3,False,False,0.86,0.61,False
IT,low,3,224,3,False,False,0.49,0.67,False
product_management,low,3,242,3,False,False,0.57,0.63,False
product_management,low,4,140,2,True,False,0.58,0.51,False
product_management,low,5,170,3,False,False,0.59,0.82,False
product_management,low,5,156,2,False,False,0.67,0.79,False
IT,low,2,113,5,False,False,0.6,0.49,False
r&d,low,3,138,3,False,False,0.59,0.7,False
r&d,low,3,137,5,False,False,0.5,0.13,False
r&d,low,5,217,3,False,False,0.52,0.83,False
r&d,low,3,155,3,False,False,0.91,0.83,False
r&d,low,5,280,4,False,False,0.83,0.19,False
r&d,low,5,248,2,True,False,0.81,0.8,False
marketing,medium,2,190,8,False,False,0.67,0.49,False
sales,medium,3,176,8,False,False,0.99,0.92,False
accounting,medium,4,217,8,False,False,0.55,0.81,False
support,medium,3,269,8,False,False,0.91,0.62,False
engineering,medium,3,238,8,False,False,0.7,0.21,False
management,medium,5,243,6,False,False,0.74,0.95,False
marketing,medium,4,198,6,False,False,0.8,0.51,False
marketing,medium,3,188,6,False,False,0.89,0.52,False
marketing,medium,3,257,6,False,False,0.56,0.64,False
sales,medium,4,268,6,False,False,0.79,0.62,False
sales,medium,5,233,4,True,False,0.88,0.73,False
sales,medium,4,214,5,False,False,0.86,0.32,False
sales,high,2,285,3,False,False,0.96,0.78,False
sales,low,4,224,2,True,False,0.91,0.65,False
sales,medium,4,224,3,False,False,0.92,0.56,False
sales,medium,3,142,4,False,False,0.89,0.96,False
sales,medium,4,220,3,False,False,0.82,0.79,False
sales,medium,4,244,3,False,False,0.58,0.66,False
sales,low,4,171,3,False,False,0.68,0.67,False
sales,low,4,274,2,True,False,0.82,0.86,False
sales,low,4,214,2,True,False,0.72,0.57,False
sales,low,5,171,2,False,False,0.87,0.86,False
sales,low,5,150,2,False,False,0.59,0.52,False
sales,low,4,260,2,True,False,0.61,0.73,False
sales,low,5,259,3,False,False,0.63,0.78,False
sales,low,3,153,2,False,False,0.63,0.95,False
sales,low,3,263,3,False,False,0.61,0.75,False
sales,low,2,149,2,True,False,0.52,0.83,False
accounting,low,4,261,3,False,False,1.0,0.48,False
accounting,low,2,189,4,True,False,0.58,0.3,False
accounting,low,5,237,4,False,False,0.85,0.72,False
hr,low,3,224,3,False,False,0.52,0.61,False
hr,low,6,240,3,True,False,0.87,0.31,False
hr,low,3,245,2,True,False,0.81,0.62,False
hr,low,3,268,3,False,False,0.49,0.48,False
engineering,low,4,208,2,True,False,0.89,0.97,False
engineering,low,4,153,2,False,False,0.83,0.61,False
engineering,low,3,169,3,False,False,0.99,0.93,False
engineering,low,5,218,2,False,False,0.39,0.89,False
engineering,medium,3,155,3,False,False,0.9,0.95,False
engineering,medium,5,155,3,False,False,0.44,0.36,False
engineering,medium,6,105,6,False,False,0.39,0.29,False
engineering,medium,4,251,2,False,False,0.83,0.65,False
engineering,medium,4,219,2,False,False,0.54,0.72,False
engineering,medium,4,198,2,True,False,0.56,0.51,False
engineering,medium,4,158,2,False,False,0.53,0.54,False
support,medium,3,157,2,False,False,0.58,0.66,False
support,medium,4,178,2,False,False,0.54,0.59,False
support,medium,3,145,2,False,False,0.48,0.45,False
support,medium,5,230,3,False,False,0.91,0.15,False
support,medium,3,174,3,False,False,0.53,0.95,False
support,high,5,140,3,False,False,0.59,0.49,False
support,low,3,174,2,False,False,0.97,0.68,False
support,medium,4,173,2,False,False,0.76,0.7,False
support,medium,2,203,4,False,False,0.73,0.9,False
support,medium,5,170,3,False,False,0.95,0.94,False
support,medium,3,203,3,False,False,0.86,0.8,False
engineering,low,5,169,3,False,False,0.53,0.59,False
engineering,low,3,109,6,False,False,0.96,0.43,False
engineering,low,5,263,3,False,False,0.54,0.7,False
management,low,4,185,3,False,False,0.62,0.51,False
IT,low,4,191,5,False,False,0.49,0.12,False
IT,low,5,259,4,True,False,0.56,0.14,False
IT,low,4,253,3,False,False,0.91,0.86,False
IT,low,3,216,3,False,False,0.5,0.97,False
IT,medium,2,264,3,False,False,0.86,1.0,False
product_management,medium,3,181,3,True,False,0.63,0.49,False
product_management,medium,3,209,3,False,False,0.93,0.9,False
product_management,medium,4,239,2,False,False,0.89,0.82,False
product_management,medium,3,197,3,False,False,0.48,0.59,False
IT,medium,4,150,2,False,False,0.57,0.97,False
management,medium,3,164,10,False,False,0.88,0.69,False
management,medium,3,216,8,False,False,0.84,0.73,False
management,medium,2,271,8,True,False,0.74,0.48,False
management,medium,4,176,8,False,False,0.49,0.94,False
management,medium,3,156,8,False,False,0.73,0.74,False
management,medium,4,143,8,False,False,0.63,0.65,False
IT,medium,4,233,6,False,False,0.94,0.93,False
IT,medium,3,138,6,True,False,0.67,0.57,False
IT,medium,3,259,6,False,False,0.49,0.9,False
IT,medium,4,169,6,False,False,0.86,0.55,False
product_management,medium,3,172,6,False,False,0.73,0.59,False
product_management,medium,4,156,3,False,False,0.98,0.72,False
product_management,medium,4,140,3,False,False,0.52,0.87,False
product_management,medium,4,212,2,False,False,0.82,0.86,False
IT,medium,4,269,3,False,False,0.5,0.61,False
management,medium,5,111,5,False,False,0.63,0.45,False
management,medium,4,198,2,False,False,0.63,0.51,False
management,medium,4,263,3,False,False,0.92,0.87,False
management,medium,5,191,5,False,False,0.38,0.29,False
management,medium,3,188,3,False,False,0.64,0.57,False
management,medium,4,252,3,False,False,0.83,0.69,False
marketing,high,2,142,3,False,False,0.9,0.61,False
sales,high,4,247,3,False,False,0.85,0.96,False
accounting,high,6,269,2,False,False,0.61,0.16,False
support,high,4,244,3,False,False,0.82,0.96,False
engineering,high,4,164,3,False,False,0.81,0.77,False
management,high,6,232,5,False,False,0.87,0.85,False
marketing,high,3,177,3,False,False,0.49,0.37,False
marketing,high,3,173,3,True,False,0.65,0.68,False
marketing,high,5,165,2,True,False,0.6,0.87,False
sales,high,3,225,2,False,False,0.8,0.95,False
sales,low,3,121,3,True,False,0.63,0.84,False
sales,low,2,219,4,False,False,0.51,0.44,False
sales,low,4,204,2,False,False,0.73,0.94,False
sales,low,5,235,4,False,False,0.94,0.85,False
sales,low,2,215,2,True,False,0.51,0.75,False
sales,low,5,243,3,False,False,0.67,0.76,False
sales,low,4,162,6,False,False,0.97,0.13,False
sales,low,4,262,3,False,False,0.79,0.6,False
sales,low,4,206,2,False,False,0.55,0.45,False
sales,low,2,125,4,True,False,1.0,0.49,False
sales,low,3,167,5,False,False,0.36,0.19,False
sales,low,5,218,5,False,False,0.89,0.68,False
sales,low,5,181,3,False,False,0.91,0.53,False
sales,low,5,269,3,False,False,0.77,1.0,False
sales,low,3,167,2,False,False,0.86,0.99,False
sales,medium,6,271,10,False,False,0.75,0.29,False
sales,medium,4,201,8,True,False,0.83,0.54,False
sales,medium,6,229,8,False,False,0.9,0.25,False
accounting,medium,4,148,8,False,False,0.76,0.71,False
accounting,medium,3,147,8,False,False,0.84,0.96,False
accounting,medium,4,211,8,False,False,0.9,0.8,False
hr,medium,5,145,6,False,False,0.87,0.82,False
hr,medium,6,269,6,False,False,0.97,0.19,False
hr,medium,4,129,6,False,False,0.74,0.43,False
hr,medium,3,270,6,False,False,0.84,0.62,False
engineering,medium,3,250,6,False,False,0.85,0.75,False
engineering,medium,5,192,2,True,False,0.48,0.56,False
engineering,high,4,233,4,False,False,0.91,0.88,False
engineering,high,4,192,3,False,False,0.57,0.63,False
engineering,high,3,247,2,False,False,0.93,0.75,False
engineering,high,4,192,4,False,False,1.0,0.74,False
engineering,high,3,178,3,True,False,0.68,0.55,False
engineering,high,4,197,3,False,False,0.55,0.87,False
engineering,high,5,264,6,False,False,0.9,0.13,False
engineering,high,2,274,3,True,False,0.64,0.33,False
engineering,low,4,147,2,False,False,0.97,0.89,False
support,low,3,154,3,True,False,0.94,0.56,False
support,low,3,224,2,True,False,0.61,0.95,False
support,low,4,250,2,False,False,0.59,0.57,False
support,low,3,179,3,False,False,0.53,0.72,False
support,low,4,170,2,False,False,0.44,0.28,False
support,low,4,118,5,False,False,0.61,0.54,False
support,low,4,256,3,False,False,0.95,0.54,False
support,medium,3,209,2,False,False,0.8,0.99,False
support,medium,2,146,3,False,False,0.69,0.37,False
support,medium,3,275,4,True,False,0.87,0.77,False
support,medium,4,180,2,False,False,0.88,0.7,False
engineering,medium,3,228,3,False,False,0.74,0.8,False
engineering,medium,3,204,3,False,False,0.63,0.52,False
engineering,medium,3,172,2,False,False,0.55,0.69,False
management,medium,5,274,3,False,False,0.62,0.6,False
IT,medium,3,136,2,False,False,0.64,0.74,False
IT,medium,4,252,3,True,False,0.82,0.69,False
IT,medium,4,137,3,False,False,0.89,0.78,False
IT,medium,4,191,3,False,False,0.75,0.77,False
IT,medium,4,132,4,False,False,0.68,0.91,False
product_management,medium,6,249,5,False,False,0.68,0.54,False
product_management,medium,6,274,6,False,False,0.77,0.48,False
product_management,medium,3,194,3,False,False,0.96,0.55,False
product_management,medium,6,191,2,False,False,0.36,0.17,False
IT,medium,5,216,4,False,False,0.83,0.77,False
IT,medium,3,241,3,False,False,0.98,0.93,False
IT,medium,4,243,5,True,False,0.91,0.65,False
IT,medium,4,207,3,False,False,0.52,0.67,False
IT,medium,3,199,3,False,False,0.88,0.95,False
product_management,medium,6,286,4,False,False,0.97,0.61,False
product_management,high,4,132,3,False,False,0.39,0.57,False
product_management,low,4,229,4,False,False,1.0,0.65,False
product_management,medium,4,260,3,False,False,0.81,0.85,False
IT,medium,3,214,2,False,False,0.96,0.61,False
r&d,medium,6,217,4,True,True,0.9,0.65,False
r&d,medium,4,225,2,False,True,0.93,0.92,False
r&d,medium,2,113,3,False,True,0.41,0.37,False
r&d,medium,5,250,2,False,True,0.77,0.48,False
r&d,medium,5,271,2,False,True,0.91,0.82,False
r&d,medium,4,135,3,False,True,0.75,0.84,False
marketing,medium,2,100,6,True,True,0.46,0.57,False
sales,medium,4,224,3,False,True,0.75,0.8,False
accounting,low,4,134,4,False,False,0.91,0.49,False
support,low,5,158,2,False,False,0.82,0.79,False
engineering,low,3,183,2,False,False,0.67,0.48,False
management,low,4,97,6,False,False,0.89,0.28,False
marketing,low,4,226,3,False,False,0.56,0.47,False
marketing,low,4,235,4,True,False,0.6,0.91,False
marketing,low,4,186,10,True,False,0.6,0.75,False
sales,high,3,242,10,False,False,0.89,0.61,False
sales,low,3,284,10,False,False,0.79,0.47,False
sales,high,2,274,10,False,False,0.7,0.22,False
sales,high,4,130,10,False,False,0.48,0.5,False
sales,low,3,146,10,False,False,0.87,0.56,False
sales,low,4,207,10,False,False,0.85,0.84,False
sales,high,4,210,2,True,False,0.72,0.69,False
sales,low,3,143,2,False,False,0.64,0.53,False
sales,medium,4,116,3,False,False,0.57,0.17,False
sales,high,2,162,3,True,False,0.71,0.48,False
sales,medium,3,242,3,False,False,0.51,0.94,False
sales,medium,4,153,7,False,False,0.89,0.77,False
sales,medium,5,194,7,True,False,0.72,1.0,False
sales,medium,4,233,7,False,False,0.65,0.49,False
sales,high,4,283,7,False,False,0.73,0.93,False
sales,medium,3,188,7,False,False,0.43,0.38,False
sales,medium,4,182,6,False,False,0.54,0.6,False
sales,medium,2,286,6,False,False,0.82,0.5,False
sales,high,5,212,6,False,False,0.55,0.97,False
accounting,medium,5,176,6,False,True,0.95,0.93,False
accounting,high,5,264,8,False,True,1.0,0.5,False
accounting,low,3,261,8,False,True,0.84,0.52,False
hr,medium,4,163,8,False,True,0.71,0.5,False
hr,medium,3,139,8,False,True,0.4,0.55,False
hr,medium,3,261,8,True,True,0.84,0.95,False
hr,medium,2,275,6,True,True,0.42,0.48,False
engineering,low,5,132,6,True,True,0.39,0.51,False
engineering,low,3,202,6,False,False,0.48,0.96,False
engineering,low,4,177,6,False,False,0.84,0.97,False
engineering,low,5,234,6,False,False,0.66,0.97,False
engineering,low,4,188,6,False,False,0.54,0.71,False
engineering,low,5,203,6,False,False,0.49,0.82,False
engineering,low,4,227,10,False,False,1.0,0.57,False
engineering,low,3,150,10,False,False,0.93,0.48,False
engineering,low,3,267,3,False,False,0.64,0.71,False
engineering,low,5,186,10,False,False,0.61,0.63,False
engineering,high,4,142,10,False,False,0.84,0.99,False
support,low,3,126,10,True,False,0.83,0.79,False
support,low,4,201,10,False,False,0.85,0.65,False
support,low,4,142,2,False,False,0.85,0.7,False
support,low,4,167,4,False,False,0.94,0.99,False
support,high,4,258,2,False,False,0.62,0.65,False
support,low,3,207,2,False,False,0.85,0.92,False
support,low,4,282,4,True,False,0.5,0.24,False
support,low,3,188,5,False,False,0.89,0.39,False
support,high,3,214,2,False,False,0.85,0.82,False
support,low,4,272,2,False,False,0.89,0.78,False
support,medium,3,259,3,False,False,0.79,0.62,False
engineering,high,5,191,2,True,False,0.61,0.6,False
engineering,medium,3,192,3,False,False,0.57,0.49,False
engineering,high,3,164,3,False,False,0.82,0.82,False
management,medium,4,149,2,False,False,0.81,0.48,False
IT,medium,4,149,3,False,False,0.56,0.69,False
IT,medium,2,165,3,False,False,0.89,0.4,False
IT,medium,3,222,3,False,False,0.8,0.72,False
IT,medium,5,222,3,True,False,0.84,0.75,False
IT,medium,3,265,3,False,False,0.77,0.5,False
product_management,medium,5,247,4,False,False,0.5,0.78,False
product_management,medium,4,147,2,False,False,0.45,0.76,False
product_management,high,3,273,3,False,False,0.52,0.94,False
product_management,low,6,144,4,False,False,0.94,0.24,False
IT,medium,3,181,2,False,False,0.66,0.99,False
management,medium,3,198,2,True,False,0.64,0.67,False
management,medium,5,255,4,False,False,0.57,0.76,False
management,medium,4,169,10,False,False,0.77,0.76,False
management,medium,4,201,10,True,False,0.64,0.55,False
management,medium,4,274,10,True,False,0.6,0.74,False
management,medium,4,134,10,True,False,0.85,0.81,False
IT,medium,3,190,10,False,False,0.67,0.98,False
IT,medium,4,170,10,False,False,0.98,0.98,False
product_management,high,3,154,10,False,False,0.91,0.58,False
product_management,low,3,142,2,False,False,0.75,0.18,False
product_management,low,5,235,2,False,False,0.67,0.57,False
product_management,low,3,110,3,False,False,0.62,0.7,False
IT,high,3,211,3,False,False,0.77,0.49,False
management,medium,4,214,3,False,True,0.56,0.7,False
management,medium,5,210,7,False,True,0.93,0.16,False
management,medium,3,207,7,False,True,0.59,0.58,False
management,medium,4,161,7,False,True,0.57,0.66,False
management,medium,2,102,7,False,True,0.55,0.51,False
management,medium,4,186,7,False,True,0.84,0.48,False
marketing,low,3,211,6,False,True,0.71,0.56,False
sales,low,3,240,6,False,True,0.62,0.81,False
accounting,low,4,237,6,False,False,0.7,0.57,False
support,low,3,164,6,False,False,0.53,0.66,False
engineering,low,6,222,8,False,False,0.91,0.22,False
management,medium,3,205,8,True,False,0.71,0.96,False
marketing,medium,4,140,8,False,False,0.88,0.87,False
marketing,medium,2,103,8,False,False,0.42,0.61,False
marketing,medium,3,178,8,True,False,0.85,0.66,False
sales,medium,4,137,6,False,False,0.51,0.9,False
sales,medium,3,143,6,False,False,0.67,0.64,False
sales,medium,4,170,6,False,False,0.82,0.76,False
sales,medium,5,135,6,False,False,0.41,0.97,False
sales,medium,3,174,6,False,False,0.76,0.69,False
sales,medium,3,166,6,True,False,0.55,0.98,False
sales,medium,5,174,6,False,False,0.61,0.18,False
sales,medium,3,251,10,False,False,0.91,0.62,False
sales,high,6,187,10,True,False,0.37,0.29,False
sales,low,5,170,3,False,False,0.48,0.87,False
sales,medium,3,241,10,False,False,0.64,0.91,False
sales,medium,3,221,10,True,False,0.79,0.53,False
sales,medium,4,257,10,True,False,0.73,0.69,False
sales,medium,4,275,10,False,False,0.58,0.14,False
sales,low,4,245,2,False,False,0.77,0.7,False
sales,low,6,246,6,False,False,0.75,0.77,False
sales,low,6,263,6,False,False,0.76,0.77,False
sales,low,3,133,4,False,False,0.99,0.76,False
sales,low,4,157,3,False,False,0.49,0.66,False
accounting,low,3,198,4,False,False,0.95,0.5,False
accounting,low,5,145,3,False,False,0.9,0.57,False
accounting,low,6,118,2,False,False,0.62,0.97,False
hr,low,5,184,5,False,False,0.99,0.26,False
hr,low,3,243,2,True,False,0.62,0.72,False
hr,low,3,247,2,False,False,0.93,0.83,False
hr,low,3,158,3,False,False,0.4,0.55,False
engineering,low,5,243,2,False,False,0.74,0.77,False
engineering,low,4,203,5,False,False,0.63,0.24,False
engineering,low,3,161,3,False,False,0.96,0.8,False
engineering,low,4,214,3,True,False,0.59,0.5,False
engineering,low,4,179,3,False,False,0.59,0.66,False
engineering,low,4,188,2,False,False,0.77,0.66,False
engineering,low,3,174,3,False,False,0.81,0.66,False
engineering,low,3,177,4,False,False,0.83,0.96,False
engineering,low,5,194,4,False,False,0.94,0.75,False
engineering,medium,3,244,2,False,False,0.77,0.78,False
engineering,medium,4,269,2,False,False,0.82,0.57,False
support,medium,2,159,3,True,False,0.68,0.78,False
support,medium,4,140,2,False,False,0.88,0.57,False
support,medium,5,224,2,False,False,0.56,0.84,False
support,medium,5,242,4,False,False,0.94,0.23,False
support,medium,3,180,3,False,False,0.37,0.53,False
support,medium,3,150,3,False,False,0.71,0.82,False
support,medium,5,269,3,False,False,0.64,0.59,False
support,medium,2,178,2,False,False,0.52,0.5,False
support,medium,2,187,3,False,False,0.74,1.0,False
support,medium,3,140,2,False,False,0.61,0.94,False
support,high,4,193,2,False,False,0.61,0.86,False
engineering,low,4,243,2,False,False,0.49,0.73,False
engineering,medium,3,144,3,True,False,0.94,0.49,False
engineering,medium,2,147,2,False,False,0.73,0.79,False
management,medium,6,165,3,False,False,0.5,0.83,False
IT,medium,3,176,2,False,False,0.67,0.85,False
IT,low,3,170,6,False,False,0.37,0.65,False
IT,low,4,213,2,True,False,0.65,0.94,False
IT,low,4,242,2,False,False,0.81,0.76,False
IT,low,4,139,3,True,False,0.54,0.77,False
product_management,low,4,239,3,True,False,0.91,0.77,False
product_management,low,5,123,2,False,False,0.64,0.59,False
product_management,low,3,185,4,False,False,0.9,0.69,False
product_management,low,4,186,2,False,False,0.85,0.51,False
IT,low,3,178,3,False,False,0.67,0.8,False
management,high,3,153,10,False,False,0.7,0.98,False
management,high,4,185,10,True,False,0.72,0.69,False
management,high,4,142,10,False,False,0.76,0.14,False
management,high,4,221,10,True,False,0.9,0.95,False
management,high,3,148,10,False,False,0.61,0.53,False
management,high,5,258,10,True,False,0.52,0.64,False
sales,low,4,229,3,False,False,0.73,0.51,False
sales,low,2,111,2,False,False,0.73,0.36,False
sales,low,2,271,3,False,False,0.97,0.62,False
sales,low,4,133,3,False,False,0.58,0.98,False
sales,low,4,223,3,False,False,0.7,0.53,False
sales,low,4,272,2,False,False,0.95,0.8,False
sales,medium,3,233,3,False,False,0.77,0.73,False
sales,medium,3,162,3,False,False,0.8,0.82,False
sales,medium,5,165,4,False,False,0.75,0.62,False
sales,medium,5,242,3,False,False,0.48,0.87,False
sales,medium,4,124,2,False,False,0.65,0.43,False
sales,medium,2,163,3,False,False,0.6,0.57,False
sales,medium,3,144,3,False,False,0.77,0.91,False
sales,medium,5,149,4,False,False,0.59,0.75,False
sales,medium,5,217,2,False,False,0.8,0.76,False
sales,medium,4,139,2,False,False,0.49,0.85,False
sales,medium,3,270,2,False,False,0.67,0.56,False
sales,medium,3,177,3,False,False,0.84,0.86,False
sales,high,5,175,2,True,False,0.43,0.21,False
sales,low,3,151,2,False,False,0.59,0.94,False
sales,medium,3,185,3,False,False,0.74,0.98,False
sales,medium,3,227,3,False,False,0.45,0.42,False
sales,medium,4,218,2,False,False,0.89,0.98,False
sales,medium,5,167,3,False,False,0.93,1.0,False
sales,low,3,183,2,True,False,0.52,0.95,False
sales,low,4,259,3,False,False,0.5,0.95,False
sales,low,3,138,2,True,False,0.53,0.68,False
sales,low,5,122,4,False,False,0.38,0.64,False
sales,low,6,225,6,False,False,0.62,0.24,False
sales,low,3,121,2,False,False,0.72,0.37,False
sales,low,4,274,3,False,False,0.4,0.67,False
sales,low,4,153,4,False,False,0.89,0.86,False
sales,low,3,119,2,False,False,0.38,0.43,False
sales,low,4,141,2,True,False,0.67,0.67,False
IT,low,4,161,3,False,False,0.6,0.92,False
product_management,low,2,186,2,False,False,0.46,0.43,False
product_management,low,3,252,4,False,False,0.8,0.52,False
product_management,low,3,182,3,True,False,0.42,0.16,False
product_management,low,4,264,2,True,False,0.6,0.49,False
IT,low,4,167,3,False,False,0.63,0.37,False
management,high,5,171,3,False,False,0.68,0.98,False
management,high,5,130,4,False,False,0.97,0.33,False
management,high,5,271,4,False,False,0.79,0.14,False
management,high,5,249,3,True,False,0.79,0.54,False
management,high,4,180,4,False,False,0.48,0.63,False
management,high,4,220,3,True,False,0.69,0.55,False
marketing,medium,3,210,4,True,False,0.53,0.84,False
sales,medium,4,258,2,False,False,0.97,0.51,False
accounting,medium,3,150,4,False,True,0.75,0.15,False
support,medium,5,259,3,False,True,0.79,0.97,False
engineering,medium,3,231,3,False,True,0.69,0.67,False
management,medium,4,220,3,False,True,0.67,0.48,False
marketing,medium,4,149,3,False,True,0.58,0.69,False
marketing,medium,3,238,4,False,True,0.62,0.6,False
marketing,medium,2,209,5,False,True,0.71,0.82,False
sales,medium,4,149,3,False,True,0.95,0.86,False
sales,medium,4,264,3,False,False,0.59,0.69,False
sales,high,5,207,2,False,False,0.87,0.87,False
sales,low,3,239,6,False,False,0.78,0.17,False
sales,medium,6,239,5,False,False,0.51,0.94,False
sales,medium,4,258,3,False,False,1.0,0.5,False
sales,medium,3,203,3,False,False,0.72,0.16,False
sales,medium,2,258,3,False,False,0.99,0.89,False
IT,low,3,257,3,True,False,0.51,0.69,False
product_management,low,5,134,3,False,False,0.51,0.5,False
product_management,low,6,240,2,False,False,0.46,0.16,False
product_management,low,2,237,5,True,False,0.99,0.75,False
product_management,low,5,157,2,False,False,0.66,0.64,False
IT,low,4,275,3,False,False,0.43,0.78,False
management,high,2,228,3,False,False,0.74,0.81,False
management,high,3,254,2,False,False,0.58,0.55,False
management,high,4,257,2,False,False,0.53,0.53,False
management,high,3,231,2,True,False,0.73,0.69,False
management,high,3,217,3,False,False,0.53,0.8,False
management,high,3,286,6,False,False,0.98,0.77,False
marketing,low,4,236,3,False,False,0.8,0.84,False
sales,low,4,215,2,False,False,0.55,0.64,False
accounting,low,4,157,3,False,False,0.57,0.78,False
support,low,3,149,3,False,False,0.7,0.67,False
engineering,low,3,221,2,False,False,0.77,0.81,False
management,low,4,238,2,False,False,0.82,0.91,False
marketing,medium,6,250,2,False,False,0.89,0.75,False
marketing,medium,3,202,4,True,False,0.96,0.78,False
marketing,medium,4,173,2,False,False,0.52,0.54,False
sales,medium,5,250,3,True,False,0.71,0.77,False
sales,medium,4,270,3,True,False,0.63,0.89,False
sales,medium,3,232,5,False,False,0.98,0.16,False
sales,medium,4,260,3,False,False,0.99,0.77,False
sales,medium,5,232,4,False,False,0.48,0.69,False
sales,medium,4,134,3,False,False,0.81,0.61,False
sales,medium,4,189,3,False,False,0.81,0.59,False
IT,medium,4,113,3,False,False,0.8,0.58,False
product_management,medium,5,264,3,False,False,0.67,0.88,False
product_management,high,5,260,2,False,False,0.63,0.51,False
product_management,low,3,132,3,False,False,0.7,0.31,False
product_management,medium,4,168,3,False,False,0.52,0.52,False
IT,medium,3,186,3,True,False,0.46,0.57,False
management,high,3,267,2,False,False,0.77,0.5,False
management,high,3,180,3,False,False,0.63,0.74,False
management,high,3,211,3,False,False,0.77,0.74,False
management,high,2,268,2,False,False,0.51,0.82,False
management,high,3,206,3,False,False,0.71,0.74,False
management,high,6,113,3,False,False,0.59,0.2,False
marketing,low,4,179,3,False,False,0.48,0.63,False
sales,low,6,157,6,True,False,0.8,0.19,False
accounting,low,4,127,5,False,False,0.62,0.4,False
support,low,2,179,5,False,True,0.37,0.71,False
engineering,low,4,197,3,False,True,0.73,0.84,False
management,low,4,251,4,True,True,0.84,0.59,False
marketing,low,4,250,3,True,True,0.85,0.57,False
marketing,low,2,176,5,False,True,0.61,0.81,False
marketing,low,4,246,3,False,True,0.7,0.8,False
sales,low,3,155,3,False,True,0.66,0.49,False
sales,low,3,178,2,False,True,0.64,0.55,False
sales,low,3,213,5,True,True,0.4,0.68,False
sales,low,3,150,2,False,True,0.67,0.55,False
sales,low,3,166,2,False,False,0.62,0.59,False
sales,low,5,169,4,False,False,0.8,0.91,False
sales,low,4,208,3,False,False,0.9,0.48,False
sales,low,3,209,2,False,False,0.66,0.84,False
IT,medium,4,167,3,False,False,0.54,0.73,False
product_management,medium,6,281,3,False,False,0.59,0.28,False
product_management,medium,3,156,4,False,False,0.65,0.77,False
product_management,medium,3,265,3,False,False,0.65,0.67,False
product_management,medium,3,142,3,True,False,0.53,0.5,False
IT,medium,3,143,4,False,False,0.47,0.32,False
r&d,medium,3,134,3,False,False,0.78,0.57,False
r&d,medium,5,268,3,False,False,0.8,0.51,False
r&d,medium,3,255,2,False,False,0.6,0.61,False
r&d,medium,4,157,2,False,False,0.73,0.83,False
r&d,medium,5,151,3,False,False,0.97,0.87,False
r&d,medium,3,157,2,False,False,0.63,0.7,False
marketing,high,3,139,3,False,False,0.65,0.78,False
sales,low,4,196,2,True,False,0.53,0.71,False
accounting,medium,3,159,2,False,False,0.99,0.68,False
support,medium,4,224,4,True,False,0.53,0.75,False
engineering,medium,3,215,7,True,False,0.53,0.7,False
management,medium,5,157,7,True,False,0.94,0.59,False
marketing,low,4,157,7,False,False,0.87,0.64,False
marketing,low,5,146,7,True,False,0.88,0.61,False
marketing,low,2,286,7,False,False,0.49,0.77,False
sales,low,3,203,3,False,False,0.64,0.51,False
sales,low,3,168,7,False,False,0.49,0.49,False
sales,low,3,170,7,False,False,0.75,0.77,False
sales,low,3,266,7,False,False,0.86,0.31,False
sales,low,3,183,3,False,False,0.76,0.54,False
sales,low,4,264,3,False,False,0.66,0.56,False
sales,low,4,205,3,False,False,0.77,0.65,False
sales,low,2,192,3,False,False,0.36,0.49,False
engineering,low,3,176,3,False,False,0.79,0.82,False
support,low,3,183,2,False,False,0.52,0.6,False
support,low,3,156,6,True,False,0.63,0.64,False
support,low,3,150,3,False,False,0.68,0.7,False
support,low,4,204,8,True,False,0.89,0.65,False
support,low,5,131,8,False,False,0.78,0.69,False
support,low,5,248,8,True,False,0.74,0.93,False
support,low,4,168,8,False,False,0.52,0.55,False
support,low,4,146,8,True,False,0.87,0.75,False
support,low,4,246,3,False,False,0.43,0.47,False
support,medium,5,216,10,True,False,0.88,0.72,False
support,medium,3,203,10,False,False,0.92,0.59,False
engineering,medium,3,199,10,False,False,0.49,0.98,False
engineering,medium,2,102,8,False,False,0.52,0.39,False
engineering,medium,4,139,8,False,False,0.87,0.93,False
management,medium,5,208,8,True,False,0.97,0.71,False
IT,medium,4,215,4,False,False,0.54,0.49,False
IT,medium,4,233,3,False,False,0.93,0.63,False
IT,medium,3,169,10,False,False,0.64,0.45,False
IT,medium,3,190,10,True,False,0.64,0.77,False
IT,medium,4,236,7,False,False,0.63,0.77,False
product_management,medium,4,266,7,False,False,0.92,0.5,False
product_management,high,4,156,7,False,False,0.42,0.45,False
product_management,low,4,153,7,False,False,0.47,0.81,False
product_management,medium,3,175,3,False,False,0.67,0.83,False
IT,medium,6,174,10,False,False,0.76,0.47,False
management,high,4,154,10,False,False,0.89,0.25,False
management,high,5,251,10,False,False,0.55,0.89,False
management,high,3,164,10,False,False,0.57,0.97,False
management,high,2,225,10,False,False,0.65,0.6,False
management,high,2,134,10,False,False,0.72,0.67,False
management,high,3,144,3,False,False,0.77,0.89,False
sales,low,5,211,3,False,False,0.91,0.6,False
sales,low,4,139,3,False,False,0.79,0.64,False
sales,low,3,268,3,False,False,0.66,0.57,False
sales,low,5,171,3,True,False,0.98,0.56,False
sales,medium,4,260,2,False,False,0.9,0.6,False
sales,medium,6,224,3,False,False,0.66,0.17,False
sales,medium,4,233,3,False,False,0.49,0.74,False
sales,medium,3,125,7,False,False,0.41,0.44,False
sales,medium,4,233,7,False,False,0.89,0.51,False
sales,medium,3,162,7,False,False,0.57,0.86,False
sales,medium,4,198,7,False,False,0.48,0.96,False
sales,medium,4,198,7,False,False,0.82,0.87,False
sales,medium,3,243,3,True,False,0.79,0.58,False
sales,medium,4,281,7,False,False,0.56,0.24,False
sales,medium,4,259,7,True,False,0.8,0.42,False
sales,medium,4,184,7,False,False,0.94,0.65,False
sales,medium,6,189,3,True,False,0.92,0.73,False
sales,medium,4,258,3,False,False,0.6,0.63,False
sales,medium,4,225,3,False,False,0.48,0.95,False
sales,medium,5,145,3,False,False,0.83,0.52,False
sales,medium,3,164,3,False,False,0.55,0.96,False
sales,medium,4,254,2,False,False,0.51,0.66,False
sales,medium,4,154,6,True,False,0.44,0.98,False
sales,medium,5,248,3,False,False,0.79,0.56,False
sales,medium,3,154,8,True,False,0.54,0.97,False
sales,medium,3,242,8,False,False,0.92,0.72,False
sales,medium,4,194,8,False,False,0.78,0.74,False
sales,medium,5,261,8,False,False,0.6,0.2,False
sales,medium,3,245,8,False,False,0.56,0.73,False
sales,low,3,247,3,False,False,0.79,0.76,False
sales,low,4,147,10,False,False,0.54,0.65,False
sales,low,3,139,10,True,False,0.5,0.66,False
sales,low,6,137,10,False,False,0.97,0.96,False
sales,low,4,177,8,False,False,0.55,0.57,False
IT,low,4,184,8,False,False,0.82,0.61,False
product_management,low,3,212,8,False,False,0.69,0.57,False
product_management,low,3,159,4,False,False,0.47,0.59,False
product_management,low,4,178,3,False,False,0.68,0.92,False
product_management,low,3,149,10,False,False,0.56,0.79,False
IT,low,4,223,10,False,False,0.66,0.95,False
management,high,6,263,7,False,False,0.81,0.24,False
management,high,4,161,7,False,False,0.52,0.49,False
management,high,3,192,7,False,False,0.68,0.49,False
management,high,5,215,7,False,False,0.51,0.97,False
management,high,4,261,3,False,False,0.78,0.55,False
management,high,5,222,10,False,False,0.56,0.76,False
marketing,low,3,223,10,False,False,0.99,0.53,False
sales,low,3,182,10,False,False,0.86,0.51,False
accounting,low,2,204,10,False,False,0.93,0.57,False
support,low,3,195,10,False,False,0.91,0.58,False
engineering,low,4,146,10,False,False,0.98,0.6,False
management,low,4,233,4,True,False,0.74,0.65,False
marketing,low,2,147,3,False,False,0.75,0.91,False
marketing,low,3,156,5,False,False,0.55,0.65,False
marketing,low,3,240,2,True,False,0.49,0.18,False
sales,low,4,177,7,False,False,0.9,0.66,False
sales,medium,3,135,7,False,False,0.8,0.78,False
sales,medium,5,178,7,True,False,0.65,0.82,False
sales,medium,3,190,7,False,False,0.64,0.54,False
sales,medium,3,240,7,False,False,0.84,0.95,False
sales,medium,4,172,3,False,False,0.85,0.65,False
sales,medium,3,271,7,False,False,0.55,0.83,False
sales,medium,5,188,7,False,False,0.6,0.15,False
IT,medium,4,197,7,False,False,0.59,0.59,False
product_management,medium,5,151,3,False,False,0.94,0.99,False
product_management,medium,3,263,3,False,False,0.72,0.76,False
product_management,medium,2,223,3,False,False,0.67,0.64,False
product_management,medium,4,151,3,False,False,0.75,0.95,False
IT,high,3,191,3,False,False,0.66,0.53,False
management,high,2,162,2,False,False,0.5,0.59,False
management,high,5,195,6,False,False,0.86,0.69,False
management,high,4,222,3,False,False,0.49,0.5,False
management,high,3,179,8,False,False,0.96,0.89,False
management,high,3,106,8,False,False,0.39,0.56,False
management,high,3,214,8,True,False,0.68,0.77,False
marketing,high,3,259,8,True,False,0.75,0.15,False
sales,low,3,145,8,False,False,0.58,0.88,False
accounting,low,4,153,3,False,False,0.86,0.89,False
support,low,2,117,10,True,False,0.52,0.65,False
engineering,low,3,207,10,False,False,0.99,0.58,False
management,low,3,265,10,True,False,0.85,0.56,False
marketing,low,5,279,8,False,False,0.72,0.25,False
marketing,low,4,225,8,False,False,0.89,0.87,False
marketing,low,3,158,8,True,False,0.4,0.62,False
sales,medium,4,211,4,False,False,0.75,0.72,False
sales,medium,4,175,3,False,False,0.94,0.49,False
sales,medium,4,224,10,False,False,0.91,0.57,False
sales,medium,3,190,10,False,False,0.65,0.63,False
sales,medium,5,240,7,False,False,0.63,0.91,False
sales,medium,5,225,7,False,False,0.68,0.7,False
sales,medium,5,192,7,False,False,0.95,0.66,False
IT,medium,5,262,7,False,False,0.48,0.77,False
product_management,medium,3,250,3,True,False,0.97,0.68,False
product_management,medium,3,155,10,False,False,0.46,0.34,False
product_management,medium,4,238,10,True,False,0.64,0.97,False
product_management,medium,4,249,10,False,False,0.75,0.57,False
IT,medium,3,272,10,False,False,0.65,0.66,False
management,high,4,162,10,False,False,0.67,0.68,False
management,high,4,254,10,False,False,0.78,0.49,False
management,high,4,184,3,False,False,0.66,0.72,False
management,high,4,269,10,False,False,0.89,0.77,False
management,high,3,201,10,False,False,0.73,0.77,False
management,high,4,247,10,False,False,0.73,0.59,False
marketing,medium,6,221,10,False,False,0.67,0.41,False
sales,medium,5,247,10,False,False,0.64,0.94,False
accounting,medium,4,135,10,False,False,0.61,0.91,False
support,medium,3,260,4,True,False,0.84,0.7,False
engineering,high,3,188,3,False,False,0.52,0.51,False
management,low,4,159,5,False,False,0.7,0.22,False
marketing,medium,3,153,2,False,False,0.65,0.69,False
marketing,medium,5,167,7,False,False,0.68,0.2,False
marketing,medium,3,158,7,False,False,0.85,0.9,False
sales,medium,3,180,7,False,False,0.85,0.76,False
sales,medium,3,211,7,False,False,0.51,0.88,False
sales,medium,4,104,7,True,False,0.63,0.31,False
sales,medium,6,174,3,False,False,0.66,0.17,False
sales,medium,3,195,7,False,False,0.77,0.91,False
sales,medium,5,211,7,True,False,0.38,0.97,False
sales,medium,5,232,7,False,False,0.77,0.61,False
sales,low,5,216,3,False,False,0.67,0.74,False
IT,low,5,265,3,False,False,0.82,0.65,False
product_management,low,5,184,3,False,False,0.73,0.87,False
product_management,low,5,244,3,False,False,0.71,0.56,False
product_management,low,4,202,3,False,False,0.69,0.78,False
product_management,low,3,146,2,False,False,0.57,0.73,False
IT,low,4,161,6,False,False,0.78,0.66,False
r&d,high,5,280,3,True,False,0.81,0.15,False
r&d,low,5,208,8,True,False,0.69,0.52,False
r&d,high,6,134,8,False,False,0.66,0.44,False
r&d,high,3,162,8,False,False,0.7,0.7,False
r&d,low,5,209,8,True,False,0.52,0.63,False
r&d,low,3,265,8,False,False,0.59,0.89,False
marketing,high,4,173,3,False,False,0.85,0.96,False
sales,low,4,261,10,True,False,0.99,0.98,False
accounting,medium,3,204,10,False,False,0.82,0.62,False
support,high,3,144,10,True,False,0.73,0.62,False
engineering,medium,5,113,8,False,False,0.43,0.69,False
management,medium,4,144,8,False,False,0.91,0.5,False
marketing,medium,5,140,8,False,False,0.93,0.71,False
marketing,medium,3,245,4,False,False,0.68,0.5,False
marketing,high,3,188,3,False,False,0.6,0.93,False
sales,medium,5,199,10,True,False,0.77,0.95,False
sales,medium,6,154,10,True,False,0.61,0.17,False
sales,medium,4,138,7,False,False,0.68,0.92,False
sales,high,3,147,7,False,False,0.48,0.64,False
sales,medium,6,173,7,False,False,0.42,0.27,False
sales,high,3,223,7,False,False,0.87,0.66,False
sales,low,3,200,3,False,False,0.69,0.59,False
sales,medium,4,189,10,False,False,0.98,0.93,False
engineering,medium,5,133,10,False,False,0.67,0.58,False
support,medium,3,160,10,False,False,0.6,0.96,False
support,medium,3,153,10,False,False,0.85,0.69,False
support,low,4,142,10,True,False,0.38,0.41,False
support,low,3,167,10,False,False,0.41,0.36,False
support,low,4,227,2,False,False,0.78,0.71,False
support,low,4,144,4,False,False,0.9,0.94,False
support,low,4,140,3,False,False,0.76,0.51,False
support,low,4,220,3,True,False,0.48,0.83,False
support,low,3,180,3,False,False,0.62,0.22,False
support,low,4,173,4,False,False,0.89,0.66,False
support,low,3,179,5,False,False,0.58,0.14,False
engineering,low,5,137,5,True,False,0.96,0.16,False
engineering,high,3,165,3,False,False,0.78,0.81,False
engineering,low,3,177,3,False,False,0.94,0.73,False
management,low,5,168,3,False,False,0.58,0.7,False
IT,low,3,245,4,False,False,0.73,0.62,False
IT,low,5,258,2,False,False,0.83,0.5,False
IT,high,3,159,2,False,False,0.88,0.7,False
IT,low,3,163,3,True,False,0.73,0.53,False
IT,low,3,174,2,False,False,0.9,0.87,False
product_management,low,3,214,2,True,False,0.6,0.59,False
product_management,high,4,191,3,True,False,0.67,0.94,False
product_management,low,5,272,5,False,False,0.53,0.2,False
product_management,medium,3,183,2,False,False,0.44,0.42,False
IT,high,4,135,2,False,False,0.66,0.43,False
management,high,6,154,2,False,False,0.76,0.43,False
management,high,5,238,3,False,False,0.86,0.77,False
management,high,2,235,3,False,False,0.98,0.76,False
management,high,3,215,4,False,False,0.9,0.82,False
management,high,5,234,2,False,False,0.66,0.75,False
management,high,4,187,3,False,False,0.98,0.63,False
sales,medium,3,133,3,False,False,0.75,0.51,False
sales,medium,3,123,5,False,False,0.7,0.23,False
sales,medium,4,202,3,False,False,0.58,0.77,False
sales,medium,4,140,3,False,False,0.63,0.54,False
sales,high,4,182,3,True,False,0.85,0.63,False
sales,low,3,179,2,True,False,0.45,0.55,False
sales,medium,3,150,3,True,False,0.63,0.31,False
sales,medium,4,151,3,False,False,0.74,0.98,False
sales,medium,6,117,7,False,False,0.95,0.16,False
sales,medium,3,156,7,False,False,0.78,0.54,False
sales,medium,3,211,7,False,False,0.48,0.73,False
sales,medium,6,286,7,False,True,0.63,0.16,False
sales,medium,5,233,7,False,True,0.82,0.57,False
sales,medium,4,222,3,True,True,0.88,0.88,False
sales,medium,4,258,7,False,True,0.81,0.95,False
sales,high,5,231,7,False,True,0.7,0.93,False
sales,low,3,220,7,False,True,0.58,0.91,False
sales,low,4,134,3,False,True,0.82,0.77,False
sales,low,6,141,3,True,False,0.94,0.24,False
sales,high,5,160,3,True,False,0.74,0.74,False
sales,low,4,259,3,False,False,0.59,0.53,False
sales,low,5,232,3,False,False,0.77,0.89,False
sales,low,5,272,2,False,False,0.77,0.23,False
sales,high,3,215,6,False,False,0.66,0.69,False
sales,low,4,222,3,False,False,0.72,0.52,False
sales,low,3,244,8,False,False,0.58,0.9,False
sales,low,5,224,8,True,False,0.63,0.92,False
sales,low,5,200,8,True,False,0.59,0.72,False
sales,low,4,143,8,False,False,0.61,0.92,False
sales,low,5,238,8,False,False,0.86,0.79,False
sales,low,4,145,3,False,False,0.89,0.48,False
sales,medium,4,108,10,False,False,0.76,0.27,False
sales,medium,3,247,10,False,False,0.49,0.67,False
sales,medium,3,213,10,False,False,0.7,0.48,False
IT,medium,4,209,8,True,False,0.6,0.99,False
product_management,medium,4,240,8,False,False,0.88,0.49,False
product_management,medium,3,100,8,True,False,0.45,0.39,False
product_management,medium,4,265,4,True,False,0.92,0.99,False
product_management,medium,3,209,3,False,False,0.57,0.78,False
IT,medium,3,154,10,False,False,0.73,0.5,False
management,high,5,230,10,False,False,0.79,0.61,False
management,high,4,208,7,False,True,0.6,0.88,False
management,high,2,141,7,True,True,0.44,0.44,False
management,high,3,262,7,True,True,0.78,0.73,False
management,high,4,206,7,False,True,0.84,0.58,False
management,high,3,166,3,True,True,0.98,0.74,False
marketing,medium,4,117,10,False,True,0.48,0.32,False
sales,medium,4,273,10,False,False,0.83,0.88,False
accounting,medium,4,270,10,False,False,0.9,0.81,False
support,low,3,138,10,False,False,0.92,0.59,False
engineering,low,3,235,10,False,False,0.65,0.79,False
management,low,4,190,10,True,False,0.64,0.92,False
marketing,low,3,192,3,False,False,0.85,0.76,False
marketing,low,5,214,3,True,False,0.65,0.91,False
marketing,low,4,242,2,True,False,0.84,0.8,False
sales,low,4,233,2,False,False,0.72,0.73,False
sales,low,3,218,4,False,False,0.53,0.88,False
sales,low,5,125,4,False,False,0.4,0.65,False
sales,low,4,178,2,False,False,0.5,0.84,False
sales,low,5,272,3,False,False,0.5,0.93,False
sales,low,3,265,4,False,False,0.6,0.64,False
sales,low,4,271,3,False,False,0.72,0.66,False
sales,low,3,179,3,True,False,0.56,0.76,False
IT,low,3,118,4,False,False,0.72,0.34,False
product_management,low,4,196,5,False,False,0.8,0.48,False
product_management,low,4,173,2,False,False,0.61,0.79,False
product_management,low,4,156,3,False,False,0.67,0.82,False
product_management,low,2,180,3,False,False,0.71,0.51,False
IT,low,4,263,3,False,False,0.78,0.84,False
management,high,5,134,3,False,False,0.79,0.66,False
management,high,3,189,3,True,False,0.88,0.72,False
management,high,4,167,4,False,False,0.91,0.53,False
management,high,5,132,2,True,False,0.8,0.81,False
management,high,3,209,2,False,False,0.9,0.58,False
management,high,2,227,5,True,False,0.56,0.82,False
marketing,medium,4,239,3,False,False,0.99,0.72,False
sales,medium,4,172,4,False,False,0.54,0.9,False
accounting,medium,3,188,4,False,False,0.91,0.98,False
support,medium,3,265,3,False,False,0.74,0.56,False
engineering,medium,3,153,3,True,False,0.82,0.77,False
management,medium,4,242,2,False,False,0.89,0.61,False
marketing,medium,4,262,3,True,True,0.61,0.97,False
marketing,high,3,246,2,False,True,0.55,0.64,False
marketing,low,4,211,2,False,True,0.97,0.99,False
sales,medium,3,145,4,False,True,0.42,0.61,False
sales,medium,4,256,3,False,True,0.71,0.72,False
sales,medium,2,245,2,True,True,0.91,0.67,False
sales,medium,3,151,3,False,False,0.56,0.9,False
sales,low,4,245,2,False,False,0.73,0.9,False
sales,low,4,171,3,False,False,0.61,0.63,False
sales,low,3,252,2,False,False,0.88,0.64,False
IT,low,3,175,2,False,False,0.65,0.44,False
product_management,low,4,210,3,False,False,0.94,0.64,False
product_management,low,2,180,2,False,False,0.95,0.65,False
product_management,low,5,103,5,False,False,0.9,0.69,False
product_management,low,4,110,3,False,False,0.51,0.93,False
IT,low,5,184,3,False,False,0.9,0.73,False
management,high,4,161,2,False,False,0.6,0.83,False
management,high,5,210,3,False,False,0.49,0.82,False
management,high,2,212,2,False,False,0.91,0.39,False
management,high,6,106,6,False,False,0.47,0.53,False
management,high,4,179,3,False,False,0.81,0.88,False
management,high,5,217,3,False,False,0.6,0.8,False
marketing,low,4,184,3,False,False,0.79,0.68,False
sales,low,3,210,2,False,False,0.6,0.66,False
accounting,low,4,246,2,False,False,0.61,0.61,False
support,low,4,262,3,False,False,0.55,0.74,False
engineering,low,4,245,3,True,True,0.83,0.61,False
management,low,3,222,3,True,True,0.99,0.57,False
marketing,medium,4,146,4,False,True,0.54,0.68,False
marketing,medium,4,263,3,False,True,0.79,0.75,False
marketing,medium,5,134,2,False,True,0.57,0.29,False
sales,medium,5,250,4,False,True,0.81,0.81,False
sales,medium,4,173,3,False,False,0.68,0.53,False
sales,medium,6,173,3,False,False,0.96,0.42,False
sales,medium,4,252,3,True,False,0.67,0.64,False
sales,medium,2,230,4,False,False,0.5,0.63,False
sales,medium,4,212,2,True,False,0.81,0.81,False
sales,medium,5,187,2,False,False,0.66,0.71,False
sales,medium,5,241,2,False,False,0.83,0.7,False
IT,medium,3,164,4,False,False,1.0,0.53,False
product_management,high,6,218,6,True,False,0.93,0.16,False
product_management,low,4,194,3,False,False,0.55,0.17,False
product_management,medium,3,158,2,False,False,0.95,0.7,False
product_management,medium,2,149,4,False,False,0.88,0.43,False
IT,medium,4,161,2,False,False,0.62,0.49,False
management,high,5,226,2,False,False,0.9,0.5,False
management,high,2,111,2,False,False,0.59,0.57,False
management,high,4,258,3,False,False,0.75,0.68,False
management,high,3,266,2,False,False,0.61,0.62,False
management,high,3,253,3,False,False,0.75,0.69,False
management,high,5,160,3,False,False,0.7,0.63,False
marketing,low,5,230,3,True,False,0.62,0.76,False
sales,low,5,198,3,False,False,0.76,0.62,False
accounting,low,3,250,3,False,False,0.69,0.82,False
support,low,4,225,5,False,False,0.7,0.2,False
engineering,low,3,178,3,True,False,0.7,0.16,False
management,low,4,196,3,False,False,0.78,0.2,False
marketing,low,4,240,2,False,False,0.51,0.53,False
marketing,low,3,204,3,False,False,0.63,0.71,False
marketing,low,3,250,3,False,False,0.93,0.7,False
sales,low,2,224,2,False,False,0.94,0.92,False
sales,low,4,268,3,False,False,0.92,0.81,False
sales,low,5,167,3,False,False,0.62,0.79,False
sales,low,3,168,3,False,False,0.64,0.53,False
sales,low,4,168,2,False,False,0.56,0.51,False
sales,low,5,158,3,False,False,0.9,0.78,False
sales,low,3,240,3,False,False,0.91,0.5,False
sales,medium,4,261,4,False,False,1.0,0.92,False
engineering,medium,4,176,2,False,False,0.54,0.59,False
support,medium,3,217,3,False,False,0.55,0.77,False
support,medium,5,224,2,False,False,0.87,0.74,False
support,medium,4,196,3,False,False,0.97,0.67,False
support,medium,3,223,3,False,False,0.59,0.56,False
support,medium,5,131,5,True,False,0.44,0.84,False
support,medium,2,167,2,False,False,0.77,0.53,False
support,medium,5,273,3,False,False,0.71,0.86,False
support,medium,3,98,3,False,False,0.68,0.77,False
support,medium,4,253,3,False,False,0.94,0.97,False
support,medium,5,174,3,False,False,0.87,0.69,False
support,high,3,274,2,False,False,0.9,0.73,False
engineering,low,6,174,5,False,False,0.47,0.42,False
engineering,medium,5,173,5,False,False,0.47,0.4,False
engineering,medium,2,198,4,False,False,0.41,0.33,False
management,medium,3,238,2,False,False,0.66,0.68,False
IT,medium,3,256,2,False,False,0.8,0.78,False
IT,low,3,179,2,False,False,0.6,0.92,False
IT,low,4,273,4,True,False,0.66,0.66,False
IT,low,3,104,4,False,False,0.45,0.6,False
IT,low,4,208,3,True,False,0.83,0.86,False
product_management,low,3,275,2,False,False,0.49,0.61,False
product_management,low,3,231,2,True,False,0.68,0.71,False
product_management,low,4,186,3,False,False,0.62,0.86,False
product_management,low,3,241,3,False,False,0.59,0.96,False
IT,low,3,194,2,True,False,0.54,0.7,False
management,high,4,196,3,False,True,0.49,0.38,False
management,high,6,185,3,False,True,0.75,0.39,False
management,high,2,148,2,True,True,0.4,0.49,False
management,high,4,150,3,False,True,0.62,0.78,False
management,high,5,121,5,False,True,0.79,0.74,False
management,high,4,266,3,False,True,0.76,0.82,False
sales,low,2,109,6,False,False,0.42,0.6,False
sales,low,3,143,4,False,False,0.99,0.72,False
sales,low,3,174,3,False,False,0.97,0.73,False
sales,medium,4,159,2,False,False,0.55,0.89,False
sales,medium,4,157,2,False,False,0.94,0.74,False
sales,medium,2,222,2,False,False,0.57,0.83,False
sales,medium,5,199,5,True,False,0.88,0.24,False
sales,medium,3,255,7,True,False,0.89,0.93,False
sales,medium,4,253,7,False,False,0.62,0.96,False
sales,medium,5,149,7,True,False,0.68,0.16,False
sales,medium,6,285,7,False,False,0.85,0.21,False
sales,medium,3,164,7,False,False,0.54,0.69,False
sales,medium,3,243,3,True,False,0.96,0.66,False
sales,medium,2,207,7,False,False,0.39,0.67,False
sales,medium,4,186,7,False,False,0.58,0.85,False
sales,high,4,211,7,False,False,0.92,0.37,False
sales,low,2,190,3,False,False,0.64,0.64,False
sales,medium,2,241,3,False,False,0.82,0.91,False
sales,medium,3,206,3,False,False,0.68,0.96,False
sales,medium,4,273,3,False,False,0.7,0.74,False
sales,medium,2,157,3,False,False,0.99,0.94,False
sales,low,3,183,2,False,False,0.72,0.37,False
sales,low,3,151,6,True,False,0.85,0.92,False
sales,low,3,217,3,False,False,0.72,0.86,False
sales,low,5,235,8,True,False,0.49,0.66,False
sales,low,4,127,8,False,False,0.61,0.19,False
sales,low,5,167,8,False,False,0.61,0.65,False
sales,low,3,260,8,False,False,0.44,0.92,False
sales,low,3,240,8,False,False,0.8,0.83,False
sales,low,4,187,3,False,False,0.82,0.94,False
sales,low,3,126,2,False,False,0.69,0.42,False
sales,low,6,168,3,False,False,0.53,0.78,False
sales,low,4,197,5,False,False,0.76,0.58,False
sales,low,2,170,8,False,False,0.64,0.5,False
IT,low,3,219,8,True,False,0.76,0.82,False
product_management,low,6,137,8,True,False,0.92,0.97,False
product_management,low,3,225,4,False,False,0.93,0.8,False
product_management,low,3,194,3,False,False,0.84,0.82,False
product_management,low,5,251,4,False,False,0.99,0.95,False
IT,low,5,195,4,False,False,0.51,0.88,False
management,high,3,180,7,False,True,0.86,0.5,False
management,high,2,225,7,True,True,0.8,0.53,False
management,high,3,229,7,False,True,0.74,0.82,False
management,high,6,144,7,False,True,0.74,0.15,False
management,high,3,129,3,False,True,0.7,0.92,False
management,high,3,172,10,False,True,0.74,0.53,False
marketing,medium,4,220,10,False,False,1.0,0.58,False
sales,medium,3,273,10,False,False,0.74,0.88,False
accounting,medium,3,245,10,False,False,0.72,0.85,False
support,medium,5,264,10,True,False,0.68,0.99,False
engineering,medium,3,268,10,False,False,0.73,0.94,False
management,medium,3,172,3,False,False,0.94,0.63,False
marketing,medium,3,245,3,False,False,0.9,0.85,False
marketing,medium,5,192,3,False,False,0.66,0.95,False
marketing,high,3,268,4,False,False,0.66,0.71,False
sales,low,4,244,3,False,False,0.88,0.49,False
sales,medium,4,222,4,False,False,0.69,0.71,False
sales,medium,5,239,2,False,False,0.62,0.52,False
sales,medium,3,143,4,False,False,0.72,0.48,False
sales,medium,3,160,3,False,False,0.79,0.82,False
sales,low,2,255,7,False,False,0.76,0.83,False
sales,low,4,152,7,False,False,0.87,0.85,False
sales,low,4,226,7,False,False,0.64,0.57,False
IT,low,5,266,7,False,False,0.63,0.16,False
product_management,low,5,256,7,False,False,0.64,0.85,False
product_management,low,3,198,3,True,False,0.67,0.82,False
product_management,low,4,254,7,False,False,0.89,0.9,False
product_management,low,2,104,7,False,False,0.64,0.92,False
IT,low,4,136,7,False,False,0.48,0.9,False
IT,low,5,205,3,False,False,0.8,0.82,False
IT,low,4,236,3,True,False,0.81,0.84,False
IT,low,3,176,3,False,False,0.65,0.92,False
IT,low,3,148,3,False,False,0.82,0.82,False
IT,low,4,146,3,True,False,0.8,0.8,False
IT,low,3,242,2,False,False,0.85,0.6,False
marketing,high,5,115,6,True,False,0.38,0.14,False
accounting,high,4,150,3,False,False,0.89,0.85,False
accounting,high,3,239,8,False,False,0.81,0.55,False
IT,medium,4,178,8,False,False,0.71,0.49,False
IT,medium,5,263,8,False,False,0.58,0.82,False
management,high,3,272,8,False,False,0.77,0.59,False
marketing,medium,3,133,8,False,False,0.82,0.9,False
marketing,medium,3,149,3,True,False,0.72,0.62,False
marketing,medium,3,193,2,False,False,0.68,0.61,False
sales,medium,5,174,3,True,False,0.55,0.52,False
sales,medium,4,223,5,False,False,0.87,0.79,False
sales,medium,4,201,8,False,False,0.89,0.49,False
sales,medium,2,139,8,False,False,0.67,0.73,False
sales,medium,5,241,8,False,False,0.49,0.67,False
sales,medium,4,187,4,True,False,0.61,0.52,False
sales,medium,4,192,3,False,False,0.64,0.72,False
IT,medium,5,142,4,False,False,0.5,0.48,False
product_management,medium,4,229,4,False,False,0.79,0.19,False
product_management,high,3,104,7,False,False,0.49,0.49,False
product_management,low,3,255,7,False,False,0.76,0.9,False
product_management,medium,4,212,7,False,False,0.49,0.49,False
IT,medium,2,235,7,False,False,0.53,0.6,False
IT,medium,3,237,3,True,False,0.85,0.62,False
management,high,4,253,10,False,True,0.5,0.64,False
management,high,3,193,10,False,True,0.94,0.22,False
management,high,3,259,10,True,True,0.55,0.9,False
management,high,5,266,10,False,True,0.95,0.74,False
management,high,3,185,10,False,True,0.54,0.85,False
marketing,high,3,172,10,False,True,0.65,0.33,False
IT,low,4,180,3,False,False,0.73,0.5,False
sales,low,2,157,3,False,False,0.53,0.38,True
sales,medium,5,262,6,False,False,0.86,0.8,True
sales,medium,7,272,4,False,False,0.88,0.11,True
sales,low,5,223,5,False,False,0.87,0.72,True
sales,low,2,159,3,False,False,0.52,0.37,True
sales,low,2,153,3,False,False,0.5,0.41,True
sales,low,6,247,4,False,False,0.77,0.1,True
sales,low,5,259,5,False,False,0.85,0.92,True
sales,low,5,224,5,False,False,1.0,0.89,True
sales,low,2,142,3,False,False,0.53,0.42,True
sales,low,2,135,3,False,False,0.54,0.45,True
sales,low,6,305,4,False,False,0.81,0.11,True
sales,low,4,234,5,False,False,0.92,0.84,True
sales,low,2,148,3,False,False,0.55,0.41,True
sales,low,2,137,3,False,False,0.56,0.36,True
sales,low,2,143,3,False,False,0.54,0.38,True
sales,low,2,160,3,False,False,0.47,0.45,True
sales,low,4,255,6,False,False,0.99,0.78,True
sales,low,2,160,3,True,True,0.51,0.45,True
sales,low,5,262,5,False,False,0.89,0.76,True
sales,low,6,282,4,False,False,0.83,0.11,True
sales,low,2,147,3,False,False,0.55,0.38,True
sales,low,6,304,4,False,False,0.95,0.09,True
sales,low,2,139,3,False,False,0.57,0.46,True
sales,low,2,158,3,False,False,0.53,0.4,True
sales,low,5,242,5,False,False,0.92,0.89,True
sales,low,4,239,5,False,False,0.87,0.82,True
sales,low,2,135,3,False,False,0.49,0.4,True
accounting,low,2,128,3,False,False,0.46,0.41,True
accounting,low,2,132,3,False,False,0.5,0.38,True
accounting,low,6,294,4,False,False,0.62,0.09,True
hr,low,2,134,3,False,False,0.57,0.45,True
hr,low,2,145,3,False,False,0.51,0.4,True
hr,low,2,140,3,False,False,0.55,0.45,True
hr,low,4,246,6,False,False,0.87,0.84,True
engineering,low,6,255,4,False,False,0.94,0.1,True
engineering,low,2,137,3,False,False,0.46,0.38,True
engineering,low,2,126,3,False,False,0.5,0.45,True
engineering,low,6,306,4,False,False,0.89,0.11,True
engineering,low,2,152,3,False,False,0.54,0.41,True
engineering,low,5,269,5,False,False,0.88,0.87,True
engineering,low,2,158,3,False,False,0.48,0.45,True
engineering,low,2,127,3,False,False,0.46,0.4,True
engineering,low,7,281,4,False,False,0.8,0.1,True
engineering,low,6,276,4,False,False,0.89,0.09,True
engineering,low,3,182,4,False,False,0.74,0.84,True
support,low,2,147,3,False,False,0.55,0.4,True
support,low,3,273,6,False,False,0.7,0.57,True
support,low,2,148,3,False,False,0.54,0.4,True
support,low,2,147,3,False,False,0.47,0.43,True
support,low,6,152,2,False,False,0.78,0.13,True
support,low,2,135,3,False,False,0.55,0.44,True
support,low,2,134,3,False,False,0.55,0.38,True
support,low,2,132,3,False,False,0.54,0.39,True
support,low,7,307,4,False,False,0.92,0.1,True
support,low,2,140,3,False,False,0.46,0.37,True
support,low,7,255,4,False,False,0.94,0.11,True
engineering,low,6,309,4,False,False,0.81,0.1,True
engineering,low,2,128,3,False,False,0.54,0.38,True
engineering,low,4,225,5,False,False,1.0,0.85,True
management,medium,5,226,5,False,False,0.91,0.85,True
IT,medium,7,308,4,False,False,0.93,0.11,True
IT,medium,6,244,5,False,False,0.95,0.1,True
IT,medium,2,132,3,False,False,0.56,0.36,True
IT,medium,6,286,4,False,False,0.94,0.11,True
IT,medium,6,161,4,False,False,0.7,0.81,True
product_management,medium,2,153,3,False,False,0.54,0.43,True
product_management,medium,4,264,6,False,False,0.98,0.9,True
product_management,medium,5,223,5,True,False,0.86,0.76,True
product_management,medium,2,135,3,False,False,0.5,0.43,True
IT,medium,2,277,3,False,False,0.99,0.74,True
product_management,medium,5,275,4,False,False,0.77,0.09,True
product_management,high,2,149,3,False,False,0.49,0.45,True
product_management,low,7,295,4,False,False,0.87,0.09,True
product_management,medium,6,277,4,False,False,0.97,0.11,True
product_management,medium,7,306,4,False,False,0.79,0.11,True
product_management,medium,6,295,4,False,False,0.83,0.1,True
marketing,medium,2,137,3,False,False,0.54,0.4,True
sales,low,2,157,3,False,False,0.56,0.43,True
accounting,low,2,142,3,False,False,0.56,0.39,True
support,low,2,140,3,False,False,0.54,0.45,True
engineering,low,2,151,3,False,False,0.49,0.38,True
management,low,4,139,3,False,True,0.59,0.79,True
marketing,low,4,249,6,False,False,0.85,0.84,True
marketing,low,6,291,4,False,False,0.77,0.11,True
marketing,low,6,305,4,False,False,0.87,0.11,True
sales,low,5,232,3,False,False,0.84,0.17,True
sales,low,2,132,3,False,False,0.45,0.44,True
sales,low,2,130,3,False,False,0.57,0.37,True
sales,low,6,291,4,False,False,0.79,0.1,True
sales,low,2,130,3,False,False,0.5,0.4,True
sales,low,5,246,5,False,False,1.0,0.89,True
sales,low,2,143,3,False,False,0.48,0.42,True
sales,low,2,129,3,False,False,0.55,0.46,True
sales,low,6,255,4,False,False,0.83,0.09,True
sales,low,2,155,3,False,False,0.51,0.37,True
sales,low,6,265,4,False,False,0.77,0.1,True
sales,low,6,279,4,False,False,0.84,0.1,True
sales,low,6,284,4,False,False,0.97,0.11,True
sales,medium,5,221,6,False,False,1.0,0.9,True
sales,medium,2,154,3,False,False,0.52,0.38,True
sales,medium,2,147,3,False,False,0.52,0.36,True
sales,medium,2,150,3,False,False,0.46,0.42,True
sales,medium,7,267,4,False,False,0.94,0.09,True
sales,medium,2,158,3,False,False,0.52,0.43,True
accounting,medium,7,224,5,False,False,0.46,0.24,True
accounting,medium,4,257,5,False,False,1.0,0.91,True
accounting,medium,2,148,3,False,False,0.5,0.44,True
hr,medium,3,177,4,False,False,0.87,0.71,True
hr,medium,2,155,3,False,False,0.49,0.4,True
hr,medium,2,144,3,False,False,0.47,0.43,True
hr,high,6,289,4,False,False,0.85,0.09,True
engineering,low,2,160,3,False,False,0.52,0.43,True
engineering,medium,4,258,5,False,False,0.96,0.9,True
engineering,medium,5,234,5,False,False,1.0,0.84,True
engineering,medium,2,137,3,False,False,0.48,0.37,True
engineering,medium,5,263,2,False,False,0.68,0.86,True
engineering,low,6,251,4,False,False,0.84,0.11,True
engineering,low,2,133,3,False,False,0.57,0.37,True
engineering,low,2,132,3,False,False,0.46,0.4,True
engineering,low,4,158,4,True,False,0.62,0.14,True
engineering,low,2,135,3,False,False,0.46,0.4,True
engineering,low,4,216,6,False,False,1.0,0.75,True
support,low,6,300,5,True,False,0.84,0.11,True
support,low,2,138,3,False,False,0.49,0.46,True
support,low,6,260,4,False,False,0.92,0.11,True
support,low,2,132,3,False,False,0.49,0.38,True
support,low,3,183,5,False,False,0.89,0.7,True
support,low,6,250,4,False,False,0.82,0.09,True
support,low,2,151,3,False,False,0.45,0.37,True
support,low,6,292,4,False,False,0.83,0.1,True
support,low,2,140,3,False,False,0.57,0.38,True
support,low,5,221,5,False,False,1.0,0.9,True
support,low,2,138,3,False,False,0.51,0.44,True
engineering,low,2,132,3,False,False,0.5,0.36,True
engineering,low,7,133,5,False,False,0.84,0.31,True
engineering,low,6,283,4,True,False,0.84,0.1,True
management,low,2,129,3,False,False,0.48,0.42,True
IT,low,4,249,5,False,False,1.0,0.74,True
IT,low,5,257,5,False,False,0.87,0.73,True
IT,low,6,245,4,False,False,0.96,0.09,True
IT,low,2,155,3,False,False,0.53,0.45,True
IT,low,6,256,4,False,False,0.8,0.11,True
product_management,low,2,152,3,False,False,0.47,0.37,True
product_management,low,4,267,5,False,False,0.99,0.84,True
product_management,low,2,151,3,False,False,0.46,0.41,True
product_management,low,4,239,5,False,False,0.92,0.76,True
IT,low,6,306,4,False,False,0.87,0.11,True
marketing,low,4,263,5,True,False,0.88,0.84,True
marketing,low,2,147,3,False,False,0.5,0.39,True
marketing,low,6,278,4,False,False,0.91,0.11,True
marketing,low,2,154,3,False,False,0.56,0.45,True
marketing,low,2,143,3,False,False,0.52,0.37,True
marketing,low,2,155,3,False,False,0.52,0.4,True
sales,low,2,160,3,False,False,0.48,0.39,True
accounting,low,6,304,4,False,False,0.8,0.11,True
support,low,5,240,5,False,False,1.0,0.83,True
engineering,low,6,305,4,False,False,0.92,0.11,True
management,low,2,136,3,False,False,0.5,0.39,True
marketing,low,2,132,3,False,False,0.45,0.45,True
marketing,low,7,301,4,False,False,0.95,0.1,True
marketing,low,5,243,6,False,False,0.98,0.9,True
sales,low,2,147,3,False,False,0.51,0.45,True
sales,low,5,239,5,False,False,0.89,0.79,True
sales,low,5,260,5,False,False,0.99,0.9,True
sales,low,7,296,4,False,False,0.84,0.11,True
sales,low,2,129,3,False,False,0.55,0.43,True
sales,low,5,132,5,False,False,0.54,0.31,True
sales,low,2,135,5,False,False,0.5,0.32,True
sales,low,2,158,3,False,False,0.57,0.45,True
sales,low,4,259,5,False,False,0.99,0.81,True
sales,low,2,160,3,False,True,0.46,0.41,True
sales,low,7,278,4,False,False,0.78,0.11,True
sales,low,6,284,4,False,False,0.88,0.1,True
sales,low,2,274,4,False,False,0.53,0.7,True
sales,low,4,164,2,False,False,0.74,0.54,True
sales,low,2,148,3,False,False,0.48,0.41,True
sales,medium,2,140,3,False,False,0.5,0.38,True
sales,medium,2,127,3,False,False,0.51,0.37,True
sales,medium,6,308,5,False,False,0.85,0.11,True
sales,medium,2,146,3,False,False,0.47,0.4,True
accounting,medium,6,261,4,False,False,0.84,0.1,True
accounting,medium,5,257,5,False,False,0.99,0.89,True
accounting,medium,6,285,4,False,False,0.8,0.11,True
hr,medium,2,141,3,False,False,0.55,0.36,True
hr,medium,2,127,3,False,False,0.46,0.4,True
hr,medium,6,297,4,False,False,0.85,0.09,True
hr,medium,2,143,3,False,False,0.46,0.4,True
engineering,medium,2,152,3,False,False,0.55,0.37,True
engineering,high,2,156,3,False,False,0.51,0.44,True
engineering,low,7,283,5,False,False,0.8,0.09,True
engineering,medium,4,226,6,True,False,0.87,0.92,True
engineering,medium,4,232,5,False,False,0.91,0.74,True
engineering,medium,6,249,4,False,False,0.82,0.09,True
engineering,medium,4,275,5,False,False,0.95,0.89,True
engineering,low,6,304,4,False,False,0.8,0.09,True
engineering,low,7,278,3,False,False,0.54,0.27,True
engineering,low,6,287,4,False,False,0.91,0.1,True
engineering,low,7,285,4,False,False,0.89,0.1,True
support,low,5,226,6,False,False,0.94,0.77,True
support,low,5,259,5,False,False,0.82,0.9,True
support,low,2,135,3,False,False,0.5,0.39,True
support,low,5,219,5,False,False,1.0,0.76,True
support,low,6,256,4,False,False,0.93,0.1,True
support,low,5,254,6,False,False,0.9,0.87,True
support,low,2,153,3,False,False,0.5,0.38,True
support,low,5,228,5,False,False,0.99,0.77,True
support,low,4,228,5,False,False,0.87,0.78,True
support,low,2,128,3,False,False,0.5,0.44,True
support,low,2,153,3,False,False,0.52,0.38,True
engineering,low,2,156,3,False,False,0.46,0.43,True
engineering,low,4,294,3,False,False,0.5,0.39,True
engineering,low,5,219,5,False,False,1.0,0.88,True
management,low,2,153,3,False,False,0.46,0.45,True
IT,low,2,151,3,False,False,0.53,0.4,True
IT,low,2,155,3,False,False,0.51,0.36,True
IT,low,2,158,3,False,False,0.48,0.36,True
IT,low,5,245,5,False,False,0.98,0.9,True
IT,low,2,131,3,False,False,0.53,0.43,True
product_management,low,5,225,5,False,False,0.87,0.89,True
product_management,low,6,286,4,False,False,0.84,0.1,True
product_management,low,2,135,3,False,False,0.5,0.37,True
product_management,low,2,153,3,False,False,0.51,0.37,True
IT,low,5,252,5,False,False,0.9,0.87,True
accounting,low,2,149,3,False,False,0.56,0.4,True
accounting,low,4,258,5,False,False,0.97,0.9,True
hr,low,2,158,3,False,False,0.46,0.37,True
hr,low,2,149,3,False,False,0.54,0.44,True
hr,low,5,236,5,False,False,0.95,0.85,True
marketing,low,5,239,6,False,False,0.98,0.78,True
marketing,low,2,159,3,False,False,0.47,0.42,True
sales,low,5,255,6,False,False,0.99,0.92,True
accounting,low,6,244,4,False,False,0.83,0.11,True
support,low,2,134,3,False,False,0.56,0.42,True
engineering,low,4,270,4,False,False,0.57,0.48,True
management,low,4,255,5,False,False,0.85,0.83,True
marketing,low,2,151,3,False,False,0.53,0.4,True
marketing,low,2,135,3,False,False,0.45,0.43,True
marketing,low,2,146,3,False,False,0.53,0.43,True
sales,low,7,254,4,False,False,0.97,0.1,True
sales,low,7,289,4,False,False,0.87,0.1,True
sales,low,2,156,3,False,False,0.46,0.37,True
sales,low,2,156,3,False,False,0.53,0.38,True
sales,low,2,128,3,False,False,0.5,0.4,True
sales,low,5,275,5,False,False,0.86,0.89,True
sales,low,2,155,3,False,False,0.46,0.45,True
sales,low,2,159,3,False,False,0.48,0.37,True
sales,low,2,148,3,False,False,0.49,0.46,True
sales,low,4,228,5,False,False,0.91,0.87,True
sales,low,6,298,4,False,False,0.84,0.11,True
sales,low,5,261,5,False,False,0.87,0.79,True
sales,low,5,254,6,False,False,0.92,0.79,True
sales,low,7,192,3,False,False,0.59,0.19,True
sales,low,4,248,5,False,False,0.98,0.87,True
sales,low,2,258,5,False,False,0.92,0.6,True
sales,medium,2,156,3,False,False,0.45,0.44,True
sales,medium,6,266,4,True,False,0.81,0.11,True
sales,medium,2,156,3,False,False,0.54,0.42,True
accounting,medium,5,232,5,True,False,0.88,0.88,True
accounting,medium,6,287,4,False,False,0.84,0.11,True
accounting,medium,2,154,3,False,False,0.46,0.46,True
hr,medium,5,263,5,False,False,0.97,0.82,True
hr,medium,2,131,3,False,False,0.56,0.44,True
hr,medium,6,260,4,False,False,0.78,0.11,True
hr,medium,2,139,3,False,False,0.5,0.42,True
engineering,medium,4,251,5,False,False,0.93,0.84,True
engineering,medium,6,286,4,False,False,0.95,0.11,True
engineering,high,2,129,3,False,False,0.53,0.45,True
engineering,low,2,156,3,False,False,0.56,0.38,True
engineering,medium,6,139,6,False,False,0.86,0.38,True
engineering,medium,2,127,3,False,False,0.51,0.44,True
engineering,medium,6,251,4,False,False,0.84,0.11,True
engineering,medium,5,270,5,False,False,0.93,0.81,True
engineering,low,6,296,4,False,False,0.96,0.09,True
engineering,low,6,254,4,False,False,0.9,0.11,True
engineering,low,5,238,6,False,False,0.95,0.81,True
support,low,6,267,4,True,False,0.97,0.1,True
support,low,5,229,6,False,False,0.89,0.74,True
support,low,6,254,4,False,False,0.78,0.09,True
support,low,4,233,4,True,False,0.81,0.82,True
support,low,6,268,4,False,False,0.98,0.1,True
support,low,3,301,3,False,False,0.56,0.27,True
support,low,5,267,6,False,False,0.92,0.83,True
support,low,6,289,4,True,False,0.93,0.1,True
support,low,2,144,3,False,False,0.47,0.38,True
support,low,2,148,3,False,False,0.56,0.4,True
support,low,6,306,4,False,False,0.83,0.11,True
engineering,low,6,292,4,False,True,0.79,0.11,True
engineering,low,5,232,5,False,False,0.91,0.82,True
engineering,low,2,137,3,False,False,0.48,0.36,True
management,low,2,128,3,False,False,0.46,0.4,True
IT,low,5,231,5,False,False,0.84,0.87,True
IT,low,2,146,3,False,False,0.49,0.41,True
IT,low,6,308,4,True,False,0.91,0.11,True
IT,medium,6,253,4,False,False,0.93,0.1,True
IT,medium,2,146,3,False,False,0.51,0.38,True
product_management,medium,2,156,3,False,False,0.55,0.39,True
product_management,medium,2,147,3,False,False,0.52,0.4,True
product_management,medium,2,136,3,False,False,0.48,0.45,True
product_management,medium,5,249,5,False,False,0.84,0.74,True
IT,medium,2,151,3,False,False,0.55,0.45,True
r&d,medium,3,278,4,False,False,1.0,0.12,True
r&d,medium,7,250,5,False,False,0.77,0.1,True
r&d,medium,2,127,3,False,False,0.55,0.37,True
r&d,medium,5,255,5,False,False,0.87,0.89,True
r&d,medium,2,135,3,False,False,0.47,0.45,True
marketing,high,2,149,3,False,False,0.46,0.37,True
sales,low,5,287,4,False,False,0.81,0.11,True
accounting,medium,2,145,3,False,False,0.48,0.41,True
support,medium,6,285,4,False,False,0.94,0.1,True
engineering,medium,7,305,4,False,False,0.93,0.1,True
management,medium,7,300,4,False,False,0.95,0.11,True
marketing,low,2,139,3,False,False,0.54,0.4,True
marketing,low,2,130,3,False,False,0.49,0.41,True
marketing,low,6,268,4,False,False,0.81,0.1,True
sales,low,4,245,6,False,False,0.86,0.73,True
sales,low,2,135,3,False,False,0.47,0.43,True
sales,low,2,153,3,False,False,0.46,0.37,True
sales,low,6,276,4,False,False,0.94,0.11,True
sales,low,2,130,3,False,False,0.46,0.4,True
sales,low,2,153,3,True,False,0.54,0.41,True
sales,low,5,244,5,False,False,0.84,0.82,True
sales,low,2,253,3,False,False,0.47,0.61,True
sales,low,7,287,4,False,False,0.91,0.11,True
sales,low,2,131,3,False,False,0.45,0.37,True
sales,low,2,135,3,False,False,0.52,0.41,True
sales,low,2,157,3,False,False,0.52,0.37,True
sales,low,5,262,6,False,False,0.99,0.88,True
sales,low,6,266,4,False,False,0.85,0.1,True
sales,low,2,148,3,False,False,0.48,0.44,True
sales,low,2,140,3,False,False,0.57,0.38,True
sales,low,7,302,4,False,False,0.85,0.11,True
sales,low,6,271,4,False,False,0.98,0.09,True
sales,medium,2,145,3,False,False,0.52,0.45,True
accounting,medium,6,290,4,False,False,0.81,0.1,True
accounting,medium,2,151,3,False,False,0.47,0.45,True
accounting,medium,5,266,5,False,False,0.87,0.77,True
hr,medium,2,140,3,False,False,0.51,0.44,True
hr,medium,2,142,3,False,False,0.5,0.39,True
hr,medium,6,246,4,False,False,0.91,0.1,True
hr,medium,7,308,5,False,False,0.89,0.09,True
engineering,medium,2,141,3,False,False,0.47,0.37,True
engineering,medium,5,232,5,False,False,1.0,0.9,True
engineering,medium,2,143,3,False,False,0.56,0.41,True
engineering,medium,2,155,3,False,False,0.52,0.37,True
engineering,high,6,278,4,False,False,0.86,0.1,True
engineering,low,4,253,5,False,False,1.0,0.81,True
engineering,medium,6,282,4,False,False,0.8,0.11,True
engineering,medium,7,264,4,False,False,0.84,0.11,True
engineering,medium,2,149,3,False,False,0.46,0.4,True
engineering,medium,6,304,5,False,False,0.8,0.09,True
engineering,low,3,219,6,False,False,0.93,0.48,True
support,low,4,262,6,False,False,0.91,0.91,True
support,low,2,135,3,False,False,0.57,0.43,True
support,low,6,219,5,False,False,0.88,0.33,True
support,low,2,136,3,False,False,0.57,0.41,True
support,low,2,154,3,False,False,0.55,0.41,True
support,low,2,149,3,False,False,0.54,0.37,True
support,low,6,135,5,False,False,0.62,0.31,True
support,low,6,275,4,False,False,0.91,0.09,True
support,low,6,290,4,False,False,0.87,0.1,True
support,low,4,263,5,False,False,0.9,0.76,True
support,low,2,145,3,False,False,0.54,0.41,True
engineering,low,5,267,5,False,False,0.96,0.72,True
engineering,low,2,141,3,True,False,0.5,0.4,True
engineering,low,4,235,5,False,False,0.87,0.91,True
management,low,6,258,4,False,False,0.83,0.1,True
IT,low,2,131,3,False,False,0.56,0.4,True
IT,low,5,243,5,False,False,0.86,0.82,True
IT,low,6,266,4,False,False,0.82,0.1,True
IT,low,2,142,3,False,False,0.45,0.37,True
IT,low,2,135,3,False,False,0.51,0.36,True
product_management,medium,2,141,3,False,False,0.48,0.39,True
product_management,medium,2,142,3,False,False,0.57,0.36,True
product_management,medium,5,254,5,False,False,0.84,0.86,True
product_management,medium,5,262,5,False,False,0.99,0.73,True
IT,medium,4,296,2,False,False,0.71,0.56,True
accounting,medium,2,158,3,False,False,0.56,0.44,True
accounting,medium,4,238,2,False,False,0.56,0.31,True
hr,medium,4,231,5,False,False,0.93,0.77,True
hr,medium,2,156,3,False,False,0.45,0.44,True
hr,medium,2,145,3,False,False,0.46,0.38,True
marketing,medium,2,144,3,False,False,0.48,0.45,True
sales,medium,2,159,3,False,False,0.51,0.38,True
accounting,high,2,156,3,False,False,0.48,0.36,True
support,low,5,256,5,False,False,0.9,0.75,True
engineering,medium,6,298,4,False,False,0.93,0.1,True
management,medium,6,247,4,False,False,0.97,0.1,True
marketing,medium,2,157,3,False,False,0.5,0.45,True
marketing,medium,2,154,3,True,False,0.57,0.42,True
marketing,low,4,253,5,False,False,1.0,0.78,True
sales,low,2,148,3,False,False,0.55,0.45,True
sales,low,4,261,5,False,False,1.0,0.84,True
sales,low,6,282,4,False,False,0.93,0.11,True
sales,low,2,133,3,False,False,0.56,0.42,True
sales,low,2,128,3,False,False,0.46,0.45,True
sales,low,2,139,3,False,False,0.57,0.46,True
sales,low,6,293,5,False,False,0.79,0.09,True
sales,low,4,265,6,False,False,0.83,0.87,True
sales,low,6,250,4,False,False,0.87,0.1,True
sales,low,5,251,6,False,False,1.0,0.91,True
sales,low,4,246,5,False,False,0.92,0.76,True
sales,low,5,275,5,False,False,1.0,0.74,True
sales,low,5,240,5,False,False,0.93,0.92,True
sales,low,5,245,5,False,False,0.87,0.76,True
sales,low,4,254,4,False,False,0.5,0.47,True
sales,low,5,241,5,False,False,0.99,0.73,True
sales,low,6,257,4,False,False,0.94,0.09,True
sales,low,4,246,5,False,False,0.92,0.91,True
sales,low,4,233,5,False,False,0.98,0.82,True
accounting,low,6,218,4,False,False,0.45,0.28,True
accounting,medium,4,262,6,False,False,0.99,0.84,True
accounting,medium,2,138,3,False,False,0.53,0.45,True
hr,medium,2,142,3,False,False,0.54,0.45,True
hr,medium,5,233,5,False,False,0.97,0.91,True
hr,medium,2,155,3,False,False,0.48,0.42,True
hr,medium,4,229,6,False,False,1.0,0.82,True
engineering,medium,6,264,4,False,False,0.9,0.11,True
engineering,medium,3,199,4,False,False,0.53,0.42,True
engineering,medium,4,223,5,False,False,0.85,0.82,True
engineering,medium,6,268,4,False,False,0.96,0.09,True
engineering,medium,6,287,4,False,False,0.94,0.1,True
engineering,medium,5,257,5,False,False,1.0,0.86,True
engineering,high,2,143,3,False,False,0.46,0.4,True
engineering,low,2,130,3,False,False,0.46,0.45,True
engineering,medium,2,136,3,False,False,0.51,0.42,True
engineering,medium,4,261,5,False,False,0.92,0.74,True
engineering,medium,3,180,4,False,False,0.6,0.55,True
support,medium,2,126,3,False,False,0.45,0.37,True
support,low,2,127,3,True,False,0.52,0.41,True
support,low,5,195,6,False,False,0.65,0.89,True
support,low,2,160,3,False,False,0.57,0.41,True
support,low,2,150,3,False,False,0.51,0.44,True
support,low,4,264,6,False,False,0.84,0.87,True
support,low,6,309,4,False,False,0.84,0.1,True
support,low,2,135,3,False,False,0.47,0.41,True
support,low,6,261,4,False,False,0.85,0.11,True
support,low,2,160,3,False,False,0.53,0.43,True
support,low,4,237,5,False,False,0.9,0.77,True
engineering,low,2,136,3,False,False,0.52,0.41,True
engineering,low,2,139,3,False,False,0.48,0.41,True
engineering,low,2,151,4,False,False,0.78,0.36,True
management,low,5,229,5,False,False,1.0,0.77,True
IT,low,5,245,5,False,False,0.98,0.81,True
IT,low,2,127,3,False,False,0.54,0.39,True
IT,low,6,283,5,False,False,0.94,0.09,True
IT,low,2,143,3,False,False,0.46,0.44,True
IT,low,5,298,4,False,False,0.84,0.1,True
product_management,low,2,159,3,False,False,0.48,0.36,True
product_management,low,5,239,5,False,False,0.92,0.81,True
product_management,medium,4,226,5,False,False,0.9,0.81,True
product_management,medium,5,248,5,False,False,0.98,0.85,True
IT,medium,6,286,4,False,False,0.87,0.1,True
r&d,medium,2,145,3,False,False,0.54,0.37,True
r&d,medium,7,254,4,True,False,0.97,0.09,True
r&d,medium,2,127,3,False,False,0.53,0.44,True
r&d,medium,5,223,5,False,False,0.93,0.86,True
r&d,medium,4,255,5,False,False,1.0,0.77,True
marketing,medium,2,136,3,False,False,0.48,0.41,True
sales,medium,2,137,3,False,False,0.48,0.4,True
accounting,medium,2,135,3,False,False,0.49,0.43,True
support,medium,2,137,3,False,False,0.5,0.43,True
engineering,high,3,255,5,False,False,0.53,0.8,True
management,low,4,273,5,False,False,0.85,0.8,True
marketing,medium,5,234,5,False,False,0.98,0.82,True
marketing,medium,2,152,3,False,False,0.54,0.37,True
marketing,medium,2,134,3,False,False,0.48,0.37,True
sales,medium,6,292,4,False,False,0.95,0.09,True
sales,low,5,245,5,False,False,0.92,0.9,True
sales,low,2,159,3,False,False,0.52,0.41,True
sales,low,6,260,4,False,False,0.85,0.1,True
sales,low,2,149,3,False,False,0.53,0.44,True
sales,low,5,266,5,False,False,0.85,0.89,True
sales,low,2,149,3,False,False,0.56,0.42,True
sales,low,5,242,5,False,False,1.0,0.87,True
sales,low,2,134,3,False,False,0.57,0.45,True
sales,low,5,271,4,False,False,0.87,0.11,True
sales,low,6,275,4,False,False,0.79,0.09,True
sales,low,5,227,5,False,False,0.83,0.76,True
sales,low,7,277,5,False,False,0.96,0.11,True
sales,low,2,151,3,False,False,0.49,0.37,True
sales,low,6,274,4,False,False,0.79,0.1,True
sales,low,4,242,6,False,False,0.87,0.77,True
sales,low,2,143,3,True,False,0.54,0.42,True
sales,low,2,145,3,False,False,0.52,0.38,True
sales,low,5,172,2,False,False,0.95,0.32,True
accounting,low,2,135,3,False,False,0.49,0.38,True
accounting,low,4,192,4,False,False,1.0,0.19,True
accounting,low,7,276,4,False,False,0.83,0.1,True
hr,medium,4,206,4,False,False,0.88,0.76,True
hr,medium,4,281,6,False,False,0.56,0.53,True
hr,medium,2,151,3,False,False,0.51,0.39,True
hr,medium,6,244,4,False,False,0.83,0.11,True
engineering,medium,6,309,4,False,False,0.94,0.1,True
engineering,medium,5,218,5,False,False,1.0,0.84,True
engineering,medium,4,263,6,False,False,0.99,0.82,True
engineering,medium,6,244,4,False,False,0.82,0.1,True
engineering,medium,7,263,4,False,False,0.49,0.59,True
engineering,medium,2,143,3,False,False,0.48,0.44,True
engineering,medium,2,181,5,False,False,0.95,0.89,True
engineering,medium,5,265,5,False,False,0.84,0.91,True
engineering,high,5,161,5,False,False,0.57,0.66,True
engineering,low,7,282,5,False,False,0.87,0.11,True
engineering,medium,2,155,3,False,False,0.51,0.43,True
support,medium,4,217,6,False,False,0.83,0.78,True
support,medium,6,289,5,False,False,0.97,0.11,True
support,medium,4,259,5,False,False,0.98,0.83,True
support,low,2,158,3,False,False,0.54,0.39,True
support,low,2,158,3,False,False,0.55,0.38,True
support,low,2,155,3,False,False,0.57,0.37,True
support,low,2,146,3,False,False,0.48,0.44,True
support,low,2,164,5,False,False,0.85,0.53,True
support,low,6,259,4,False,False,0.96,0.09,True
support,low,6,293,4,False,False,0.89,0.11,True
support,low,5,275,5,False,False,0.96,0.83,True
engineering,low,5,219,6,True,False,1.0,0.88,True
engineering,low,6,247,4,False,False,0.89,0.1,True
engineering,low,7,309,4,False,False,0.86,0.09,True
management,low,2,151,3,False,False,0.54,0.44,True
IT,low,2,129,3,False,False,0.51,0.39,True
IT,low,4,274,5,False,False,0.94,0.87,True
IT,low,4,233,5,False,False,0.99,0.74,True
IT,low,7,289,4,False,False,0.95,0.1,True
IT,low,4,239,6,False,False,0.82,0.74,True
product_management,low,5,221,5,False,False,0.99,0.75,True
product_management,low,2,150,3,False,False,0.56,0.41,True
product_management,low,2,144,3,True,False,0.45,0.41,True
product_management,low,7,289,4,False,False,0.9,0.09,True
IT,medium,6,301,5,False,False,0.8,0.09,True
accounting,medium,2,145,3,False,False,0.57,0.39,True
accounting,medium,2,137,3,False,False,0.56,0.4,True
hr,medium,2,131,3,True,False,0.54,0.37,True
hr,medium,6,246,4,False,False,0.84,0.1,True
hr,medium,2,136,3,False,False,0.51,0.43,True
marketing,medium,5,240,6,True,False,0.85,0.75,True
sales,medium,2,156,3,False,False,0.56,0.37,True
accounting,medium,6,305,4,False,False,0.85,0.11,True
support,medium,2,154,3,True,False,0.45,0.45,True
engineering,medium,5,261,5,True,False,1.0,0.87,True
management,medium,7,244,4,False,False,0.94,0.11,True
marketing,high,2,129,3,False,False,0.54,0.45,True
marketing,low,4,254,5,False,False,0.87,0.81,True
marketing,medium,5,236,5,False,False,0.91,0.77,True
sales,medium,5,237,5,False,False,0.92,0.89,True
sales,medium,2,135,3,False,False,0.49,0.43,True
sales,medium,5,236,5,False,False,1.0,0.78,True
sales,low,2,149,3,False,False,0.47,0.37,True
sales,low,2,141,3,False,False,0.5,0.37,True
sales,low,4,270,5,False,False,0.82,0.85,True
sales,low,2,138,3,False,False,0.47,0.41,True
sales,low,6,298,4,False,False,0.96,0.11,True
sales,low,5,254,5,False,False,0.99,0.75,True
sales,low,5,248,5,False,False,0.85,0.82,True
sales,low,5,257,6,False,False,1.0,0.79,True
sales,low,2,150,3,False,False,0.53,0.43,True
sales,low,7,281,4,False,False,0.9,0.1,True
sales,low,2,141,3,True,False,0.48,0.46,True
sales,low,2,157,3,False,False,0.57,0.43,True
sales,low,2,136,3,False,False,0.55,0.43,True
sales,low,7,296,4,False,False,0.8,0.11,True
sales,low,6,279,4,False,False,0.86,0.09,True
sales,low,2,131,3,False,False,0.53,0.37,True
accounting,low,2,160,3,False,False,0.57,0.4,True
accounting,low,7,291,4,False,False,0.77,0.1,True
accounting,low,2,157,3,False,False,0.53,0.41,True
hr,low,3,294,4,False,False,0.58,0.79,True
hr,low,7,310,4,False,False,0.79,0.11,True
hr,medium,6,282,4,False,False,0.97,0.1,True
hr,medium,2,134,3,False,False,0.51,0.44,True
engineering,medium,4,214,4,False,False,0.46,0.25,True
engineering,medium,2,137,3,False,False,0.52,0.44,True
engineering,medium,4,252,5,False,False,1.0,0.73,True
engineering,medium,5,243,6,False,False,0.97,0.75,True
engineering,medium,2,148,3,False,False,0.47,0.36,True
engineering,medium,2,151,3,False,False,0.49,0.37,True
engineering,medium,2,129,3,False,False,0.49,0.39,True
engineering,medium,2,198,2,False,False,0.78,0.48,True
engineering,medium,4,275,6,False,False,0.72,0.57,True
engineering,medium,5,243,5,False,False,0.96,0.9,True
engineering,high,2,159,3,False,False,0.55,0.39,True
support,low,2,145,3,False,False,0.51,0.44,True
support,medium,5,242,5,False,False,0.88,0.81,True
support,medium,5,242,5,False,False,0.87,0.74,True
support,medium,2,145,3,False,False,0.56,0.44,True
support,medium,2,154,3,False,True,0.56,0.41,True
support,low,2,139,3,False,False,0.51,0.4,True
support,low,2,152,3,False,False,0.57,0.46,True
support,low,2,211,3,False,False,0.83,0.8,True
support,low,5,258,5,False,False,0.9,0.87,True
support,low,2,155,3,False,False,0.54,0.39,True
support,low,2,148,3,False,False,0.55,0.38,True
engineering,low,2,255,3,False,False,0.67,0.66,True
engineering,low,6,264,4,False,False,0.8,0.1,True
engineering,low,2,132,3,False,False,0.54,0.37,True
management,low,6,255,4,False,False,0.77,0.1,True
IT,low,5,263,4,False,False,0.87,0.09,True
IT,low,5,222,5,False,False,0.84,0.86,True
IT,low,6,263,4,False,False,0.9,0.11,True
IT,low,2,157,3,False,False,0.46,0.37,True
IT,low,7,307,4,False,False,0.92,0.11,True
product_management,low,5,259,6,False,False,0.98,0.77,True
product_management,low,5,222,6,False,False,0.94,0.84,True
product_management,low,7,250,4,False,False,0.84,0.1,True
product_management,low,5,245,5,False,False,0.9,0.83,True
IT,low,6,292,4,False,False,0.79,0.11,True
r&d,low,5,252,5,False,False,0.92,0.86,True
r&d,medium,2,161,3,False,False,0.56,0.38,True
r&d,medium,5,250,4,False,False,0.88,0.11,True
r&d,medium,2,134,3,False,False,0.49,0.45,True
r&d,medium,7,279,4,False,False,0.85,0.1,True
marketing,medium,7,256,4,False,False,0.95,0.09,True
sales,medium,2,127,3,False,False,0.53,0.39,True
accounting,medium,2,138,3,True,False,0.47,0.37,True
support,medium,5,243,5,False,False,0.97,0.81,True
engineering,medium,7,296,4,False,False,0.9,0.09,True
management,medium,7,267,4,False,False,0.88,0.1,True
marketing,medium,2,144,3,False,False,0.49,0.39,True
marketing,medium,4,251,5,False,False,0.95,0.83,True
marketing,high,2,148,3,False,False,0.57,0.45,True
sales,low,2,141,3,False,False,0.51,0.43,True
sales,medium,3,268,2,False,False,0.75,0.8,True
sales,medium,6,247,4,False,False,0.86,0.1,True
sales,medium,2,247,4,False,False,0.55,0.1,True
sales,medium,2,146,3,False,False,0.52,0.36,True
sales,low,2,140,3,False,False,0.5,0.38,True
sales,low,5,263,6,False,False,0.98,0.78,True
sales,low,2,145,3,False,False,0.49,0.44,True
sales,low,2,156,3,True,False,0.46,0.41,True
sales,low,5,244,6,False,False,0.85,0.72,True
sales,low,2,144,3,False,False,0.54,0.46,True
sales,low,7,286,4,False,False,0.9,0.1,True
sales,low,4,141,2,False,False,0.67,0.34,True
sales,low,6,260,5,False,False,0.89,0.11,True
sales,low,2,154,3,False,False,0.56,0.38,True
sales,low,5,225,5,False,False,0.92,0.82,True
sales,low,2,127,3,False,False,0.57,0.39,True
sales,low,2,140,3,False,False,0.53,0.44,True
sales,low,2,147,3,False,False,0.52,0.43,True
accounting,low,4,227,5,False,False,0.83,0.84,True
accounting,low,2,153,3,False,False,0.48,0.43,True
accounting,low,2,128,3,False,False,0.52,0.37,True
hr,low,4,228,5,False,False,0.97,0.74,True
hr,low,5,235,5,False,False,0.97,0.73,True
hr,low,2,148,3,False,False,0.47,0.37,True
hr,low,4,238,3,False,False,0.62,0.58,True
engineering,medium,2,141,3,False,False,0.54,0.4,True
engineering,medium,5,249,4,False,False,0.83,0.51,True
engineering,medium,2,151,3,False,False,0.5,0.46,True
engineering,medium,2,129,3,False,False,0.54,0.45,True
engineering,medium,2,156,3,False,False,0.5,0.46,True
engineering,medium,2,134,3,False,False,0.45,0.39,True
engineering,medium,6,269,4,False,False,0.88,0.09,True
engineering,medium,6,290,4,False,False,0.77,0.09,True
engineering,medium,2,132,3,False,False,0.51,0.37,True
engineering,medium,7,308,4,False,False,0.89,0.1,True
engineering,medium,4,232,5,False,False,1.0,0.77,True
support,medium,5,235,5,False,False,0.86,0.79,True
support,high,2,130,3,False,False,0.55,0.43,True
support,low,2,146,3,False,False,0.53,0.38,True
support,medium,5,221,6,False,False,0.91,0.77,True
support,medium,2,130,3,False,False,0.5,0.44,True
support,medium,2,136,3,False,False,0.46,0.39,True
management,low,6,275,4,False,False,0.79,0.1,True
marketing,low,6,299,4,False,False,0.9,0.1,True
marketing,low,2,147,3,False,False,0.49,0.36,True
marketing,low,7,306,4,False,False,0.97,0.1,True
sales,low,5,242,5,False,False,1.0,0.84,True
sales,low,2,159,3,False,False,0.51,0.38,True
sales,low,2,147,3,False,False,0.49,0.41,True
sales,low,2,154,3,True,False,0.51,0.37,True
sales,low,2,129,3,False,False,0.56,0.43,True
sales,low,2,161,3,False,False,0.53,0.46,True
sales,low,6,269,4,False,False,0.84,0.09,True
sales,low,5,274,5,False,False,0.86,0.78,True
sales,low,2,159,3,False,False,0.53,0.45,True
sales,low,2,135,3,False,False,0.47,0.42,True
sales,low,2,147,3,False,False,0.53,0.46,True
sales,low,2,142,3,False,False,0.49,0.39,True
sales,low,2,130,3,False,False,0.51,0.36,True
sales,medium,2,147,3,False,False,0.53,0.43,True
sales,medium,5,246,5,True,False,0.87,0.85,True
sales,medium,6,281,4,False,False,0.92,0.11,True
sales,medium,6,253,4,False,False,0.9,0.11,True
sales,medium,2,128,3,False,False,0.47,0.38,True
sales,medium,2,129,3,False,False,0.57,0.43,True
accounting,medium,5,223,6,False,False,1.0,0.75,True
accounting,medium,6,269,4,False,False,0.92,0.11,True
accounting,medium,7,269,4,False,False,0.9,0.1,True
hr,medium,7,244,5,False,False,0.81,0.1,True
hr,medium,2,154,3,False,False,0.5,0.37,True
hr,medium,5,140,5,False,False,0.93,0.11,True
hr,high,2,159,3,False,False,0.46,0.45,True
engineering,low,2,158,3,False,False,0.48,0.44,True
engineering,medium,2,133,3,False,False,0.56,0.44,True
engineering,medium,6,247,4,False,False,0.77,0.11,True
engineering,medium,5,268,5,False,False,0.93,0.79,True
engineering,medium,5,267,5,False,False,0.9,0.8,True
engineering,low,7,251,5,False,False,0.87,0.1,True
engineering,low,6,279,4,False,False,0.93,0.09,True
engineering,low,6,161,4,False,False,0.84,0.7,True
engineering,low,4,256,5,False,False,0.84,0.72,True
engineering,low,6,304,4,False,False,0.8,0.11,True
engineering,low,2,137,3,False,False,0.51,0.39,True
support,low,2,144,3,False,False,0.49,0.4,True
support,low,2,142,3,False,False,0.54,0.43,True
support,low,5,262,5,False,False,0.87,0.76,True
support,low,2,142,3,False,False,0.48,0.4,True
support,low,6,282,4,False,False,0.89,0.09,True
support,low,2,157,3,False,False,0.54,0.37,True
support,low,5,228,5,False,False,0.91,0.87,True
support,low,6,283,4,False,False,0.86,0.1,True
support,low,6,286,4,False,False,0.86,0.11,True
support,low,2,148,3,False,False,0.5,0.43,True
support,low,6,245,4,False,False,0.81,0.1,True
engineering,low,6,279,4,False,False,0.95,0.11,True
engineering,low,5,245,5,False,False,0.87,0.85,True
engineering,low,2,138,3,False,False,0.49,0.37,True
management,low,2,141,3,False,False,0.52,0.44,True
IT,medium,7,302,5,False,False,0.83,0.1,True
IT,medium,6,268,4,False,False,0.89,0.11,True
IT,medium,5,240,5,False,False,0.88,0.87,True
IT,medium,2,127,3,False,False,0.49,0.39,True
IT,medium,7,264,4,False,False,0.94,0.1,True
product_management,medium,2,155,3,False,False,0.53,0.44,True
product_management,medium,2,143,3,False,False,0.49,0.4,True
product_management,medium,5,217,6,False,False,0.98,0.76,True
product_management,medium,2,147,3,False,False,0.55,0.46,True
IT,medium,4,271,5,False,False,0.92,0.9,True
r&d,medium,4,273,5,False,False,0.87,0.85,True
r&d,medium,5,285,4,True,False,0.78,0.1,True
r&d,high,2,131,3,False,False,0.49,0.43,True
r&d,low,5,135,6,False,False,0.5,0.2,True
r&d,medium,5,239,5,False,False,0.92,0.81,True
marketing,medium,5,237,5,False,False,0.85,0.83,True
sales,medium,4,277,5,True,False,0.75,0.14,True
accounting,medium,5,303,5,False,False,0.84,0.1,True
support,low,4,242,6,False,False,0.98,0.91,True
engineering,low,2,158,3,False,False,0.57,0.37,True
management,low,2,147,3,True,False,0.57,0.42,True
marketing,low,2,282,5,False,False,0.68,0.39,True
marketing,low,2,154,3,False,False,0.54,0.39,True
marketing,low,2,149,3,False,False,0.52,0.44,True
sales,low,2,149,3,False,False,0.45,0.37,True
sales,low,2,146,3,False,False,0.53,0.39,True
sales,low,4,258,5,False,False,0.94,0.72,True
sales,low,2,148,3,False,False,0.49,0.37,True
sales,low,5,236,5,False,False,0.94,0.82,True
sales,low,2,134,3,False,False,0.52,0.42,True
sales,low,2,155,5,False,False,1.0,0.59,True
sales,low,5,257,5,False,False,0.86,0.82,True
sales,low,6,189,2,False,False,0.97,0.73,True
sales,low,3,164,3,False,False,0.66,0.78,True
sales,low,6,271,4,False,False,0.95,0.09,True
sales,low,6,280,4,False,False,0.97,0.1,True
sales,low,2,149,3,False,False,0.46,0.45,True
sales,low,5,219,5,False,False,0.81,0.83,True
sales,low,2,128,3,False,False,0.51,0.43,True
sales,medium,2,128,3,False,False,0.47,0.4,True
sales,medium,2,157,3,False,False,0.46,0.43,True
sales,medium,4,225,5,False,False,0.93,0.78,True
sales,medium,2,140,3,False,False,0.45,0.39,True
accounting,medium,6,310,4,False,False,0.97,0.11,True
accounting,medium,2,143,3,False,False,0.52,0.36,True
accounting,medium,2,153,3,False,False,0.54,0.36,True
hr,medium,7,310,4,False,False,0.79,0.1,True
hr,medium,2,136,3,False,False,0.47,0.4,True
hr,medium,4,251,6,False,False,0.85,0.81,True
hr,medium,2,144,3,False,False,0.47,0.4,True
engineering,medium,6,296,4,False,False,0.93,0.09,True
engineering,high,5,238,5,False,False,0.89,0.76,True
engineering,low,5,162,4,False,False,0.93,0.73,True
engineering,medium,2,137,3,False,False,0.49,0.38,True
engineering,medium,5,257,5,False,False,0.84,0.72,True
engineering,medium,2,148,3,False,False,0.56,0.4,True
engineering,medium,5,254,5,False,False,0.99,0.91,True
engineering,low,4,247,6,False,False,0.85,0.85,True
engineering,low,5,206,4,False,False,0.7,0.9,True
engineering,low,2,145,3,False,False,0.55,0.46,True
engineering,low,2,159,3,True,False,0.57,0.43,True
support,low,5,228,5,True,False,0.88,0.89,True
support,low,6,257,4,False,False,0.81,0.09,True
support,low,2,155,3,False,False,0.48,0.4,True
support,low,6,293,6,False,False,0.83,0.76,True
support,low,2,151,3,False,False,0.57,0.4,True
support,low,2,160,3,False,False,0.48,0.37,True
support,low,2,143,3,False,False,0.53,0.37,True
support,low,6,280,4,False,False,0.96,0.11,True
support,low,2,158,3,False,False,0.52,0.37,True
